target_variable,country,feature_variable,importance_mean,importance_std
Q47,276,Q260,0.0008524590163934552,0.003249707985144625
Q47,276,Q262,0.014098360655737718,0.013464197002188184
Q47,276,Q263,-0.001508196721311469,0.0014306507691325468
Q47,276,Q264,-0.0013114754098360515,0.0015927813510152459
Q47,276,Q265,0.00039344262295082713,0.0031747458195174345
Q47,276,Q266,4.4322184811207424e-18,0.0004147249390384743
Q47,276,Q267,0.0003934426229508325,0.004563859053457133
Q47,276,Q268,-0.0010491803278688363,0.002853777724195287
Q47,276,Q269,-0.00032786885245901455,0.0006557377049180291
Q47,276,Q270,-0.0034098360655737585,0.004045428672835986
Q47,276,Q271,-0.00026229508196721086,0.0020569688054240223
Q47,276,Q272,-0.0013114754098360636,0.0026229508196721272
Q47,276,Q273,-0.0009836065573770357,0.0036861558878833276
Q47,276,Q274,-0.0024918032786885092,0.004983606557377052
Q47,276,Q275,2.1163626406917045e-17,0.005754075008125991
Q47,276,Q276,-0.0015737704918032647,0.005634767490869727
Q47,276,Q277,0.0003278688524590301,0.004509835767619524
Q47,276,Q278,0.0035409836065573965,0.005623309265447432
Q47,276,Q279,-0.0038688524590163795,0.004376281629760943
Q47,276,Q280,-0.0020327868852458887,0.005089470927719933
Q47,276,Q281,-0.0033442622950819513,0.0026989004101320192
Q47,276,Q282,-0.002295081967213099,0.010164992012666612
Q47,276,Q283,0.0007213114754098538,0.0065488469108177915
Q47,276,Q284,-0.00045901639344260827,0.0047630215861862064
Q47,276,Q285,-0.001508196721311461,0.0019954261055348103
Q47,276,Q286,0.0003278688524590342,0.007733813970304543
Q47,276,Q287,-0.004393442622950805,0.004282926109588964
Q47,276,Q288,-0.0020327868852458826,0.005792803364028278
Q47,276,Q289CS9,-0.0031475409836065416,0.008968516703280863
Q47,276,Q1,-0.0013114754098360558,0.0014808642348375252
Q47,276,Q2,-0.0036721311475409676,0.006301226509395539
Q47,276,Q3,-0.0007213114754098249,0.004693909552307745
Q47,276,Q4,-0.002950819672131129,0.0044231926436826404
Q47,276,Q5,0.000459016393442635,0.005684909325034298
Q47,276,Q6,-0.0013114754098360526,0.0065278021585546565
Q47,276,Q7,-0.0004590163934426085,0.002966080754858668
Q47,276,Q8,-0.0006557377049180268,0.0022237147485656625
Q47,276,Q9,-0.001377049180327853,0.004629341008451878
Q47,276,Q10,-0.0025573770491803148,0.0027618937296593855
Q47,276,Q11,-0.00013114754098359616,0.0025021356102739602
Q47,276,Q12,0.0009180327868852499,0.0013971984100106631
Q47,276,Q13,-6.557377049179244e-05,0.003484676788350537
Q47,276,Q14,-0.002032786885245895,0.0015710358755030686
Q47,276,Q15,-0.000459016393442624,0.0009411606619283535
Q47,276,Q16,6.557377049180357e-05,0.00013114754098360716
Q47,276,Q17,-0.0007868852459016395,0.0008190161309374996
Q47,276,Q18,-0.00013114754098359277,0.0028173837454348585
Q47,276,Q19,0.0,0.0
Q47,276,Q20,-6.557377049180247e-05,0.00013114754098360494
Q47,276,Q21,0.00013114754098360714,0.00026229508196721433
Q47,276,Q22,0.0,0.0
Q47,276,Q23,0.0,0.0
Q47,276,Q24,-0.0006557377049180235,0.0018430779439416675
Q47,276,Q25,0.0,0.0
Q47,276,Q26,0.00013114754098360714,0.00026229508196721433
Q47,276,Q27,-0.0013114754098360547,0.004858657981073505
Q47,276,Q28,-0.000983606557377038,0.0026392933504915464
Q47,276,Q29,0.0010491803278688695,0.005703033417746592
Q47,276,Q30,-0.001114754098360645,0.003016393442622957
Q47,276,Q31,-0.0005245901639344108,0.0043328337145394896
Q47,276,Q32,-0.0025573770491803148,0.0063216651829482145
Q47,276,Q33,-0.0007213114754098229,0.0048604276616934896
Q47,276,Q34,-0.0025573770491803135,0.004652504072148664
Q47,276,Q35,0.003278688524590183,0.003801016851459524
Q47,276,Q36,0.0007213114754098517,0.0033526093196496226
Q47,276,Q37,0.0007213114754098528,0.007282527417723547
Q47,276,Q38,-0.003147540983606543,0.0030728851183895066
Q47,276,Q39,-0.003278688524590152,0.006077524779401192
Q47,276,Q40,-0.0036065573770491647,0.005066608202513263
Q47,276,Q41,0.0014426229508196883,0.0027712192274249817
Q47,276,Q42,-0.0008524590163934299,0.0006424891128611496
Q47,276,Q43,-0.0032131147540983437,0.002754098360655727
Q47,276,Q44,-0.0005245901639344141,0.001503914090646517
Q47,276,Q45,-0.004327868852459003,0.004001612144889811
Q47,276,Q46,0.006622950819672147,0.008668148082789397
Q47,276,Q48,-0.0016393442622950627,0.0039398869208655245
Q47,276,Q49,0.0053114754098360795,0.013546023751391413
Q47,276,Q50,-0.004786885245901629,0.015476799048510017
Q47,276,Q51,-0.0002622950819672132,0.0003823575013013308
Q47,276,Q52,-0.0014426229508196573,0.0030798737221816104
Q47,276,Q53,-0.0009836065573770336,0.0030263556089742643
Q47,276,Q54,-0.001377049180327865,0.002128876469606291
Q47,276,Q55,0.0,0.0
Q47,276,Q56,-0.000852459016393431,0.0020274917814741404
Q47,276,Q57,-0.002557377049180321,0.006156256117525819
Q47,276,Q58,-0.0018360655737704825,0.0032497079851446253
Q47,276,Q59,-0.00045901639344260735,0.004181324214276675
Q47,276,Q60,0.0014426229508196883,0.003854934677166985
Q47,276,Q61,0.004262295081967229,0.006779833193737897
Q47,276,Q62,1.6479873021779667e-17,0.006296447939230328
Q47,276,Q63,-0.0007868852459016207,0.0064502728536959784
Q47,276,Q64,-0.0013114754098360534,0.009929609826343288
Q47,276,Q65,-0.002622950819672115,0.0037036121302145373
Q47,276,Q66,-0.0005901639344262189,0.004511742271939563
Q47,276,Q67,-0.0009836065573770327,0.0024447674599747367
Q47,276,Q68,-0.0005245901639344099,0.005947363852261383
Q47,276,Q69,-0.003016393442622941,0.004680148427555528
Q47,276,Q70,-0.0008524590163934311,0.0031828619277407474
Q47,276,Q71,0.0006557377049180434,0.005159118232857947
Q47,276,Q72,-0.0003934426229508069,0.002430656130209914
Q47,276,Q73,-0.0030819672131147395,0.005405761008662287
Q47,276,Q74,-0.0016393442622950646,0.004733136375768808
Q47,276,Q75,0.00013114754098362825,0.0033410463482903695
Q47,276,Q76,0.0010491803278688673,0.0023860203801521675
Q47,276,Q77,-0.0033442622950819547,0.004296958668958926
Q47,276,Q78,-0.0025573770491803096,0.003803278688524596
Q47,276,Q79,0.0005901639344262433,0.0037635002891230796
Q47,276,Q80,0.0012459016393442791,0.008840064182387109
Q47,276,Q81,-0.0012459016393442438,0.0046153873717423785
Q47,276,Q82,0.0017049180327868996,0.0047485552761263395
Q47,276,Q82_EU,-0.0019016393442622792,0.002950090984708715
Q47,276,Q83,-0.0006557377049180134,0.00556025361985576
Q47,276,Q84,0.002360655737704936,0.006416184856339698
Q47,276,Q85,-0.0008524590163934264,0.006236751612812944
Q47,276,Q86,-0.0019672131147540806,0.0035856322923258563
Q47,276,Q87,-0.0011147540983606396,0.004848026331612998
Q47,276,Q88,-0.0015081967213114544,0.006888679861859093
Q47,276,Q89,-0.002098360655737689,0.0036071534529770735
Q47,276,Q90,-0.0034098360655737485,0.008513485831930491
Q47,276,Q91,-0.00281967213114753,0.005077629031503204
Q47,276,Q92,-0.0031475409836065464,0.0052072345432372024
Q47,276,Q93,0.0007213114754098416,0.0011433177556828048
Q47,276,Q94,-0.00013114754098358694,0.007324328920888245
Q47,276,Q95,0.00045901639344263413,0.003148906807486682
Q47,276,Q96,7.806255641895632e-18,0.0016973349646616138
Q47,276,Q97,-0.0010491803278688528,0.0009814183309570983
Q47,276,Q98,-0.0002622950819672076,0.0002453545827392682
Q47,276,Q99,-0.0006557377049180313,0.0017224820375821262
Q47,276,Q100,0.0009836065573770557,0.0016458885767883492
Q47,276,Q101,0.00026229508196721867,0.0017886139930473216
Q47,276,Q102,0.0,0.0
Q47,276,Q103,0.0015081967213114822,0.00286280392825484
Q47,276,Q104,2.220446049250313e-18,4.440892098500626e-18
Q47,276,Q105,-0.00032786885245901455,0.0005486295255961135
Q47,276,Q106,-0.00019672131147538944,0.004531712142471093
Q47,276,Q107,-0.0036721311475409737,0.011568521542295271
Q47,276,Q108,-0.0004590163934426116,0.0060973029225486275
Q47,276,Q109,0.003606557377049195,0.0026311347734739613
Q47,276,Q110,-0.0030163934426229366,0.009755737567181164
Q47,276,Q111,-0.0029508196721311315,0.0019117875065066507
Q47,276,Q112,0.00019672131147542866,0.007420563828686396
Q47,276,Q113,0.002032786885245915,0.0026748954825404846
Q47,276,Q114,0.0006557377049180514,0.004004834487764591
Q47,276,Q115,-0.000655737704918021,0.0043743160865987955
Q47,276,Q116,-0.0013114754098360539,0.005937957467631097
Q47,276,Q117,0.001508196721311489,0.010439624347507219
Q47,276,Q118,-0.000983606557377037,0.003438717534984112
Q47,276,Q119,0.0002622950819672331,0.007205360959174925
Q47,276,Q120,0.005573770491803294,0.006625871779183818
Q47,276,Q121,0.0009836065573770622,0.011722859005947044
Q47,276,Q122,-0.00019672131147539985,0.005508196721311482
Q47,276,Q123,-0.0009836065573770347,0.004026250867674428
Q47,276,Q124,-0.0029508196721311367,0.004827583559162219
Q47,276,Q125,0.0011803278688524697,0.0017546345128209406
Q47,276,Q126,0.0008524590163934611,0.0052483600796757405
Q47,276,Q127,-0.00026229508196721314,0.00043496718562038205
Q47,276,Q128,-0.001836065573770481,0.0045174569572852055
Q47,276,Q129,-0.0009836065573770414,0.0028582943892070016
Q47,276,Q130,-0.0002622950819672021,0.001800594126917516
Q47,276,Q131,-0.005245901639344248,0.005359427342085922
Q47,276,Q132,-0.0011147540983606518,0.0028401846331419954
Q47,276,Q133,-0.00013114754098358938,0.004987918755603057
Q47,276,Q134,-0.00019672131147540177,0.003093803570383061
Q47,276,Q135,-0.0015737704918032658,0.0034349641583498484
Q47,276,Q136,-0.00045901639344261174,0.002160951744692997
Q47,276,Q137,-0.0040655737704917904,0.006559343967301618
Q47,276,Q138,0.002688524590163951,0.006704577329112802
Q47,276,Q139,0.00019672131147542403,0.002740010808626389
Q47,276,Q140,-0.001049180327868836,0.004429992328932343
Q47,276,Q141,0.00013114754098361603,0.00044474294971313006
Q47,276,Q142,-0.0005245901639344132,0.002716369203568262
Q47,276,Q143,-0.003344262295081954,0.011403804699450952
Q47,276,Q144,0.0,0.0
Q47,276,Q145,0.0003278688524590178,0.001988950936144678
Q47,276,Q146,-0.0011803278688524374,0.005859962127934135
Q47,276,Q147,0.0005245901639344461,0.007318455831241295
Q47,276,Q148,-0.003999999999999987,0.003936611415030469
Q47,276,Q149,-0.0005245901639344197,0.002544735463859977
Q47,276,Q150,-0.0005901639344262132,0.005093693504508444
Q47,276,Q151,-0.0010491803278688393,0.003441217511711984
Q47,276,Q152,-0.0019672131147540793,0.005854088949682794
Q47,276,Q153,0.0035409836065573947,0.009702702449799597
Q47,276,Q154,0.001049180327868867,0.008424124250623858
Q47,276,Q155,-0.0027540983606557197,0.005848945080912201
Q47,276,Q156,-0.0005245901639344107,0.005073393084297624
Q47,276,Q157,-0.0031475409836065433,0.008452659957677121
Q47,276,Q158,-0.002032786885245891,0.005300535181104584
Q47,276,Q159,-0.0032131147540983493,0.008098825233903343
Q47,276,Q160,0.000852459016393458,0.008072767683416339
Q47,276,Q161,0.0016393442622950935,0.005439066584479403
Q47,276,Q162,-0.0005245901639344098,0.00835029895330183
Q47,276,Q163,-0.0036065573770491673,0.007805757975057304
Q47,276,Q164,-0.004655737704918016,0.007469079862396892
Q47,276,Q165,-0.0011147540983606418,0.0052072345432372
Q47,276,Q166,0.0002622950819672298,0.003892674643844165
Q47,276,Q167,0.0009180327868852499,0.0013971984100106631
Q47,276,Q168,0.0006557377049180446,0.0008797644501638515
Q47,276,Q169,-0.003737704918032772,0.009286505425364187
Q47,276,Q170,0.006295081967213134,0.005365040568939753
Q47,276,Q171,-0.0016393442622950685,0.00484979989169852
Q47,276,Q172,0.00026229508196722663,0.002650673171332167
Q47,276,Q173,-0.0006557377049180191,0.0019781118857702764
Q47,276,Q174,0.0020327868852459195,0.000959261563169039
Q47,276,Q175,-0.0019016393442622792,0.005669003212210101
Q47,276,Q176,0.0015737704918032936,0.006419534819945147
Q47,276,Q177,0.001573770491803295,0.004725863015535015
Q47,276,Q178,-0.0030163934426229314,0.005581094513036916
Q47,276,Q179,0.0006557377049180357,0.0013114754098360714
Q47,276,Q180,0.002295081967213131,0.004818668346458722
Q47,276,Q181,-0.0008524590163934388,0.0007923308835143954
Q47,276,Q182,-0.0020983606557376916,0.00872057189024813
Q47,276,Q183,0.00019672131147542468,0.012226651096837826
Q47,276,Q184,-0.004721311475409825,0.009587235085900118
Q47,276,Q185,0.00026229508196723113,0.007734925869378702
Q47,276,Q186,6.557377049181829e-05,0.00742867183809806
Q47,276,Q187,0.0028852459016393663,0.004376281629760946
Q47,276,Q188,-0.0021639344262294946,0.004763021586186207
Q47,276,Q189,0.0,0.0
Q47,276,Q190,-0.001377049180327855,0.006742947981946377
Q47,276,Q191,0.00039344262295082594,0.001003085805952681
Q47,276,Q192,0.0,0.0
Q47,276,Q193,0.0017704918032787043,0.009802346575567014
Q47,276,Q194,4.423544863740858e-18,0.0005865096334425692
Q47,276,Q195,-0.0017049180327868684,0.002957369779352057
Q47,276,Q196,-0.0018360655737704756,0.003404788192982862
Q47,276,Q197,0.0013770491803278859,0.004847139308216743
Q47,276,Q198,0.0004590163934426406,0.0053134989061988025
Q47,276,Q199,0.0026229508196721494,0.00590163934426229
Q47,276,Q200,0.0007213114754098482,0.005989868719564193
Q47,276,Q201,-0.0007213114754098226,0.003466118107908855
Q47,276,Q202,-0.0020327868852458874,0.003113200647991918
Q47,276,Q203,-0.001967213114754086,0.004650655272523838
Q47,276,Q204,-0.003999999999999986,0.0045920370885276385
Q47,276,Q205,-0.0013114754098360484,0.006961328276506341
Q47,276,Q206,-0.0024262295081967124,0.006769042833082725
Q47,276,Q207,-0.0031475409836065394,0.004181324214276692
Q47,276,Q208,-0.00498360655737703,0.006749321882586794
Q47,276,Q209,0.00019672131147542397,0.005608761909598193
Q47,276,Q210,0.00039344262295083483,0.0037290668086853644
Q47,276,Q211,0.00019672131147541617,0.007631953083859162
Q47,276,Q212,-0.0014426229508196554,0.0033666879089818786
Q47,276,Q213,-0.0019016393442622768,0.005444597706136937
Q47,276,Q214,-0.0028196721311475213,0.0030306150841419876
Q47,276,Q215,-0.004327868852458998,0.006029222040116773
Q47,276,Q216,-0.001967213114754085,0.0029544604133950945
Q47,276,Q217,-0.0003934426229508025,0.0026506731713321604
Q47,276,Q218,-0.0022295081967212893,0.004793617542950052
Q47,276,Q219,-0.0010491803278688393,0.0030714854894768173
Q47,276,Q220,-0.0005901639344262145,0.0039908522110696275
Q47,276,Q221,-0.0030163934426229366,0.004266832389507527
Q47,276,Q222,-0.0007868852459016375,0.0017546345128209373
Q47,276,Q223,-0.00183606557377047,0.00691049235550832
Q47,276,Q224,-0.0012459016393442468,0.0025090001927487115
Q47,276,Q225,0.0011803278688524697,0.0033857916441772102
Q47,276,Q226,-0.000590163934426214,0.012905544433684473
Q47,276,Q227,-0.001180327868852441,0.0052483600796757405
Q47,276,Q228,0.0011803278688524745,0.006216033744867716
Q47,276,Q229,-0.0007213114754098272,0.0028158571217814917
Q47,276,Q230,0.0015081967213114932,0.006480201588763517
Q47,276,Q231,0.0,0.00041472493903847783
Q47,276,Q232,-0.0010491803278688404,0.002769667158287599
Q47,276,Q233,0.0032131147540983714,0.006588124633498438
Q47,276,Q234,-0.0003278688524590026,0.0050920048939848365
Q47,276,Q235,0.001311475409836079,0.004198769991759237
Q47,276,Q236,0.0030819672131147677,0.005639344262295089
Q47,276,Q237,0.00249180327868854,0.0032694953081489697
Q47,276,Q238,0.0015737704918032912,0.00161156796425502
Q47,276,Q239,0.00013114754098362283,0.0034047881929828725
Q47,276,Q240,0.001377049180327884,0.006575058129891216
Q47,276,Q241,-0.00314754098360654,0.006015656362586089
Q47,276,Q242,0.000262295081967232,0.004473457810048673
Q47,276,Q243,-0.0020983606557377,0.0019737595991203096
Q47,276,Q244,0.0016393442622950993,0.007266567961807254
Q47,276,Q245,-0.0028852459016393277,0.002517554599403601
Q47,276,Q246,0.0009836065573770637,0.009031581842203894
Q47,276,Q247,0.0006557377049180444,0.01308685557215563
Q47,276,Q248,-0.0020327868852458852,0.003629731804091285
Q47,276,Q249,-0.0006557377049180335,0.000854977364616745
Q47,276,Q250,0.0005901639344262409,0.007981165682006876
Q47,276,Q251,0.003213114754098378,0.012862157598626725
Q47,276,Q252,-0.0010491803278688374,0.006331859779448295
Q47,276,Q253,-0.00144262295081966,0.005090315723298465
Q47,276,Q254,-0.000590163934426217,0.008024150593295594
Q47,276,Q255,-0.0013770491803278527,0.005068305274475961
Q47,276,Q256,-0.0003934426229508026,0.001870864605598306
Q47,276,Q257,-0.00308196721311473,0.007606557377049188
Q47,276,Q258,-0.003868852459016378,0.005316734898524463
Q47,276,Q259,0.0009836065573770637,0.004339774979088349
Q47,566,Q260,-0.0011336032388663986,0.0012648177612804455
Q47,566,Q262,-0.0005668016194332017,0.012150066708924823
Q47,566,Q263,0.0,0.0
Q47,566,Q264,0.0,0.0
Q47,566,Q265,0.0,0.0
Q47,566,Q266,0.0,0.0
Q47,566,Q267,0.0,0.0
Q47,566,Q268,0.0,0.0
Q47,566,Q269,0.0,0.0
Q47,566,Q270,-0.00016194331983806072,0.007658566528146311
Q47,566,Q271,0.0004858299595141656,0.0028443996874899335
Q47,566,Q272,-0.0011336032388664032,0.004460061329204989
Q47,566,Q273,0.0011336032388663986,0.0007850493696220738
Q47,566,Q274,-0.002591093117408916,0.0034789556370754663
Q47,566,Q275,0.0019433198380566896,0.003687545760886088
Q47,566,Q276,0.0033198380566801687,0.005305961109443211
Q47,566,Q277,-0.0003238866396761032,0.0033424724600081756
Q47,566,Q278,0.0005668016194332036,0.002151470486734659
Q47,566,Q279,-0.0035627530364372483,0.0076190846938932735
Q47,566,Q280,-0.0006477732793522238,0.005238810079229757
Q47,566,Q281,0.00016194331983805134,0.005797254192605246
Q47,566,Q282,0.0019433198380566744,0.003171361300010739
Q47,566,Q283,0.0005668016194331951,0.007388414393211608
Q47,566,Q284,-0.0013765182186234837,0.004556050168950668
Q47,566,Q285,-8.097165991903365e-05,0.003669722815748904
Q47,566,Q286,0.00040485829959514125,0.004420192409378512
Q47,566,Q287,0.0011336032388664032,0.002702561824822449
Q47,566,Q288,-0.00032388663967611195,0.004002982054836711
Q47,566,Q289CS9,0.00016194331983805814,0.00457041807017654
Q47,566,Q290,-0.0014574898785425128,0.004289205712760822
Q47,566,Q1,0.0,0.0
Q47,566,Q2,-0.0015384615384615487,0.0029574060514574443
Q47,566,Q3,-0.0029959514170040634,0.007675669199128144
Q47,566,Q4,-0.00016194331983805828,0.004512671997762871
Q47,566,Q5,0.001133603238866392,0.0036697228157488524
Q47,566,Q6,8.097165991902911e-05,0.00016194331983805822
Q47,566,Q7,0.0,0.0
Q47,566,Q8,-0.0017004048582996045,0.0030340071247280014
Q47,566,Q9,0.0017813765182186161,0.002120777466187674
Q47,566,Q10,0.0003238866396761032,0.005790464511346128
Q47,566,Q11,-0.00016194331983805822,0.0004128760739751282
Q47,566,Q12,0.0012955465587044567,0.005722124613459016
Q47,566,Q13,0.00024291497975708509,0.002450647117477132
Q47,566,Q14,-0.0005668016194332038,0.0022263525643510364
Q47,566,Q15,-0.0029149797570850325,0.0038866396761133852
Q47,566,Q16,0.0009716599190283627,0.0028235782630223055
Q47,566,Q17,0.0019433198380566785,0.004393412134818
Q47,566,Q18,-4.440892098500626e-18,8.881784197001253e-18
Q47,566,Q19,-0.002105263157894734,0.0021331076716306807
Q47,566,Q20,0.0009716599190283405,0.004379960594752564
Q47,566,Q21,0.00040485829959514775,0.0006272037807623449
Q47,566,Q22,-8.097165991903133e-05,0.00039667850085557644
Q47,566,Q23,0.00016194331983805378,0.00019833925042778413
Q47,566,Q24,0.0008097165991902954,0.0015148410472769131
Q47,566,Q25,-0.0005668016194332014,0.0043499193582391535
Q47,566,Q26,-8.09716599190291e-05,0.0009016622449927246
Q47,566,Q27,0.007530364372469643,0.00467677055164165
Q47,566,Q28,-0.0011336032388663986,0.004618934638688818
Q47,566,Q29,-0.0008906882591093069,0.003809972584945321
Q47,566,Q30,-8.097165991903348e-05,0.005582935765486065
Q47,566,Q31,0.0013765182186234813,0.0053133699486714045
Q47,566,Q32,-0.0005668016194331973,0.003905151595720667
Q47,566,Q33,-0.0001619433198380471,0.0040856601818762515
Q47,566,Q34,0.0029959514170040413,0.0033148970834751
Q47,566,Q35,-0.001619433198380571,0.004742202579545394
Q47,566,Q36,0.0015384615384615395,0.004793084562574516
Q47,566,Q37,0.0030769230769230795,0.004563239774447068
Q47,566,Q38,0.00331983805668016,0.0026287745879753853
Q47,566,Q39,0.0019433198380566896,0.0019058465256582902
Q47,566,Q40,0.0016194331983805648,0.0054377759968844966
Q47,566,Q41,0.003157894736842106,0.0037052829760802
Q47,566,Q42,-0.00032388663967611645,0.0020063986547957735
Q47,566,Q43,-0.00048582995951417006,0.002338385275820805
Q47,566,Q44,0.00016194331983804716,0.0028119441869126193
Q47,566,Q45,-1.769417945496343e-17,0.002469303754166294
Q47,566,Q46,0.04696356275303642,0.012001846579990923
Q47,566,Q48,0.005344129554655861,0.007532540715502989
Q47,566,Q49,0.011659919028340075,0.010284994616519256
Q47,566,Q50,0.009878542510121447,0.010774404407020223
Q47,566,Q51,0.0017004048582996002,0.003978337974587285
Q47,566,Q52,0.00048582995951417033,0.003731730727709437
Q47,566,Q53,-0.002105263157894737,0.004280024384259936
Q47,566,Q54,-0.0009716599190283271,0.0037944532838413048
Q47,566,Q55,-0.0018623481781376541,0.0013206078081214835
Q47,566,Q56,-0.0017813765182186137,0.004915986797298971
Q47,566,Q57,-0.0008906882591093113,0.0012118728378215345
Q47,566,Q58,0.0038056680161943322,0.004753250241761672
Q47,566,Q59,0.0011336032388663984,0.004710296217732468
Q47,566,Q60,0.0007287449392712533,0.005452225382844517
Q47,566,Q61,0.0026720647773279425,0.0032246652229538483
Q47,566,Q62,-0.0008906882591093023,0.0030662504014188473
Q47,566,Q63,0.00510121457489878,0.004773895699751796
Q47,566,Q64,0.0004048582995951434,0.006053951625107293
Q47,566,Q65,-0.002914979757085019,0.004518479814835228
Q47,566,Q66,0.00024291497975708742,0.0022844916566260656
Q47,566,Q67,-8.097165991903139e-05,0.004123994033440297
Q47,566,Q68,0.005020242914979756,0.007094152587468644
Q47,566,Q69,0.0011336032388664032,0.0022672064777328168
Q47,566,Q70,-0.001133603238866392,0.0031506196693674147
Q47,566,Q71,-0.0027530364372469586,0.002086493720927149
Q47,566,Q72,-0.001862348178137645,0.0028351645991921788
Q47,566,Q73,-0.0007287449392712509,0.00547622296968775
Q47,566,Q74,0.0003238866396761097,0.003150619669367426
Q47,566,Q75,-0.0014574898785425087,0.00428920571276084
Q47,566,Q76,-0.0008906882591093134,0.00537959036174028
Q47,566,Q77,0.0038866396761133614,0.005060566799028276
Q47,566,Q78,0.005263157894736847,0.0059776611579892315
Q47,566,Q79,0.0009716599190283382,0.0026187792111410837
Q47,566,Q80,-0.0019433198380566694,0.0050851233904802015
Q47,566,Q81,-8.097165991902271e-05,0.006184666057952517
Q47,566,Q82,-0.002024291497975701,0.0023745551900591425
Q47,566,Q82_AFRICANUNION,0.00024291497975708064,0.003803082936297151
Q47,566,Q83,0.0006477732793522283,0.003946901249215877
Q47,566,Q84,0.00016194331983806045,0.002631267499477219
Q47,566,Q85,-0.00380566801619433,0.005112127649446054
Q47,566,Q86,8.097165991903123e-05,0.004717250741256547
Q47,566,Q87,-0.00040485829959513876,0.004360457333712163
Q47,566,Q88,-0.0015384615384615395,0.0053183034408657666
Q47,566,Q89,-0.0029959514170040504,0.003544302611860643
Q47,566,Q90,0.00550607287449393,0.002463987701166469
Q47,566,Q91,0.00032388663967611634,0.003362030686967901
Q47,566,Q92,-0.0010526315789473673,0.0029037119153103134
Q47,566,Q93,-0.0004048582995951389,0.0023327708973098146
Q47,566,Q94,0.0006477732793522329,0.0023551481088662416
Q47,566,Q95,0.0028340080971659878,0.0032890843743465506
Q47,566,Q96,0.0022672064777327925,0.0017100171726269616
Q47,566,Q97,0.0003238866396761076,0.0037052829760801766
Q47,566,Q98,-0.0034817813765182183,0.0032246652229538457
Q47,566,Q99,0.00032388663967611867,0.00240746052588156
Q47,566,Q100,0.0006477732793522238,0.0038459407569353516
Q47,566,Q101,0.002995951417004045,0.00804273201090784
Q47,566,Q102,-0.0008906882591093225,0.00185352601494084
Q47,566,Q103,0.0003238866396761231,0.002890132517825864
Q47,566,Q104,0.001214574898785421,0.004056672080931305
Q47,566,Q105,-0.005020242914979754,0.0034695198843123134
Q47,566,Q106,-0.004291497975708507,0.0018393225411499014
Q47,566,Q107,8.097165991902697e-05,0.005379590361740295
Q47,566,Q108,0.0016194331983805598,0.004420192409378534
Q47,566,Q109,-0.0016194331983805685,0.003416198074450048
Q47,566,Q110,0.0024291497975708442,0.00602137407047067
Q47,566,Q111,0.0006477732793522282,0.0018214124500732173
Q47,566,Q112,-0.002348178137651828,0.0027146647148567457
Q47,566,Q113,-0.002591093117408909,0.0024639877011664695
Q47,566,Q114,-0.0009716599190283403,0.0031002736387168764
Q47,566,Q115,-0.0009716599190283317,0.0033542210813292312
Q47,566,Q116,0.0009716599190283403,0.0013930891120716791
Q47,566,Q117,0.0013765182186234726,0.0014619813834225038
Q47,566,Q118,0.00016194331983805828,0.0073439108297154495
Q47,566,Q119,0.0016194331983805641,0.0060431119536988945
Q47,566,Q120,0.004453441295546557,0.006339620771194636
Q47,566,Q121,0.0008097165991902845,0.005662229550460621
Q47,566,Q122,0.0017004048582995978,0.003023182947788594
Q47,566,Q123,0.00024291497975708273,0.0026062310833086548
Q47,566,Q124,-0.0003238866396761164,0.0011278047188003116
Q47,566,Q125,0.0021052631578947394,0.0033129186308467414
Q47,566,Q126,-0.0009716599190283448,0.0019263768831368866
Q47,566,Q127,0.0015384615384615374,0.004051820567837041
Q47,566,Q128,-0.001295546558704452,0.0047102962177324615
Q47,566,Q129,0.0036437246963562653,0.0026977054654182234
Q47,566,Q130,0.0019433198380566876,0.002653598317113197
Q47,566,Q131,0.010283400809716594,0.010333329015266865
Q47,566,Q132,-0.0006477732793522282,0.006526134956958673
Q47,566,Q133,-0.0018623481781376515,0.0031734280068446198
Q47,566,Q134,-0.003724696356275299,0.007056158681468629
Q47,566,Q135,0.0008906882591093044,0.004076020388227736
Q47,566,Q136,0.0034817813765182157,0.005560578044822481
Q47,566,Q137,0.0017813765182186116,0.0052137198484227725
Q47,566,Q138,0.0023481781376518194,0.0023101769421355837
Q47,566,Q139,-0.002186234817813773,0.003003601132144379
Q47,566,Q140,0.0018623481781376583,0.002073886392690809
Q47,566,Q141,-0.0008097165991902911,0.0016194331983805821
Q47,566,Q142,0.002429149797570842,0.005328156721088958
Q47,566,Q143,0.004777327935222677,0.006211112197818651
Q47,566,Q144,-0.000728744939271253,0.0019734506246079438
Q47,566,Q145,0.0011336032388663852,0.003936921710491742
Q47,566,Q146,0.0004858299595141702,0.002628774587975396
Q47,566,Q147,0.0017813765182186317,0.002926204210460355
Q47,566,Q148,0.000242914979757094,0.003478955637075426
Q47,566,Q149,0.002834008097165985,0.0019161392010039176
Q47,566,Q150,-0.0005668016194332082,0.002606231083308695
Q47,566,Q151,-0.0022672064777327972,0.0015061599382784174
Q47,566,Q152,0.0024291497975708507,0.007318870632211627
Q47,566,Q153,0.000566801619433197,0.00444681140655741
Q47,566,Q154,8.097165991902238e-05,0.0051682504930309035
Q47,566,Q155,-0.0011336032388663962,0.003087558860718667
Q47,566,Q156,-0.0019433198380566761,0.002022671416485335
Q47,566,Q157,-0.000971659919028336,0.0016315337392396741
Q47,566,Q158,0.002995951417004055,0.004394904208943144
Q47,566,Q159,0.00048582995951417017,0.005869188752848644
Q47,566,Q160,0.00493927125506073,0.005218747544719684
Q47,566,Q161,-0.0036437246963562835,0.006922958542445052
Q47,566,Q162,0.00024291497975708517,0.003373711199352167
Q47,566,Q163,0.001862348178137645,0.0029262042104603587
Q47,566,Q164,0.00040485829959512325,0.002547713801223025
Q47,566,Q165,0.0,0.0
Q47,566,Q166,4.423544863740858e-18,0.0007681646138060983
Q47,566,Q167,-0.0003238866396761164,0.002912729675887419
Q47,566,Q168,0.0,0.0
Q47,566,Q169,0.0021862348178137638,0.0017850532538501022
Q47,566,Q170,-0.0012955465587044526,0.0038356985529804256
Q47,566,Q171,0.0004858299595141613,0.0017441829334848727
Q47,566,Q172,0.0004048582995951477,0.0015784282339771762
Q47,566,Q173,0.0002429149797570718,0.001943319838056657
Q47,566,Q174,-0.0014574898785425106,0.0069305308264067155
Q47,566,Q175,-0.003724696356275303,0.0025528555093821226
Q47,566,Q176,0.0029959514170040543,0.003837407485367716
Q47,566,Q177,0.002429149797570842,0.0018285975369451287
Q47,566,Q178,-0.00016194331983805584,0.004676770551641659
Q47,566,Q179,-0.0014574898785425104,0.001320607808121464
Q47,566,Q180,-0.0012145748987854143,0.0035664316672947985
Q47,566,Q181,0.001619433198380571,0.002685526146036783
Q47,566,Q182,-0.0004858299595141702,0.000472141853833629
Q47,566,Q183,-8.097165991902689e-05,0.0010983530337045065
Q47,566,Q184,-0.0010526315789473758,0.003777134830669001
Q47,566,Q185,0.0034817813765182296,0.006368512421776738
Q47,566,Q186,-0.001214574898785423,0.006139980116640949
Q47,566,Q187,8.097165991902911e-05,0.00016194331983805822
Q47,566,Q188,0.002348178137651822,0.0027743873196780355
Q47,566,Q189,0.003967611336032386,0.002890132517825863
Q47,566,Q190,0.000728744939271262,0.00344867035450154
Q47,566,Q191,0.000242914979757094,0.004409797183543354
Q47,566,Q192,0.0008906882591093069,0.0014348214693659384
Q47,566,Q193,0.0004858299595141657,0.0035238955703626043
Q47,566,Q194,0.0008906882591093113,0.0021937193820475917
Q47,566,Q195,0.00016194331983805595,0.006571188199278869
Q47,566,Q196,-0.0008906882591093003,0.0030981581327463757
Q47,566,Q197,-0.002105263157894741,0.0062479487364730125
Q47,566,Q198,-0.0015384615384615443,0.0033620306869679055
Q47,566,Q199,0.0010526315789473693,0.005808552691323407
Q47,566,Q200,-0.003724696356275296,0.005330617195346634
Q47,566,Q201,0.0007287449392712555,0.002324323901928338
Q47,566,Q202,0.001781376518218618,0.002151470486734621
Q47,566,Q203,0.002429149797570844,0.0027932288762202782
Q47,566,Q204,-0.00032388663967611645,0.0023662573597089238
Q47,566,Q205,-0.002186234817813768,0.003913537157439552
Q47,566,Q206,0.00024291497975708959,0.004266215343261388
Q47,566,Q207,0.00048582995951418123,0.0027267138850984346
Q47,566,Q208,0.0008906882591093046,0.004363463509411332
Q47,566,Q209,-0.00040485829959514103,0.0027339178973496713
Q47,566,Q210,0.0011336032388663965,0.001004831874169289
Q47,566,Q211,-0.0013765182186234771,0.001785053253850075
Q47,566,Q212,-0.00016194331983805402,0.005519155688405492
Q47,566,Q213,-0.00153846153846154,0.005523905392975098
Q47,566,Q214,0.000161943319838067,0.0049226507379986255
Q47,566,Q215,0.0006477732793522329,0.002948524932151118
Q47,566,Q216,0.00024291497975708734,0.0013930891120716873
Q47,566,Q217,-0.0008097165991902755,0.002862780490633818
Q47,566,Q218,-0.0022672064777327972,0.00290371191531032
Q47,566,Q219,-0.0038056680161943253,0.004304464408097807
Q47,566,Q220,-0.0008906882591093112,0.006747422398704354
Q47,566,Q221,-0.0014574898785425173,0.0033542210813292533
Q47,566,Q222,-0.003886639676113363,0.0062647161567238
Q47,566,Q223,-0.00040485829959514553,0.00377192378910193
Q47,566,Q224,-0.0024291497975708555,0.005533392571099554
Q47,566,Q225,-0.002429149797570849,0.0043754675582530714
Q47,566,Q226,0.0013765182186234858,0.0029706779478290224
Q47,566,Q227,-0.002348178137651824,0.006771671101880206
Q47,566,Q228,8.097165991902662e-05,0.004854249323828957
Q47,566,Q229,0.0034817813765182144,0.004387438764095251
Q47,566,Q230,0.0019433198380566785,0.004710296217732428
Q47,566,Q231,0.00016194331983805828,0.0043649658208724336
Q47,566,Q232,-0.0008097165991902822,0.0029418464979084815
Q47,566,Q233,-0.0011336032388663897,0.004590457581557383
Q47,566,Q234,0.0005668016194332082,0.0017290814983046817
Q47,566,Q234A,-0.0019433198380566785,0.004503946230015683
Q47,566,Q235,-8.097165991903573e-05,0.0033227991139568
Q47,566,Q236,-0.0010526315789473716,0.00421985885693778
Q47,566,Q237,0.00040485829959513686,0.0033483519235846964
Q47,566,Q238,0.0004858299595141724,0.0028328511230017884
Q47,566,Q239,-0.002186234817813757,0.003854455136975505
Q47,566,Q240,-6.591949208711867e-18,0.0034257806965677924
Q47,566,Q241,0.006477732793522273,0.005153004883140832
Q47,566,Q242,-0.00113360323886639,0.004881187651207002
Q47,566,Q243,0.0006477732793522305,0.004808107802203574
Q47,566,Q244,-0.001619433198380569,0.00385785562739164
Q47,566,Q245,-0.0018623481781376515,0.005226280020438852
Q47,566,Q246,0.002267206477732786,0.0058703057361592925
Q47,566,Q247,-0.0009716599190283493,0.006906839874376076
Q47,566,Q248,-0.0007287449392712509,0.008110919493532735
Q47,566,Q249,-0.0026720647773279408,0.005785933630752992
Q47,566,Q250,0.0048582995951416946,0.00563902359400166
Q47,566,Q251,-0.0009716599190283405,0.002618779211141096
Q47,566,Q252,-0.0010526315789473673,0.005459435734749025
Q47,566,Q253,0.0010526315789473695,0.003025350881339171
Q47,566,Q254,-0.0002429149797570895,0.002025910283918531
Q47,566,Q255,0.0012955465587044523,0.0028443996874899383
Q47,566,Q256,0.005668016194331982,0.0028969301732790797
Q47,566,Q257,0.0018623481781376515,0.00682087115421952
Q47,566,Q258,-0.0013765182186234793,0.0029926669817937407
Q47,566,Q259,-0.0001619433198380627,0.0055605780448225
Q47,392,Q260,0.002386950008322705,0.004009315951709661
Q47,392,Q262,0.00641125228874217,0.007907618800632212
Q47,392,Q263,0.0,0.0
Q47,392,Q264,0.0,0.0
Q47,392,Q265,0.0,0.0
Q47,392,Q266,0.0,0.0
Q47,392,Q267,0.0,0.0
Q47,392,Q268,0.0,0.0
Q47,392,Q269,0.0,0.0
Q47,392,Q270,0.004329745325417524,0.006945879588782761
Q47,392,Q271,0.0012722632192198866,0.0038038358747238413
Q47,392,Q272,0.0,0.0
Q47,392,Q273,0.002163624257892699,0.0020495677991367164
Q47,392,Q274,0.0055939632691560884,0.007730868702809497
Q47,392,Q275,0.005441380458303289,0.004093504386034665
Q47,392,Q276,0.004327803362370311,0.005686701322388375
Q47,392,Q277,0.0015716029517838337,0.0051551984295001695
Q47,392,Q278,0.0046249237085945775,0.0031284663671757836
Q47,392,Q279,0.004323364589690957,0.0030603706788409056
Q47,392,Q280,0.002759806913388455,0.00312761138706443
Q47,392,Q281,0.0037291238972424192,0.0045824774577871204
Q47,392,Q282,0.005068246129945077,0.006943905364940865
Q47,392,Q283,0.006191533041114141,0.0069960635705182475
Q47,392,Q284,0.0005970149253731368,0.005070235149690469
Q47,392,Q285,0.003800699106697003,0.002719332066221
Q47,392,Q286,0.0035113466126616053,0.006468833206334004
Q47,392,Q287,0.009391888142928484,0.006416209862549177
Q47,392,Q288,0.0019397436608777705,0.007846204257359959
Q47,392,Q289CS9,0.0010494923153748015,0.004808369988282847
Q47,392,Q1,7.462686567164201e-05,0.00014925373134328402
Q47,392,Q2,0.002244354435998451,0.004865472054520514
Q47,392,Q3,-0.0005210009432391938,0.0020098502100625412
Q47,392,Q4,0.0052219386339677175,0.0033138229819216066
Q47,392,Q5,0.002684625201131892,0.006386618766752647
Q47,392,Q6,-0.0014930921600177529,0.005126791872233466
Q47,392,Q7,0.0016387393885590675,0.003430651319807857
Q47,392,Q8,0.002835266048937476,0.0026134500732391294
Q47,392,Q9,0.0015638350995949668,0.0020170364924242973
Q47,392,Q10,0.0029096154913166574,0.0043415495163080355
Q47,392,Q11,0.0018653942184985895,0.0024412782210672646
Q47,392,Q12,0.0032100649170504355,0.003071625181723337
Q47,392,Q13,-0.00037313432835820896,0.0007826931702762358
Q47,392,Q14,0.002685734894301733,0.004572665754676444
Q47,392,Q15,0.0,0.0
Q47,392,Q16,-0.0014925373134328402,0.0017341716475555648
Q47,392,Q17,0.0,0.0
Q47,392,Q18,0.0,0.0
Q47,392,Q19,0.0017166953337402258,0.0015932300610391602
Q47,392,Q20,0.00037230205848083126,0.002870736981195986
Q47,392,Q21,-8.673617379884036e-20,0.0022758135346234256
Q47,392,Q22,0.002463796260334026,0.0025574537324990587
Q47,392,Q23,-0.00044692892415247197,0.003089407807218833
Q47,392,Q24,0.0005232203295788728,0.00499805586573317
Q47,392,Q25,0.0012675470232480757,0.0014468986219521257
Q47,392,Q26,0.00044776119402985205,0.0005483932259962356
Q47,392,Q27,0.004401875381457033,0.004361147506414801
Q47,392,Q28,0.0002233257504300101,0.002717377364482464
Q47,392,Q29,0.006342173888919722,0.004843239869381772
Q47,392,Q30,0.0037316207068745543,0.002508163474105843
Q47,392,Q31,0.0017153082172779292,0.0009019980537066365
Q47,392,Q32,0.002760361759973373,0.0022219404587009023
Q47,392,Q33,0.0029853520501581356,0.0020837679572024456
Q47,392,Q34,0.00477084836042835,0.0049780319215428975
Q47,392,Q35,0.0025356488930810698,0.004929995811646425
Q47,392,Q36,0.00246102202740943,0.00637880127432759
Q47,392,Q37,0.0038744937024912662,0.00423242883091169
Q47,392,Q38,0.009326138822615557,0.006735073303799074
Q47,392,Q39,0.0025370360095433677,0.005758474954135078
Q47,392,Q40,0.0032089552238806053,0.004669996372287178
Q47,392,Q41,0.0036564389946179923,0.003107854786961116
Q47,392,Q42,0.0079079509515619,0.007499196608762873
Q47,392,Q43,0.0010439438495256081,0.0012352452708756258
Q47,392,Q44,0.002983964933695841,0.002150750515280295
Q47,392,Q45,0.0008938578483049462,0.002590744506000076
Q47,392,Q46,0.04324474282860789,0.009587788441475497
Q47,392,Q48,0.015062975087388342,0.007792559815032072
Q47,392,Q49,0.014981412639405209,0.016938407616105502
Q47,392,Q50,0.00663901681185153,0.006242351147669864
Q47,392,Q51,0.001791044776119407,0.004164419829344401
Q47,392,Q52,0.0046984408810963815,0.007152766470930988
Q47,392,Q53,0.0007398879209898504,0.005046053143552966
Q47,392,Q54,0.003807079842423576,0.006868870669497713
Q47,392,Q55,0.003954946457304562,0.00538470816742659
Q47,392,Q56,0.006190423347944299,0.004394596815481766
Q47,392,Q57,0.0005984020418354384,0.0039026173567258205
Q47,392,Q58,0.0011931975808688966,0.003741793427907274
Q47,392,Q59,0.00194029850746269,0.0033240384255701677
Q47,392,Q60,0.0011934750041613508,0.0012127484265380879
Q47,392,Q61,-7.351717250180155e-05,0.0037710099263789884
Q47,392,Q62,0.003132108971869282,0.002196265609926248
Q47,392,Q63,0.003655606724740619,0.005450757373777918
Q47,392,Q64,0.006187371691727244,0.005785112753575248
Q47,392,Q65,0.0057454363868390465,0.004463524728566815
Q47,392,Q66,0.0023123231426510635,0.002913630122006517
Q47,392,Q67,0.0030599789158297784,0.005811156245669269
Q47,392,Q68,0.003511624035954066,0.005723645371455192
Q47,392,Q69,0.002012705986794656,0.0034240887127999923
Q47,392,Q70,0.0015674416023969385,0.002422566397469012
Q47,392,Q71,0.003802918493036682,0.0044361761568652335
Q47,392,Q72,0.0007451589635465849,0.0019021852089625506
Q47,392,Q73,0.0028352660489374746,0.004610235265411564
Q47,392,Q74,0.0007448815402541221,0.0009996762706728757
Q47,392,Q75,0.0022371414303945,0.0036176730671396533
Q47,392,Q76,0.0012703212561726762,0.004560126110470008
Q47,392,Q77,0.00044748377073739793,0.002835828250405469
Q47,392,Q78,0.003878100205293243,0.004323513036374712
Q47,392,Q79,0.0015654996393497278,0.004041994212574732
Q47,392,Q80,0.005816179326416253,0.0037202306291284648
Q47,392,Q81,0.00119541696720857,0.0034055348675960766
Q47,392,Q82,0.0020154802197192533,0.003675287926309806
Q47,392,Q82_APEC,0.0002998945791488661,0.0011868330572389588
Q47,392,Q83,0.004398546301947518,0.002151941740016394
Q47,392,Q84,0.005968207290684138,0.0037330926616154186
Q47,392,Q85,0.003136825167841096,0.006480166167183481
Q47,392,Q86,0.003132386395161742,0.003645556394614504
Q47,392,Q87,0.004325861399323098,0.003868288722554753
Q47,392,Q88,0.0029828552405260036,0.004011847248316633
Q47,392,Q89,0.0031351606280863435,0.004083889424233429
Q47,392,Q90,0.003584031515286026,0.006604238551217357
Q47,392,Q91,0.0014187427176385768,0.003212634244025276
Q47,392,Q92,5.548465849204015e-07,0.0021497868356108022
Q47,392,Q93,0.004022360317372247,0.004513401787398038
Q47,392,Q94,-0.0011912556178216695,0.005928717075345545
Q47,392,Q95,0.0018651167952061266,0.005412492289687373
Q47,392,Q96,0.001715030793985468,0.001968688728929519
Q47,392,Q97,0.0016390168118515281,0.0017243873123813718
Q47,392,Q98,0.0,0.0
Q47,392,Q99,0.0,0.0
Q47,392,Q100,7.462686567164201e-05,0.00036559548399749033
Q47,392,Q101,0.0,0.0
Q47,392,Q102,0.0,0.0
Q47,392,Q103,0.0,0.0
Q47,392,Q104,0.0,0.0
Q47,392,Q105,3.252606517456513e-20,0.0017816919979572175
Q47,392,Q106,0.001639571658436446,0.0047929582510395285
Q47,392,Q107,0.005365643899461805,0.003748760438037743
Q47,392,Q108,-0.0007440492703767408,0.005837242235967663
Q47,392,Q109,0.006865394218498587,0.010933955649293482
Q47,392,Q110,0.007685457471009271,0.005593764870285842
Q47,392,Q111,0.003135438051378798,0.002855545130872459
Q47,392,Q112,0.00671447594740055,0.003405852060634376
Q47,392,Q113,0.0006721966376296972,0.002154788806026554
Q47,392,Q114,0.00246546080008878,0.004319235447943066
Q47,392,Q115,0.0017161404871553084,0.005897946735744229
Q47,392,Q116,-0.0005210009432391893,0.004178659515876357
Q47,392,Q117,0.0018662264883759685,0.003578573970598938
Q47,392,Q118,0.014541141874271774,0.004556886211390471
Q47,392,Q119,0.004995838650613113,0.0038525972095634835
Q47,392,Q120,0.006563002829717587,0.007121867533839417
Q47,392,Q121,0.007907118681684519,0.0036697240845762168
Q47,392,Q122,-0.00022582256006213781,0.00500836069392633
Q47,392,Q123,0.0026857348943017337,0.003682114734554848
Q47,392,Q124,0.00283387893247518,0.0047936704355373075
Q47,392,Q125,-0.0025370360095433686,0.0020494766604037904
Q47,392,Q126,0.004401597958164578,0.004758166657006159
Q47,392,Q127,0.003871996892859126,0.003999549808695484
Q47,392,Q128,0.0005970149253731402,0.005476818845345913
Q47,392,Q129,0.0010447761194029882,0.0025569912983599797
Q47,392,Q130,0.004998612883537708,0.00524917263221966
Q47,392,Q131,0.00037091494201853763,0.0051259051835690125
Q47,392,Q132,0.005893025578427573,0.00372856580992269
Q47,392,Q133,0.0029850746268656773,0.006122132627460811
Q47,392,Q134,0.004700382844143603,0.004272203733795552
Q47,392,Q135,0.0026108306053376305,0.004927886616192883
Q47,392,Q136,-0.0002222160572601683,0.003374584889082337
Q47,392,Q137,0.004473728014204078,0.003826379243519757
Q47,392,Q138,0.0063413416190423455,0.0034300807723976383
Q47,392,Q139,0.0006716417910447781,0.001165708906851743
Q47,392,Q140,0.003057759529490104,0.002535463522623953
Q47,392,Q142,0.003730233590412259,0.002111944356521191
Q47,392,Q143,0.00104422127281807,0.0032988617529959084
Q47,392,Q144,0.0,0.0
Q47,392,Q145,0.0,0.0
Q47,392,Q146,0.0008974643511069204,0.002375851035793522
Q47,392,Q147,0.005149808577928209,0.0033729572499451724
Q47,392,Q148,0.0019425178938023689,0.0029664323544750393
Q47,392,Q149,0.0011959718137934893,0.0032796350374352545
Q47,392,Q150,0.0014184652943461148,0.0038731048472893663
Q47,392,Q151,0.0028316595461355,0.004202947736903664
Q47,392,Q152,0.0085024690673029,0.0021976690882443573
Q47,392,Q153,0.0008924707318426532,0.005839279217336726
Q47,392,Q154,0.005225267713477229,0.0052166633424245564
Q47,392,Q155,0.005671641791044782,0.004056023355731704
Q47,392,Q156,-0.0003015591189036203,0.0031566206275606768
Q47,392,Q157,0.005515452477390005,0.0022444642366972805
Q47,392,Q158,-0.0007418298840370629,0.006791326471819898
Q47,392,Q159,0.004841313876713097,0.005030272110708896
Q47,392,Q160,0.006195139543916113,0.006036449806054687
Q47,392,Q161,0.0012672695999556205,0.007167949872155873
Q47,392,Q162,-0.0009690395605614985,0.009074391415474479
Q47,392,Q163,-0.0004524773900016564,0.006306969856604007
Q47,392,Q164,0.005739333074404935,0.005441681649570506
Q47,392,Q165,0.0018653942184985895,0.004408767234294936
Q47,392,Q166,0.002085945736004004,0.002060611325480495
Q47,392,Q167,0.004997503190367873,0.005452092224674844
Q47,392,Q168,0.0013427287355046366,0.0037059728393524505
Q47,392,Q169,0.004176330244687353,0.0008969255937273204
Q47,392,Q170,0.0029126671475337125,0.004520506389644655
Q47,392,Q171,0.0005232203295788739,0.0052639771357953944
Q47,392,Q172,0.0013441158519669396,0.0054253600145738445
Q47,392,Q173,0.00313044443211453,0.005096034922736606
Q47,392,Q174,0.0008957998113521624,0.0035679709800987944
Q47,392,Q175,0.0021625145647228582,0.0018033738898812473
Q47,392,Q176,-0.0008220052155578916,0.008496680438689905
Q47,392,Q177,0.001643733007823344,0.005013368276107234
Q47,392,Q178,0.0016426233146535033,0.002009632654372417
Q47,392,Q179,0.0023131554125284423,0.00203581400706338
Q47,392,Q180,0.0010447761194029882,0.0015546766161193821
Q47,392,Q181,0.0023852854685679483,0.0026955356500772544
Q47,392,Q182,0.00268018642845254,0.003594908614576266
Q47,392,Q183,0.00216306941130778,0.002423097143860267
Q47,392,Q184,0.006115796482272657,0.003538015914191864
Q47,392,Q185,0.0030569272596127246,0.002279892130042088
Q47,392,Q186,0.006789657659657111,0.005374406417388339
Q47,392,Q187,0.005143982688786556,0.005072622021138946
Q47,392,Q188,0.007009654330577604,0.0033572790516510306
Q47,392,Q189,0.003283304666259787,0.002457355172242439
Q47,392,Q190,0.0013455029684292321,0.007135574784835079
Q47,392,Q191,0.00022304832713754608,0.0008367959381790957
Q47,392,Q192,0.0005223880597014941,0.0006505819318717443
Q47,392,Q193,0.004776396826277542,0.005315553327151511
Q47,392,Q194,0.0005972923486655957,0.0010175104288062465
Q47,392,Q195,0.013492481828774347,0.010401932763805861
Q47,392,Q196,0.002533706930033852,0.003509060496272693
Q47,392,Q197,0.003060256339122237,0.0034949298610703334
Q47,392,Q198,0.003136825167841097,0.0041079923324697076
Q47,392,Q199,0.002834433779060098,0.0034332289305540483
Q47,392,Q200,-0.00395522388059701,0.005930840742180754
Q47,392,Q201,0.0014148587915441425,0.0043071162051046856
Q47,392,Q202,0.00022221605726016939,0.0013240697358028498
Q47,392,Q203,0.0020140931032569544,0.0012845105881155205
Q47,392,Q204,0.007831659546135497,0.004650492254085973
Q47,392,Q205,0.0048476946124396715,0.001512597528750929
Q47,392,Q206,0.0014181878710536587,0.0034310683449679078
Q47,392,Q207,0.0033551572990068263,0.005110272548966995
Q47,392,Q208,0.007161682294845484,0.00405150148383674
Q47,392,Q209,0.0023123231426510618,0.0015906695358534665
Q47,392,Q210,0.0037299561671197993,0.004655024299094429
Q47,392,Q211,0.004101425955723248,0.005207868150202401
Q47,392,Q212,0.005669699827997568,0.0028182255958726803
Q47,392,Q213,0.0040295733229762,0.007856888653079862
Q47,392,Q214,0.004995838650613109,0.002654367824393159
Q47,392,Q215,0.004103090495478011,0.0031759116329574026
Q47,392,Q216,0.0016423458913610446,0.0018514749177730105
Q47,392,Q217,0.005516839593852307,0.0064500047663239475
Q47,392,Q218,0.0014165233312988992,0.0028842857188568554
Q47,392,Q219,0.0020160350663041724,0.004097418023109396
Q47,392,Q220,0.0014179104477611947,0.005939285895842258
Q47,392,Q221,0.005223603173722469,0.003508640106166082
Q47,392,Q222,0.005001109693169847,0.003340261763915948
Q47,392,Q223,0.007756755257171395,0.010956908744796365
Q47,392,Q224,0.005071852632747049,0.0017299013195613013
Q47,392,Q225,0.00514980857792821,0.003814612298195247
Q47,392,Q226,0.004177717361149649,0.00470513587707349
Q47,392,Q227,0.003506075570104873,0.0027183231241308774
Q47,392,Q228,0.006864007102036297,0.003767561381594613
Q47,392,Q229,0.004700937690728522,0.003309588603976618
Q47,392,Q230,0.007233534927592526,0.004711729250908983
Q47,392,Q231,0.004778061366032295,0.009013754709340061
Q47,392,Q232,0.0014922598901403784,0.002659598867563351
Q47,392,Q233,0.0026097209121677934,0.004376791642213345
Q47,392,Q234,0.0030610886089996146,0.006729484739603464
Q47,392,Q234A,0.0017133662542307073,0.0057241236342933585
Q47,392,Q235,0.0017907673528269497,0.0014043763330870193
Q47,392,Q236,0.0007448815402541232,0.0033784166151758833
Q47,392,Q237,0.0014195749875159558,0.0030604441366812174
Q47,392,Q238,0.0026130499916773085,0.003854941886418129
Q47,392,Q239,-0.0008955223880597019,0.001610972622755441
Q47,392,Q240,0.0037305110137047155,0.006570038874995296
Q47,392,Q241,0.001494756699772517,0.006899024585760302
Q47,392,Q242,0.005665261055318208,0.0022969563690736143
Q47,392,Q243,0.004253453919991125,0.006422415406226695
Q47,392,Q244,0.0035815347056538946,0.00805713242529041
Q47,392,Q245,0.0032821949730899454,0.0031438268492538254
Q47,392,Q246,0.006486988847583646,0.005367995586792977
Q47,392,Q247,0.006489208233923326,0.01028346751718505
Q47,392,Q248,0.002986184320035514,0.005437127475934255
Q47,392,Q249,0.0028330466625978,0.004947436637860918
Q47,392,Q250,0.005892748155135114,0.005280166733684869
Q47,392,Q251,0.005147866614880994,0.0035599729782360735
Q47,392,Q252,0.0019386339677079337,0.004498597310753192
Q47,392,Q253,0.002910447761194035,0.005383489193095958
Q47,392,Q254,0.003282472396382405,0.0030902323131214338
Q47,392,Q255,0.002613049991677307,0.003737580754293513
Q47,392,Q256,0.00074793319647118,0.00424010491147441
Q47,392,Q257,0.00112023525495201,0.00434462419206328
Q47,392,Q258,0.0014156910614215267,0.0018623170844579457
Q47,392,Q259,0.001869555567885485,0.006653989451617631
Q47,76,Q260,0.0010793835793835803,0.003328489879202068
Q47,76,Q262,0.036650155400155406,0.006381180785132804
Q47,76,Q263,0.0,0.0
Q47,76,Q264,0.0,0.0
Q47,76,Q265,0.0,0.0
Q47,76,Q266,0.0,0.0
Q47,76,Q267,0.0,0.0
Q47,76,Q268,0.0,0.0
Q47,76,Q269,0.0,0.0
Q47,76,Q270,0.0012511331261331271,0.001533763049951479
Q47,76,Q271,-0.0003982128982128963,0.002019278095813831
Q47,76,Q272,0.0,0.0
Q47,76,Q273,0.0017650867650867684,0.00207616714495175
Q47,76,Q274,0.0006240287490287443,0.003935681966079422
Q47,76,Q275,0.002165727790727798,0.004535683871231711
Q47,76,Q276,0.002902421652421653,0.004696593847705937
Q47,76,Q277,0.0036425148925149026,0.0020912497729744317
Q47,76,Q278,0.0019353794353794405,0.0034834389730473737
Q47,76,Q279,0.006831779331779338,0.006108216894379813
Q47,76,Q280,0.0006292087542087611,0.0033988749149225605
Q47,76,Q281,0.001078897953897956,0.0027840218202270527
Q47,76,Q282,0.002107290857290864,0.004515594310637708
Q47,76,Q283,0.0031865125615125646,0.004981243617743364
Q47,76,Q284,-0.0013105413105413133,0.0015760854745383772
Q47,76,Q285,-0.0020506345506345557,0.0033353639839516194
Q47,76,Q286,0.0021641090391090433,0.0022465024467291867
Q47,76,Q287,0.001246762496762497,0.004637873525212076
Q47,76,Q288,0.00523374773374774,0.004027170820544396
Q47,76,Q289CS9,-5.390442890442198e-05,0.005541623226954246
Q47,76,Q290,0.0010798692048692093,0.005384716283129122
Q47,76,Q1,0.0009675278425278413,0.0024806198750681003
Q47,76,Q2,0.0034142709142709208,0.003427511154069855
Q47,76,Q3,0.0007975589225589265,0.002702167565301048
Q47,76,Q4,0.0012516187516187515,0.0040294737594704306
Q47,76,Q5,0.0022749935249935247,0.0033582235158032777
Q47,76,Q6,0.0015365190365190429,0.0029139528496974275
Q47,76,Q7,0.0011939911939911904,0.0011839863391789128
Q47,76,Q8,0.006033734783734785,0.003919946853921141
Q47,76,Q9,0.00125097125097125,0.001960947559721277
Q47,76,Q10,-0.00011298886298886312,0.0010584290859804429
Q47,76,Q11,0.0018207718207718256,0.002509453771755083
Q47,76,Q12,-0.0016514504014504016,0.004007935438386038
Q47,76,Q13,0.0010800310800310807,0.0010382843236333471
Q47,76,Q14,-0.0006245143745143701,0.0017113884768607337
Q47,76,Q15,0.0013676832426832487,0.0017941501607619185
Q47,76,Q16,-0.0010795454545454541,0.0031662337413310942
Q47,76,Q17,0.0006249999999999987,0.0015735325214829606
Q47,76,Q18,0.0019917119917119918,0.0020031690182728498
Q47,76,Q19,0.0,0.0
Q47,76,Q20,-0.00028457653457653607,0.00031209287724157526
Q47,76,Q21,0.0,0.0
Q47,76,Q22,-5.698005698005715e-05,0.0001139601139601143
Q47,76,Q23,5.681818181818121e-05,0.00011363636363636242
Q47,76,Q24,0.0005095830095830066,0.004867989755165945
Q47,76,Q25,0.0,0.0
Q47,76,Q26,0.000284252784252782,0.00044011186296407187
Q47,76,Q27,0.001021108521108519,0.003444398759048977
Q47,76,Q28,-0.0009108715358715393,0.005037076141040149
Q47,76,Q29,0.0008542152292152317,0.000951718799854155
Q47,76,Q30,0.0016503172753172721,0.0021669209208525367
Q47,76,Q31,-0.000912490287490293,0.0026926778618851796
Q47,76,Q32,0.002163461538461542,0.002120935788834207
Q47,76,Q33,0.0018787231287231295,0.002208904911419743
Q47,76,Q34,-0.00022921522921522854,0.0030742139158126463
Q47,76,Q35,0.0015964128464128556,0.0026934964901182425
Q47,76,Q36,-0.0007438163688163735,0.0042461490342691555
Q47,76,Q37,-0.00022678710178710253,0.004909262053605854
Q47,76,Q38,0.0018790468790468862,0.000838139129638887
Q47,76,Q39,0.0011387917637917678,0.0021034131037661673
Q47,76,Q40,-5.649443149443158e-05,0.002216928206531061
Q47,76,Q41,-0.0007962639212639233,0.0011571545375730742
Q47,76,Q42,0.00022808210308210346,0.002313728887160408
Q47,76,Q43,0.0017108585858585945,0.0042240634888188605
Q47,76,Q44,0.0003397759647759635,0.0018289873608682756
Q47,76,Q45,0.00034188034188034074,0.00267985479888407
Q47,76,Q46,0.016103017353017356,0.004644144217329434
Q47,76,Q48,0.002610560735560738,0.007050501201940169
Q47,76,Q49,0.0035704804454804425,0.012115145122388008
Q47,76,Q50,-0.0007449494949494939,0.008514204897808506
Q47,76,Q51,0.0018220668220668209,0.0031134470581648753
Q47,76,Q52,-0.00062969437969438,0.0039674967152290375
Q47,76,Q53,0.009390216265216274,0.0034882046804956277
Q47,76,Q54,0.0030147630147630165,0.005788383441774671
Q47,76,Q55,-5.6494431494429344e-05,0.00045499085420446406
Q47,76,Q56,-0.00039902227402227266,0.0010580463224926027
Q47,76,Q57,0.0020486920486920543,0.0017477738064595723
Q47,76,Q58,0.0010193278943278928,0.003959303972118739
Q47,76,Q59,0.000965423465423466,0.0027431380119694636
Q47,76,Q60,0.0017629823879823855,0.002176998888167518
Q47,76,Q61,0.0005701243201243211,0.0018605523385617554
Q47,76,Q62,-0.0017068117068117128,0.0010933435258469407
Q47,76,Q63,0.0034714128464128496,0.0012259110709948954
Q47,76,Q64,0.000623381248381243,0.002099701338184673
Q47,76,Q65,0.0007376651126651091,0.002244946095059613
Q47,76,Q66,-0.0011941530691530733,0.0022289323162212626
Q47,76,Q67,-0.0006245143745143789,0.0032589332424701905
Q47,76,Q68,0.00267061642061642,0.006006798491220816
Q47,76,Q69,0.00045567858067858784,0.0022358962419721665
Q47,76,Q70,0.0002285677285677367,0.003977669739728037
Q47,76,Q71,-0.0010253172753172733,0.0013434742631536056
Q47,76,Q72,0.0011962574462574505,0.001056317482009847
Q47,76,Q73,-0.0005712574462574493,0.0027786086504123344
Q47,76,Q74,0.0014813196063196113,0.002705070174635405
Q47,76,Q75,0.000850977725977722,0.002433587360441027
Q47,76,Q76,-0.0013095700595700632,0.0015025516385379035
Q47,76,Q77,0.005747377622377628,0.002726080674329713
Q47,76,Q78,-5.439005439004767e-05,0.002227094890439337
Q47,76,Q79,0.0033040339290339392,0.0028757520654391594
Q47,76,Q80,0.0015339290339290346,0.0033800950332569762
Q47,76,Q81,0.0022728891478891477,0.0038859486624247598
Q47,76,Q82,0.0008547008547008607,0.0016406815486960597
Q47,76,Q82_MERCOSUR,0.001764601139601143,0.0010997356274747253
Q47,76,Q83,0.0025608650608650607,0.0008236053295277822
Q47,76,Q84,0.0007985301735301774,0.0018558801712856218
Q47,76,Q85,0.0005701243201243222,0.0015178557203770746
Q47,76,Q86,-0.0005133061383061399,0.002451154217676437
Q47,76,Q87,0.0016485366485366458,0.0025475068512127337
Q47,76,Q88,0.001138468013468017,0.0014639393603653648
Q47,76,Q89,0.0019930069930069938,0.0021509566574614072
Q47,76,Q90,0.0022702991452991463,0.010332448748758997
Q47,76,Q91,-0.00011347448847448542,0.0016251898965627374
Q47,76,Q92,0.0019373219373219417,0.0017871884116741257
Q47,76,Q93,0.0005121730121730164,0.004152590421454337
Q47,76,Q94,0.0007405788655788649,0.0023671987409675955
Q47,76,Q95,0.0011389536389536403,0.002363127574584858
Q47,76,Q96,0.001765734265734268,0.0020099108473273673
Q47,76,Q97,-0.0002267871017871014,0.0007501830839943406
Q47,76,Q98,0.0,0.0
Q47,76,Q99,0.0005696386946386977,0.0011537982352597329
Q47,76,Q100,0.0006248381248381285,0.0013964924337443816
Q47,76,Q101,-5.714193214193309e-05,0.0002789459918796422
Q47,76,Q102,0.0021043771043771026,0.0023603814947455765
Q47,76,Q103,5.665630665630527e-05,0.00027854948049816475
Q47,76,Q104,0.00011363636363636242,0.00022727272727272483
Q47,76,Q105,0.0,0.0
Q47,76,Q106,0.003243330743330748,0.002552729494088142
Q47,76,Q107,0.0037529137529137557,0.0032776115421416967
Q47,76,Q108,0.00039578477078477167,0.003171252664645416
Q47,76,Q109,0.0037551800051800156,0.0036794565989525818
Q47,76,Q110,0.0033027389277389295,0.0052811967324918815
Q47,76,Q111,0.0036396011396011437,0.0032103361253266968
Q47,76,Q112,0.0021618427868427903,0.0030025687896499
Q47,76,Q113,0.0019334369334369384,0.005412505764085714
Q47,76,Q114,0.0021072908572908645,0.003243900560741142
Q47,76,Q115,0.000681494431494435,0.0017600961847460714
Q47,76,Q116,0.0019348938098938163,0.0009406982801084916
Q47,76,Q117,0.004268000518000524,0.0019849078223453977
Q47,76,Q118,0.0006274281274281324,0.0023995750358312405
Q47,76,Q119,0.0006324462574462638,0.006017458347462595
Q47,76,Q120,0.0013659026159026154,0.0036540728810452268
Q47,76,Q121,0.0006857031857031881,0.0028788338358936303
Q47,76,Q122,0.003408929033929037,0.0060899033199656154
Q47,76,Q123,-0.0006840844340844365,0.0014116391592701545
Q47,76,Q124,-0.0019400738150738184,0.005186405412146047
Q47,76,Q125,0.0018214193214193242,0.004622225720082791
Q47,76,Q126,-0.0004014504014504015,0.005441884729898794
Q47,76,Q127,0.001987341362341361,0.004408523850278259
Q47,76,Q128,0.0004022597772597846,0.0035514653515929654
Q47,76,Q129,5.6494431494430564e-05,0.0025937964112308235
Q47,76,Q130,0.0016525835275835333,0.0023448289889063324
Q47,76,Q131,-0.0012529137529137524,0.005493034949669707
Q47,76,Q132,0.005460372960372962,0.004051247532100146
Q47,76,Q133,-0.0014826146076146129,0.004995031483578157
Q47,76,Q134,0.002844632219632217,0.003346795478477097
Q47,76,Q135,-0.0010788979538979484,0.003909088558130461
Q47,76,Q136,0.0021038914788914813,0.003595308698398443
Q47,76,Q137,0.0014788914788914796,0.004540809283188734
Q47,76,Q138,-0.0015412134162134173,0.005143677206263547
Q47,76,Q139,0.00022630147630147142,0.002045109654130498
Q47,76,Q140,0.00136590261590262,0.0020568431999410013
Q47,76,Q141,0.00017094017094017146,0.0002279202279202286
Q47,76,Q142,0.0002836052836052849,0.0021915621461464415
Q47,76,Q143,0.001137173012173013,0.004099127938839187
Q47,76,Q144,0.0008551864801864828,0.0034398667519287755
Q47,76,Q145,-0.0009084434084434114,0.0034114200704086894
Q47,76,Q146,0.0014232064232064278,0.0028848811038084546
Q47,76,Q147,-6.070318570318804e-05,0.0030283413884744067
Q47,76,Q148,0.0011399248899248951,0.0026104131647194436
Q47,76,Q149,0.0013073038073038046,0.002827161931970136
Q47,76,Q150,0.00011331261331261715,0.003348954042919743
Q47,76,Q151,0.0023316498316498313,0.0020213775041112007
Q47,76,Q152,0.001306332556332559,0.004510830321979243
Q47,76,Q153,0.005922364672364684,0.004709969552918798
Q47,76,Q154,-0.00011930199430199798,0.004516874250239793
Q47,76,Q155,0.0004024216524216585,0.003420998659420132
Q47,76,Q156,0.000796587671587674,0.0007051874379498107
Q47,76,Q157,0.005572066822066827,0.005975247236961264
Q47,76,Q158,0.0019345700595700655,0.0037965788011513914
Q47,76,Q159,0.00028425278425278535,0.0017279709431264128
Q47,76,Q160,-0.00028247215747215454,0.001677322744938357
Q47,76,Q161,0.0015355477855477895,0.0025251463391397604
Q47,76,Q162,0.002846736596736602,0.0019619035486553543
Q47,76,Q163,0.0038637982387982397,0.0059646543199393725
Q47,76,Q164,-0.0001709401709401725,0.0013522651657914423
Q47,76,Q165,-5.698005698005715e-05,0.0001139601139601143
Q47,76,Q166,0.00022727272727272933,0.002544277325264939
Q47,76,Q167,-0.001024831649831651,0.0015754138182792559
Q47,76,Q168,0.0006274281274281323,0.001466176126819689
Q47,76,Q169,0.0030685055685055625,0.004890982687140566
Q47,76,Q170,0.004495111370111373,0.004144258216987076
Q47,76,Q171,-0.0011965811965811922,0.004446417950546609
Q47,76,Q172,-0.0005710955710955723,0.0036341169821153666
Q47,76,Q173,0.0010797073297073322,0.0018112462796632566
Q47,76,Q174,0.00011428386428386619,0.00042609693836979603
Q47,76,Q175,-0.0005691530691530732,0.002344599498139577
Q47,76,Q176,0.002676767676767682,0.004674121638682973
Q47,76,Q177,0.0006254856254856256,0.0014111795694849414
Q47,76,Q178,0.001021270396270396,0.004418543315496947
Q47,76,Q179,0.0005680199430199361,0.001283242759106335
Q47,76,Q180,0.0031876456876456924,0.002132067742879725
Q47,76,Q181,-0.00022711085211085221,0.0011566285144755974
Q47,76,Q182,0.0011972286972287017,0.0033129459136193784
Q47,76,Q183,-5.665630665633182e-06,0.00504891707531414
Q47,76,Q184,0.0005110398860398857,0.002956837318176637
Q47,76,Q185,0.0010225653975653938,0.0019652984409621694
Q47,76,Q186,-0.0019353794353794372,0.0037913834724841813
Q47,76,Q187,0.0026181688681688672,0.0027090856324581483
Q47,76,Q188,0.0019327894327894341,0.006523599811911162
Q47,76,Q189,-5.584693084692226e-05,0.0013976129363360015
Q47,76,Q190,-0.0010839160839160834,0.002686069166135795
Q47,76,Q191,0.0006240287490287433,0.002570239934716207
Q47,76,Q192,0.00011120823620823115,0.004336464572034388
Q47,76,Q193,0.0010243460243460256,0.0016355036452251706
Q47,76,Q194,0.0013081131831131842,0.0012797222519682577
Q47,76,Q195,-5.341880341880323e-06,0.006463075635617504
Q47,76,Q196,-0.0006288850038850068,0.0026645045020027023
Q47,76,Q197,-0.0016480510230510246,0.003293328522598148
Q47,76,Q198,-0.0009644522144522128,0.00385149666877738
Q47,76,Q199,0.0010249935249935318,0.0032852051673351
Q47,76,Q200,0.0006259712509712501,0.000942504364621004
Q47,76,Q201,0.0020485301735301774,0.0038903012802370025
Q47,76,Q202,0.0002844146594146591,0.0015456812896895756
Q47,76,Q203,-0.0004526029526029484,0.006283751662958311
Q47,76,Q204,0.0010837542087542141,0.003573737052971566
Q47,76,Q205,-0.001989121989121989,0.004495807180090626
Q47,76,Q206,0.005575628075628079,0.004737878272315625
Q47,76,Q207,0.005241841491841502,0.004910169630152235
Q47,76,Q208,0.0010837542087542128,0.003657666911439745
Q47,76,Q209,0.00176379176379177,0.005339472921771341
Q47,76,Q210,0.0022202797202797255,0.0009597505040702164
Q47,76,Q211,0.002390572390572393,0.0014366143465230686
Q47,76,Q212,0.0006810088060088014,0.0026005908319065526
Q47,76,Q213,0.0013074656824656839,0.003450519635350492
Q47,76,Q214,0.0013665501165501183,0.0020007131926568847
Q47,76,Q215,-0.0005693149443149437,0.0013109719205025557
Q47,76,Q216,0.0028464128464128504,0.0028139551618842594
Q47,76,Q217,0.00022711085211085338,0.005029898370295555
Q47,76,Q218,0.0020530626780626894,0.0036385394079456197
Q47,76,Q219,-6.037943537943839e-05,0.0041252012805444785
Q47,76,Q220,0.0010270979020979088,0.003293397250651636
Q47,76,Q221,0.00022905335405335454,0.002884567239524618
Q47,76,Q222,0.001250323750323752,0.002380892293091781
Q47,76,Q223,0.0025615125615125653,0.002721278883181849
Q47,76,Q224,0.0035839160839160875,0.0016307394916059417
Q47,76,Q225,-0.0001126651126651113,0.0020854302656496413
Q47,76,Q226,0.0025098743848743998,0.004234937877961404
Q47,76,Q227,0.00022533022533022365,0.002944678611258895
Q47,76,Q228,0.0036415436415436473,0.0035618106036995967
Q47,76,Q229,0.002790080290080298,0.004088229253539372
Q47,76,Q230,0.001195933695933704,0.0034793202529268233
Q47,76,Q231,0.0006269425019425079,0.0010095430611754153
Q47,76,Q232,0.002725977725977726,0.0044810830701286965
Q47,76,Q233,0.0012501618751618751,0.0027553064932346093
Q47,76,Q234,-0.0005136298886298894,0.0030526626271090507
Q47,76,Q234A,0.0020499870499870584,0.005147804603338985
Q47,76,Q235,0.003700304325304328,0.004431054976824654
Q47,76,Q236,0.001192048692048696,0.004119955161981869
Q47,76,Q237,0.0005651061901061905,0.004641553823201044
Q47,76,Q238,-0.002844470344470342,0.004429515607465656
Q47,76,Q239,0.0010805167055167064,0.0014103574485481373
Q47,76,Q240,0.0009665565915565933,0.0021356829045245467
Q47,76,Q241,-0.0007954545454545448,0.0044910739372731
Q47,76,Q242,-0.0015939847189847145,0.004226941296916398
Q47,76,Q243,-0.0001722351722351756,0.002744098004079535
Q47,76,Q244,-0.0003993460243460211,0.003325227092972148
Q47,76,Q245,-0.0009097384097384099,0.0033139360916076333
Q47,76,Q246,0.004209401709401714,0.003457981072610042
Q47,76,Q247,0.0010806785806785823,0.0035141791805980887
Q47,76,Q248,-5.795130795130839e-05,0.0033336714679878233
Q47,76,Q249,0.004779687904687907,0.0027419259355128222
Q47,76,Q250,0.005404040404040409,0.004793556076345084
Q47,76,Q251,0.0025592463092463085,0.001876747424905523
Q47,76,Q252,0.0012553418803418902,0.0037893036439117307
Q47,76,Q253,0.003638306138306141,0.00446598414701588
Q47,76,Q254,0.0022759647759647782,0.0023757047700874966
Q47,76,Q255,-0.000969308469308472,0.002393140768102253
Q47,76,Q256,0.002219308469308472,0.001399065963114023
Q47,76,Q257,0.003639439264439268,0.00393376099870222
Q47,76,Q258,0.001306332556332559,0.0021463381090958858
Q47,76,Q259,0.00011476948976949509,0.002907903637058394
Q47,818,Q260,-0.0005000000000000093,0.002257702864024026
Q47,818,Q262,0.05674999999999998,0.014103781998693386
Q47,818,Q263,0.0,0.0
Q47,818,Q264,0.0,0.0
Q47,818,Q265,0.0,0.0
Q47,818,Q266,0.0,0.0
Q47,818,Q267,0.0,0.0
Q47,818,Q268,0.0,0.0
Q47,818,Q269,0.0,0.0
Q47,818,Q270,0.002833333333333319,0.0072619633096781344
Q47,818,Q271,0.001666666666666652,0.003679900360969958
Q47,818,Q272,0.0,0.0
Q47,818,Q273,0.0006666666666666642,0.000935414346693482
Q47,818,Q274,0.0013333333333333153,0.005930148958219064
Q47,818,Q275,0.0036666666666666514,0.01078965553975971
Q47,818,Q276,-0.0008333333333333459,0.005270462766947292
Q47,818,Q277,0.0010833333333333094,0.0043748015828022424
Q47,818,Q278,-0.0014166666666666707,0.002395017977199994
Q47,818,Q279,0.001999999999999982,0.0029273613450417004
Q47,818,Q280,0.005666666666666648,0.004146618434874895
Q47,818,Q281,0.0029166666666666607,0.005451809077932059
Q47,818,Q282,0.0009166666666666455,0.0065266547497337644
Q47,818,Q283,0.001916666666666653,0.007404953297174339
Q47,818,Q284,0.0009999999999999987,0.002976761849915294
Q47,818,Q285,0.0004999999999999981,0.002781386544713096
Q47,818,Q286,0.003916666666666658,0.003570714214271424
Q47,818,Q287,0.0019999999999999927,0.0021953233120532356
Q47,818,Q288,0.0024166666666666564,0.0061767934867354955
Q47,818,Q289CS9,0.0,0.0
Q47,818,Q290,-8.333333333334858e-05,0.0017950549357115039
Q47,818,Q1,0.0,0.0
Q47,818,Q2,0.002833333333333323,0.0038855144089582376
Q47,818,Q3,0.005416666666666665,0.002700308624336595
Q47,818,Q4,0.0034166666666666638,0.002163459164291182
Q47,818,Q5,0.0027500000000000016,0.0043906466241065345
Q47,818,Q6,0.0,0.0
Q47,818,Q7,0.0,0.0
Q47,818,Q8,-0.00016666666666666384,0.0005651941652604392
Q47,818,Q9,-0.0005000000000000026,0.003378855822118887
Q47,818,Q10,0.0015833333333333277,0.0020649186155606374
Q47,818,Q11,0.00025000000000000136,0.0003333333333333332
Q47,818,Q12,0.0004166666666666608,0.0011785113019775796
Q47,818,Q13,-0.001833333333333354,0.0024523231615937286
Q47,818,Q14,-8.333333333333303e-05,0.00016666666666666606
Q47,818,Q15,0.0014999999999999948,0.0031024184114977035
Q47,818,Q16,0.00033333333333333663,0.0028185890875479895
Q47,818,Q17,0.003999999999999988,0.0034820970692960376
Q47,818,Q18,8.333333333333973e-05,0.000999999999999996
Q47,818,Q19,0.0015000000000000011,0.0012801909579781027
Q47,818,Q20,-0.0007499999999999996,0.0017159383568311596
Q47,818,Q21,0.0009166666666666634,0.0016329931618554643
Q47,818,Q22,-8.333333333333305e-05,0.001067187372905471
Q47,818,Q23,0.0003333333333333299,0.0003118047822311601
Q47,818,Q24,0.0031666666666666623,0.0010069204977995313
Q47,818,Q26,0.001000000000000003,0.0013844373104863381
Q47,818,Q27,0.00033333333333333435,0.0003118047822311613
Q47,818,Q28,0.0030833333333333264,0.0026562295750848595
Q47,818,Q29,0.0019166666666666555,0.003551212625443765
Q47,818,Q30,0.0005833333333333222,0.0029178569000019258
Q47,818,Q31,-0.000666666666666682,0.003349958540373643
Q47,818,Q32,0.0030000000000000022,0.005592653911854155
Q47,818,Q33,0.0014166666666666661,0.002869862559620415
Q47,818,Q34,0.0014166666666666594,0.0027838821814149995
Q47,818,Q35,-0.001166666666666674,0.005492419017761338
Q47,818,Q37,0.0013333333333333242,0.002679655865135597
Q47,818,Q38,8.333333333332859e-05,0.0008498365855987992
Q47,818,Q39,0.0023333333333333183,0.0031024184114977274
Q47,818,Q40,0.0011666666666666713,0.002903541898364072
Q47,818,Q41,0.0011666666666666557,0.0032638593379276993
Q47,818,Q42,0.0034999999999999892,0.00452308891503728
Q47,818,Q43,0.0010833333333333404,0.0021343747458109513
Q47,818,Q44,0.0008333333333333216,0.0028259708263022325
Q47,818,Q45,0.0019166666666666533,0.0031468679314165244
Q47,818,Q46,0.01974999999999998,0.00887646701490332
Q47,818,Q48,0.009416666666666653,0.004718462555630693
Q47,818,Q49,0.0026666666666666527,0.006538348415311036
Q47,818,Q50,0.003166666666666651,0.006250555530866369
Q47,818,Q51,0.0036666666666666584,0.0026007477557211892
Q47,818,Q52,0.0024166666666666646,0.0031885210782848423
Q47,818,Q53,0.006166666666666662,0.005092205372484092
Q47,818,Q54,-8.333333333334862e-05,0.004672615256292045
Q47,818,Q55,0.0006666666666666843,0.0015500896031448905
Q47,818,Q56,0.0018333333333333181,0.006093028803477
Q47,818,Q57,8.33333333333308e-05,0.0006123724356957941
Q47,818,Q58,-0.0005000000000000138,0.001589898669028248
Q47,818,Q59,0.0011666666666666557,0.003607476803652227
Q47,818,Q60,-1.3357370765021415e-17,0.001581138830084192
Q47,818,Q61,0.0004166666666666494,0.004158324983291551
Q47,818,Q62,0.0022499999999999873,0.0023658449277630727
Q47,818,Q63,-0.0014166666666666815,0.0058190300833653764
Q47,818,Q64,0.0022499999999999834,0.007093619981676852
Q47,818,Q66,0.0007500000000000018,0.0025055493963954847
Q47,818,Q67,0.0022499999999999786,0.005404473455696971
Q47,818,Q68,0.003833333333333325,0.005953523699830569
Q47,818,Q72,-0.00058333333333334,0.0060069404303134
Q47,818,Q73,0.004749999999999995,0.004841946348777972
Q47,818,Q74,-0.0035000000000000074,0.007019813229550921
Q47,818,Q75,0.002833333333333323,0.002573907535246774
Q47,818,Q77,0.0013333333333333244,0.004620305425209705
Q47,818,Q78,0.003583333333333312,0.005753018531364385
Q47,818,Q79,0.0031666666666666553,0.0024804793443561823
Q47,818,Q80,0.00125,0.002595401917066232
Q47,818,Q81,0.0011666666666666492,0.0036074768036522377
Q47,818,Q82,0.0009166666666666434,0.00809406504105872
Q47,818,Q82_ARABLEAGUE,0.0006666666666666663,0.003212389211232725
Q47,818,Q82_GULFCOOP,0.001166666666666658,0.003519785346990463
Q47,818,Q82_ISLCOOP,0.0004999999999999961,0.0022422706745122965
Q47,818,Q82_UNDP,0.0027499999999999903,0.006628012941716034
Q47,818,Q83,0.0013333333333333305,0.0029627314724385164
Q47,818,Q84,0.0013333333333333218,0.004211426256164415
Q47,818,Q85,-0.0016666666666666629,0.0027638539919628224
Q47,818,Q86,0.0030833333333333247,0.0057348835113617295
Q47,818,Q87,-0.0004166666666666607,0.006524526377021116
Q47,818,Q88,-1.0928757898653884e-17,0.004887626099538383
Q47,818,Q89,-0.0001666666666666572,0.0018371173070873819
Q47,818,Q90,0.0017499999999999911,0.010581692786233315
Q47,818,Q91,-0.0009166666666666745,0.0015456030825826172
Q47,818,Q92,0.0021666666666666614,0.001695582495781298
Q47,818,Q93,0.0020833333333333346,0.0030046260628866462
Q47,818,Q94,0.0,0.0
Q47,818,Q95,0.0,0.0
Q47,818,Q96,0.0,0.0
Q47,818,Q97,0.0,0.0
Q47,818,Q98,0.0,0.0
Q47,818,Q99,0.0,0.0
Q47,818,Q100,0.0009166666666666522,0.001889297341459109
Q47,818,Q101,8.333333333333303e-05,0.00016666666666666606
Q47,818,Q102,0.0,0.0
Q47,818,Q103,0.0,0.0
Q47,818,Q104,0.0,0.0
Q47,818,Q105,0.0,0.0
Q47,818,Q106,-0.0005833333333333489,0.003255337497437445
Q47,818,Q107,0.0012499999999999911,0.005303300858899086
Q47,818,Q108,0.0014166666666666594,0.0023950179771999674
Q47,818,Q109,0.004083333333333319,0.004768239833639989
Q47,818,Q110,0.001083333333333314,0.007535103036971538
Q47,818,Q111,0.001749999999999987,0.004709623716981644
Q47,818,Q112,0.004416666666666661,0.002869862559620411
Q47,818,Q119,0.0008333333333333304,0.0045107895342414465
Q47,818,Q120,0.0012500000000000041,0.004873397172404487
Q47,818,Q121,0.0022499999999999873,0.00676284785509115
Q47,818,Q122,0.001416666666666659,0.004906062009845004
Q47,818,Q123,0.002249999999999983,0.005531475591758679
Q47,818,Q124,0.0003333333333333212,0.003231786571610887
Q47,818,Q125,-0.0025833333333333485,0.0020310096011589723
Q47,818,Q126,0.0036666666666666514,0.0060057842489090974
Q47,818,Q127,0.0012499999999999955,0.004338138361606803
Q47,818,Q128,0.0009166666666666635,0.0022422706745123086
Q47,818,Q129,0.00183333333333332,0.003190698286512764
Q47,818,Q130,0.0033333333333333327,0.005945352993912307
Q47,818,Q131,-0.0002500000000000056,0.003940530139178946
Q47,818,Q132,-0.00025000000000000814,0.003966876745137322
Q47,818,Q133,0.003499999999999987,0.00550630951222726
Q47,818,Q135,0.00100000000000001,0.0014092945437739895
Q47,818,Q136,0.009416666666666648,0.009191632668417032
Q47,818,Q137,0.002999999999999991,0.003607476803652208
Q47,818,Q139,-0.00016666666666670417,0.006267198558987737
Q47,818,Q140,8.333333333332199e-05,0.0027054471801246376
Q47,818,Q142,-0.00041666666666667396,0.002922612986125033
Q47,818,Q143,0.003166666666666651,0.0048634121538049515
Q47,818,Q144,0.0006666666666666643,0.0013333333333333285
Q47,818,Q145,-0.00024999999999999247,0.0014092945437739824
Q47,818,Q149,0.0012499999999999799,0.0030046260628866705
Q47,818,Q150,0.0011666666666666514,0.005325515102890141
Q47,818,Q151,-0.0004166666666666763,0.00276385399196283
Q47,818,Q152,0.0029999999999999983,0.004981911725878398
Q47,818,Q153,0.001083333333333325,0.004461252938108071
Q47,818,Q154,0.003166666666666667,0.005241395064505446
Q47,818,Q155,0.002666666666666653,0.005913731666403371
Q47,818,Q156,-8.333333333334424e-05,0.003664772237882662
Q47,818,Q157,0.0009999999999999788,0.0044922773239811815
Q47,818,Q158,0.007166666666666656,0.01145462061062406
Q47,818,Q159,0.0012499999999999848,0.005791516784631341
Q47,818,Q160,0.0029999999999999827,0.003867600461957435
Q47,818,Q161,0.004166666666666645,0.006912147117775896
Q47,818,Q162,0.0034166666666666477,0.005286250509051239
Q47,818,Q163,0.0009166666666666566,0.0035687688508939893
Q47,818,Q164,-0.00025000000000000575,0.0005000000000000114
Q47,818,Q166,-0.0008333333333333526,0.0016666666666667052
Q47,818,Q167,0.0,0.0
Q47,818,Q168,0.0,0.0
Q47,818,Q169,0.0004166666666666652,0.0003726779962499636
Q47,818,Q171,0.0006666666666666484,0.00747960189077228
Q47,818,Q172,-0.0014166666666666707,0.005801101427985699
Q47,818,Q173,0.0011666666666666763,0.004034572812303392
Q47,818,Q174,-0.000666666666666682,0.0017989194287435966
Q47,818,Q175,-0.0030000000000000118,0.003664772237882663
Q47,818,Q176,0.007833333333333314,0.006954215348341668
Q47,818,Q177,0.00341666666666667,0.0018142950880897894
Q47,818,Q178,0.001333333333333322,0.0056236109396009945
Q47,818,Q179,0.0,0.0
Q47,818,Q180,-0.0009999999999999966,0.005254627590144819
Q47,818,Q181,0.0,0.002788866755113576
Q47,818,Q184,0.002916666666666674,0.004265494630689896
Q47,818,Q185,0.0010833333333333185,0.005919600211726023
Q47,818,Q187,-0.0002499999999999991,0.0004999999999999982
Q47,818,Q188,-0.001166666666666667,0.0053709610147739855
Q47,818,Q189,0.0018333333333333287,0.0034721111093332646
Q47,818,Q190,-0.00033333333333334097,0.008397254842440426
Q47,818,Q191,0.0019999999999999974,0.002855306949835296
Q47,818,Q192,0.0008333333333333281,0.0007905694150420908
Q47,818,Q194,0.0009166666666666635,0.001632993161855446
Q47,818,Q195,0.0011666666666666427,0.005941847823325304
Q47,818,Q199,0.0029166666666666672,0.003613247231446496
Q47,818,Q200,-0.0015000000000000148,0.0009718253158075634
Q47,818,Q201,0.0003333333333333166,0.0022422706745123086
Q47,818,Q202,0.0027499999999999877,0.005346338310781808
Q47,818,Q203,0.0024166666666666585,0.00464279609239469
Q47,818,Q204,0.00016666666666667493,0.00020412414523194165
Q47,818,Q205,0.0002499999999999924,0.000772801541291308
Q47,818,Q206,0.0036666666666666653,0.003389116567943777
Q47,818,Q207,0.0017499999999999918,0.003409545424246483
Q47,818,Q208,0.003833333333333326,0.007319115004182141
Q47,818,Q209,0.0009166666666666657,0.002333333333333319
Q47,818,Q210,-8.333333333333303e-05,0.00016666666666666606
Q47,818,Q211,0.0,0.0
Q47,818,Q212,0.0,0.0
Q47,818,Q213,0.002833333333333339,0.002362907813126336
Q47,818,Q214,0.002083333333333337,0.0019543398999264197
Q47,818,Q215,-8.333333333333303e-05,0.00016666666666666606
Q47,818,Q216,0.0005000000000000048,0.0023775571029478445
Q47,818,Q221,0.002749999999999999,0.002084999333866167
Q47,818,Q222,0.0024166666666666625,0.002730994934695645
Q47,818,Q223,8.333333333331975e-05,0.0013540064007726601
Q47,818,Q224,0.0036666666666666653,0.002288255036291021
Q47,818,Q225,0.006083333333333318,0.004863412153804933
Q47,818,Q227,0.004583333333333321,0.003641962230568675
Q47,818,Q228,8.333333333333535e-05,0.002679655865135595
Q47,818,Q229,0.0003333333333333367,0.0034095454242464647
Q47,818,Q230,0.0032499999999999842,0.0061599062041921004
Q47,818,Q231,0.0025833333333333307,0.0029860788111948067
Q47,818,Q232,0.0010833333333333205,0.004270375991772998
Q47,818,Q233,0.0021666666666666414,0.0057457713919794
Q47,818,Q234,0.002166666666666661,0.004925838902043914
Q47,818,Q234A,0.002416666666666651,0.0032425127430572797
Q47,818,Q235,0.0020833333333333238,0.005257270098529176
Q47,818,Q236,-0.0007500000000000019,0.004490731195102497
Q47,818,Q238,0.003083333333333331,0.0024381231397212905
Q47,818,Q239,0.004583333333333317,0.005962847939999467
Q47,818,Q241,-0.002250000000000014,0.004599214908848871
Q47,818,Q242,0.006333333333333309,0.009945685831890452
Q47,818,Q243,0.0004999999999999894,0.0043413387592103544
Q47,818,Q244,0.005499999999999982,0.007929375763576867
Q47,818,Q246,0.00866666666666664,0.007474029108259565
Q47,818,Q247,8.333333333331085e-05,0.0060173360661785694
Q47,818,Q248,0.006916666666666649,0.00867867757463338
Q47,818,Q249,-0.00041666666666667645,0.007434902674398488
Q47,818,Q250,0.0015833333333333279,0.0020138409955990882
Q47,818,Q251,0.0005833333333333154,0.007753135566408668
Q47,818,Q253,0.005249999999999984,0.0037785946829182
Q47,818,Q254,0.0014999999999999903,0.0024523231615936926
Q47,818,Q255,0.0009999999999999963,0.003265986323710954
Q47,818,Q256,0.001583333333333332,0.0018142950880897719
Q47,818,Q257,0.0004166666666666652,0.0006454972243679005
Q47,818,Q258,-0.0014166666666666748,0.006436657172442541
Q47,818,Q259,0.0014999999999999836,0.005759050847723664
Q57,276,Q260,-0.00020384020384020654,0.0013429780665849963
Q57,276,Q262,0.0010781235781235888,0.0021707370742374945
Q57,276,Q263,6.734006734006702e-05,0.00013468013468013407
Q57,276,Q264,0.0,0.0
Q57,276,Q265,0.00013513513513513598,0.00027027027027027195
Q57,276,Q266,0.0016839566839566954,0.004060153582605028
Q57,276,Q267,-6.756756756756799e-05,0.00013513513513513598
Q57,276,Q268,-0.0006781781781781771,0.0027572126942731682
Q57,276,Q269,0.0,0.0
Q57,276,Q270,-0.0010851760851760851,0.004016828761488695
Q57,276,Q271,-0.0007432432432432456,0.0014864864864864913
Q57,276,Q272,0.0,0.0
Q57,276,Q273,0.00046774046774048053,0.005301950830972448
Q57,276,Q274,-0.0018206843206843317,0.0008661697638378174
Q57,276,Q275,3.6400036400041635e-06,0.0033889209573471375
Q57,276,Q276,-0.0008117208117208108,0.0023416867733059223
Q57,276,Q277,0.000739830739830738,0.004070891677211401
Q57,276,Q278,0.0003323778323778393,0.0035235305741433396
Q57,276,Q279,-0.0004038129038128989,0.0016309349934417224
Q57,276,Q280,-0.0005412230412230291,0.002097484290531457
Q57,276,Q281,0.00033647283647283657,0.0037634507591698986
Q57,276,Q282,-0.0033096733096733,0.003314489579363423
Q57,276,Q283,-0.0012166712166712078,0.0037689064391856044
Q57,276,Q284,-0.001287423787423787,0.0037274675756607933
Q57,276,Q285,0.0005409955409955503,0.0023640387711003283
Q57,276,Q286,-0.0033067158067157966,0.002318825684929156
Q57,276,Q287,0.00020133770133770493,0.002847341806615878
Q57,276,Q288,-0.00040790790790790727,0.002839979442101356
Q57,276,Q289CS9,0.001482846482846485,0.00243369176234742
Q57,276,Q1,-6.756756756756799e-05,0.00013513513513513598
Q57,276,Q2,0.0012831012831012911,0.002521093326764061
Q57,276,Q3,0.00013172263172262394,0.002566026126449923
Q57,276,Q4,-0.0014869414869414844,0.0021104850940607666
Q57,276,Q5,0.0009434434434434435,0.0015579280693046472
Q57,276,Q6,0.0005398580398580411,0.002115137971702502
Q57,276,Q7,-0.0006756756756756732,0.0013513513513513464
Q57,276,Q8,0.0015540540540540616,0.0034558680682552664
Q57,276,Q9,0.0014189189189189211,0.003031461198463928
Q57,276,Q10,0.00047024297024296675,0.0016329511830291985
Q57,276,Q11,0.0009445809445809506,0.003968499100895016
Q57,276,Q12,0.0,0.0
Q57,276,Q13,6.711256711256606e-05,0.002097729747473645
Q57,276,Q14,0.0004038129038129057,0.0011946955186754992
Q57,276,Q15,-0.00013513513513513598,0.00027027027027027195
Q57,276,Q16,0.0,0.0
Q57,276,Q17,0.0,0.0
Q57,276,Q18,-0.000809673309673311,0.0006942166366833879
Q57,276,Q19,0.0,0.0
Q57,276,Q20,6.734006734006702e-05,0.00013468013468013407
Q57,276,Q21,0.0,0.0
Q57,276,Q22,0.0,0.0
Q57,276,Q23,0.0,0.0
Q57,276,Q24,-0.00047297297297297367,0.00040540540540540685
Q57,276,Q25,0.0,0.0
Q57,276,Q26,0.0,0.0
Q57,276,Q27,0.0006763581763581738,0.0029292666913812463
Q57,276,Q28,-0.0008099008099008098,0.0013907007218152822
Q57,276,Q29,0.00033738283738284026,0.0007382975121120781
Q57,276,Q30,-0.0002691327691327672,0.0016687037939271592
Q57,276,Q31,-6.73400673400583e-05,0.004416230021394752
Q57,276,Q32,-0.0025684775684775628,0.003911580521154009
Q57,276,Q33,0.0006060606060606056,0.001031444835761145
Q57,276,Q34,-0.00033829283829283285,0.002958692072140374
Q57,276,Q35,-2.2750022749874234e-07,0.0009790686849884564
Q57,276,Q36,-0.00013945763945763192,0.0043043836400689685
Q57,276,Q37,0.001687369187369192,0.001955786734360291
Q57,276,Q38,0.0010064610064610077,0.005302258463806852
Q57,276,Q39,0.0014821639821639798,0.003731841503637046
Q57,276,Q40,-0.0006770406770406836,0.0017713915415190802
Q57,276,Q41,-0.0002709527709527704,0.0014390727172413872
Q57,276,Q42,0.00040540540540540793,0.0010552937384686542
Q57,276,Q43,-0.0022281372281372216,0.002854438147028862
Q57,276,Q44,-0.0002700427700427688,0.001435186334676635
Q57,276,Q45,0.0008046683046683033,0.00325066728198072
Q57,276,Q46,-0.0007382382382382445,0.003248900154697591
Q57,276,Q47,-0.0006087906087906035,0.003931860664765288
Q57,276,Q48,-0.000474792974792977,0.0024353409601871384
Q57,276,Q49,0.002637865137865145,0.005014927518927453
Q57,276,Q50,-0.0014120939120939103,0.003556574774340203
Q57,276,Q51,0.0,0.0
Q57,276,Q52,-0.0006053781053781005,0.0017617980133620185
Q57,276,Q53,-6.756756756756799e-05,0.00013513513513513598
Q57,276,Q54,-0.00027027027027027195,0.00039398323613819844
Q57,276,Q55,0.0,0.0
Q57,276,Q56,-0.0007432432432432456,0.0008912774296130367
Q57,276,Q58,-0.0004734279734279779,0.0023251076857499823
Q57,276,Q59,-0.0013447538447538432,0.0034583408303702112
Q57,276,Q60,0.0033683683683683836,0.0037264295180175627
Q57,276,Q61,0.06458958958958957,0.016110944746414155
Q57,276,Q62,-0.0018190918190918095,0.0031680794441242017
Q57,276,Q63,0.0029051779051779136,0.007438439541414075
Q57,276,Q64,-0.000473882973882973,0.002236142960493731
Q57,276,Q65,-0.0007452907452907321,0.0046258446138589355
Q57,276,Q66,-0.0008804258804258836,0.0021076601386272077
Q57,276,Q67,-0.00020224770224769995,0.0026302519651820316
Q57,276,Q68,-0.0016198016198016238,0.0010750272843298623
Q57,276,Q69,0.000131950131950125,0.00186616801704727
Q57,276,Q70,-0.0022959322959322857,0.003721180726600172
Q57,276,Q71,-0.0010808535808535756,0.0008383271947660162
Q57,276,Q72,-0.0010160160160160214,0.003385658844266525
Q57,276,Q73,-0.0025673400673400675,0.003647020874487365
Q57,276,Q74,-0.0008114933114933143,0.001869382202032575
Q57,276,Q75,0.002157157157157157,0.002947464413249406
Q57,276,Q76,0.0002015652015652036,0.001200468151033635
Q57,276,Q77,-0.0002720902720902797,0.00182761531467638
Q57,276,Q78,-0.0007466557466557445,0.0026934707440817974
Q57,276,Q79,-0.0005405405405405439,0.0009697770334059063
Q57,276,Q80,-0.003715306215306213,0.002685873929302197
Q57,276,Q81,0.0014161889161889228,0.002363199390374658
Q57,276,Q82,-0.0009525434525434484,0.005456287058146258
Q57,276,Q82_EU,6.301756301756219e-05,0.00418485290126128
Q57,276,Q83,0.0014141414141414256,0.0024262324266059484
Q57,276,Q84,-0.001351578851578854,0.0025673731186667873
Q57,276,Q85,-0.0010829010829010778,0.003914615724369338
Q57,276,Q86,-0.0015522340522340474,0.0024368553461627538
Q57,276,Q87,0.0029675129675129685,0.002036161656537713
Q57,276,Q88,-0.0001367276367276316,0.0014558547109597788
Q57,276,Q89,-0.00040836290836290465,0.003169643276293784
Q57,276,Q90,0.0029650104650104777,0.0035456025848042048
Q57,276,Q91,0.0004001729001728972,0.004068600762551269
Q57,276,Q92,-0.0025714350714350666,0.004485373426919633
Q57,276,Q93,-6.756756756756577e-05,0.00013513513513513153
Q57,276,Q94,0.00040472290472291176,0.0030321344685624836
Q57,276,Q95,0.0009461734461734528,0.0028693430817046182
Q57,276,Q96,0.0021578396578396707,0.0034540177368034258
Q57,276,Q97,0.00020202020202020332,0.0005881017731456306
Q57,276,Q98,0.0,0.0
Q57,276,Q99,0.0,0.0
Q57,276,Q100,0.0013499863499863562,0.002482777264578884
Q57,276,Q101,-0.000472972972972967,0.0016495345426667093
Q57,276,Q102,0.0,0.0
Q57,276,Q103,-4.550004550019082e-07,0.00036925228263595043
Q57,276,Q104,0.0,0.0
Q57,276,Q105,-0.0005407680407680427,0.001274705639367308
Q57,276,Q106,-0.0020299845299845166,0.004652987166256185
Q57,276,Q107,0.001013058513058511,0.0007705888431266491
Q57,276,Q108,-0.0006765856765856726,0.0027687806185547684
Q57,276,Q109,-0.0006761306761306708,0.0018706626720674758
Q57,276,Q110,0.0012064337064337165,0.005301912672128582
Q57,276,Q111,0.0008069433069433018,0.002658125801066599
Q57,276,Q112,0.0012762762762762892,0.005620667555123089
Q57,276,Q113,0.001214396214396216,0.0031145773721264775
Q57,276,Q114,0.0006062881062881087,0.001421061555565032
Q57,276,Q115,0.003508736008736013,0.003239387522584705
Q57,276,Q116,-0.001691009191009192,0.002880398303985997
Q57,276,Q117,0.001957184457184469,0.0011358395362513298
Q57,276,Q118,-0.0018263718263718243,0.0032213397263636738
Q57,276,Q119,-0.0008110383110383059,0.0065562820822857755
Q57,276,Q120,-0.003379515879515864,0.006109409983653748
Q57,276,Q121,0.0018200018200018285,0.0030611610951410493
Q57,276,Q122,0.0008110383110383169,0.0017038359153094184
Q57,276,Q123,0.00019929019929019863,0.002754651762231944
Q57,276,Q124,0.001480116480116482,0.004424144660954785
Q57,276,Q125,6.756756756756799e-05,0.00013513513513513598
Q57,276,Q126,-0.0005384930384930443,0.0021205576276948613
Q57,276,Q127,-0.00013513513513513598,0.00016550606370156713
Q57,276,Q128,-3.86750386749627e-06,0.00344178300990433
Q57,276,Q129,6.734006734006702e-05,0.00013468013468013407
Q57,276,Q130,-0.002497952497952498,0.0017422039611103694
Q57,276,Q131,0.0014191464191464266,0.0027883541601507783
Q57,276,Q132,-0.0006078806078806109,0.0019744215895965266
Q57,276,Q133,0.0001337701337701302,0.0011602559778930348
Q57,276,Q134,0.0003371553371553393,0.0014007823975972175
Q57,276,Q135,-0.0004026754026753965,0.0019461839353135451
Q57,276,Q136,0.0008781508781508828,0.0016215082505418883
Q57,276,Q137,0.0002691327691327717,0.002304533578304348
Q57,276,Q138,-0.0004069979069979123,0.0014988270950940504
Q57,276,Q139,-0.00013854763854764148,0.0027844334925226605
Q57,276,Q140,-0.0005405405405405439,0.0010810810810810878
Q57,276,Q141,6.734006734006702e-05,0.00013468013468013407
Q57,276,Q142,-0.0022963872963872992,0.00345479641781712
Q57,276,Q143,-0.0014189189189189098,0.001839997537166416
Q57,276,Q144,0.0,0.0
Q57,276,Q145,0.0,0.0
Q57,276,Q146,0.0027645827645827637,0.002550014582174909
Q57,276,Q147,0.001480116480116493,0.004618299748251675
Q57,276,Q148,0.0009420784420784533,0.003869871380082494
Q57,276,Q149,0.0006761306761306818,0.0021306323169504337
Q57,276,Q150,0.0012130312130312327,0.0030823747662470434
Q57,276,Q151,-0.0010135135135135131,0.001002188984742656
Q57,276,Q152,-0.0008114933114933033,0.003282941920614714
Q57,276,Q153,-0.00040495040495039717,0.0022642071434500716
Q57,276,Q154,0.00040404040404040437,0.001585093758111617
Q57,276,Q155,-0.00026958776958776684,0.002468796054272049
Q57,276,Q156,-0.002027709527709527,0.004645108959919857
Q57,276,Q157,-0.0008110383110383034,0.003499883936966747
Q57,276,Q158,-0.001959686959686957,0.0026933374621626207
Q57,276,Q159,0.00026526526526526406,0.0044468118495405
Q57,276,Q160,-0.0025696150696150606,0.004115244503112193
Q57,276,Q161,0.0003353353353353362,0.003260032013542085
Q57,276,Q162,-0.0022966147966147913,0.0035651835680287833
Q57,276,Q163,-0.0016889616889616856,0.003828918070599373
Q57,276,Q164,0.0006736281736281736,0.0025536788965275785
Q57,276,Q165,-0.0002052052052052144,0.0022016134666674263
Q57,276,Q166,-0.0018957593957593954,0.004745666720483809
Q57,276,Q167,-0.0006759031759031809,0.0013679705020886743
Q57,276,Q168,-0.0004069979069979012,0.003345836216479181
Q57,276,Q169,-0.0012168987168987132,0.0026701617869374058
Q57,276,Q170,-0.0025675675675675635,0.003214047852179054
Q57,276,Q171,-0.0002739102739102693,0.0030585015345658147
Q57,276,Q172,-0.00020497770497770462,0.002213816204511892
Q57,276,Q173,6.392756392756185e-05,0.0035891468971174633
Q57,276,Q174,0.0004713804713804738,0.0018684385517817417
Q57,276,Q175,-2.5025025024905457e-06,0.002525078450835434
Q57,276,Q176,0.0009420784420784489,0.004163285142951285
Q57,276,Q177,0.00013445263445263314,0.00045695752553727605
Q57,276,Q178,-0.001819546819546818,0.0037626340000194796
Q57,276,Q179,0.0,0.0
Q57,276,Q180,0.00020156520156520367,0.0019410368739302818
Q57,276,Q181,0.0008085358085358063,0.0017783318075200037
Q57,276,Q182,6.802256802256986e-05,0.003008508408385139
Q57,276,Q183,-0.003716443716443703,0.005506388145036882
Q57,276,Q184,-0.0009482209482209391,0.004398162326805575
Q57,276,Q185,0.0006745381745381729,0.004507021183403409
Q57,276,Q186,-0.0011493311493311477,0.00226393186479459
Q57,276,Q187,-0.0025015925015924997,0.0036882549479086714
Q57,276,Q188,-0.0002704977704977685,0.00512353006275279
Q57,276,Q189,0.0,0.0
Q57,276,Q190,0.0010799435799435874,0.002606436816205016
Q57,276,Q191,0.0006081081081081119,0.0012162162162162237
Q57,276,Q192,0.0,0.0
Q57,276,Q193,6.643006643006985e-05,0.00103180134256283
Q57,276,Q194,0.0,0.0
Q57,276,Q195,0.0007411957411957437,0.001372271981076055
Q57,276,Q196,0.0030364455364455356,0.003140492906214165
Q57,276,Q197,0.0007409682409682427,0.0019014998697738335
Q57,276,Q198,-0.0012148512148512137,0.0009203009877042814
Q57,276,Q199,-0.0022279097279097227,0.0020667568162009817
Q57,276,Q200,-0.0006083356083356106,0.0017360277473248069
Q57,276,Q201,-0.0017549367549367558,0.0018256024199514366
Q57,276,Q202,0.000535763035763046,0.003956720294812419
Q57,276,Q203,-0.0020322595322595197,0.005332722944267271
Q57,276,Q204,-0.0007443807443807482,0.0024829300830198457
Q57,276,Q205,0.00020111020111020185,0.0033928984116047885
Q57,276,Q206,0.0007407407407407395,0.003350560018212435
Q57,276,Q207,0.0015526890526890624,0.0023917675721573596
Q57,276,Q208,-6.825006825005638e-07,0.0022037609671808588
Q57,276,Q209,6.665756665756861e-05,0.0019389525011381417
Q57,276,Q210,0.0008092183092183114,0.0024011703968237707
Q57,276,Q211,0.0004013104013103885,0.0035483698022023167
Q57,276,Q212,0.001482846482846487,0.001829896294486391
Q57,276,Q213,0.0010123760123760127,0.002349623737355717
Q57,276,Q214,0.0017519792519792472,0.0029318783577832416
Q57,276,Q215,0.00020452270452270055,0.0019984037995376624
Q57,276,Q216,0.003375193375193388,0.0010498388394342246
Q57,276,Q217,0.001146601146601154,0.0024637629730759132
Q57,276,Q218,-0.00047456547456548265,0.001963915186052946
Q57,276,Q219,-0.001419828919828925,0.0026540350879740464
Q57,276,Q220,0.0005387205387205407,0.0019398823938440596
Q57,276,Q221,0.0002700427700427732,0.001234581418884978
Q57,276,Q222,6.734006734006702e-05,0.00013468013468013407
Q57,276,Q223,-0.002093912093912089,0.002725464252359731
Q57,276,Q224,-9.10000910001648e-07,0.002553888959171605
Q57,276,Q225,-0.0005423605423605383,0.0027219014081863915
Q57,276,Q226,-0.0008742833742833824,0.00277942350873701
Q57,276,Q227,0.002292747292747304,0.004430408939209479
Q57,276,Q228,-0.0007432432432432456,0.003932171188465723
Q57,276,Q229,-0.0004745654745654759,0.002379288851760684
Q57,276,Q230,-0.0015497315497315634,0.0026140915200083873
Q57,276,Q231,0.00020224770224770206,0.000588675642843902
Q57,276,Q232,0.0005405405405405439,0.0014584781067827775
Q57,276,Q233,0.00040222040222039475,0.0033181033044527904
Q57,276,Q234,-0.0010838110838110727,0.005345361021304141
Q57,276,Q235,-0.0005450905450905518,0.0035335326547017345
Q57,276,Q236,0.0005400855400855397,0.0007873044334362882
Q57,276,Q237,-6.756756756756799e-05,0.00013513513513513598
Q57,276,Q238,0.0006743106743106742,0.001298270945999225
Q57,276,Q239,-0.001416871416871408,0.0019260302277206414
Q57,276,Q240,-0.0010121485121485055,0.002960909159423379
Q57,276,Q241,4.550004550085002e-07,0.003254437836498522
Q57,276,Q242,-6.779506779506677e-05,0.0005810796720066296
Q57,276,Q243,-0.001016016016016008,0.003435211354986719
Q57,276,Q244,-0.00047615797615798046,0.0037901721976905177
Q57,276,Q245,0.00013490763490763499,0.0003443947706708084
Q57,276,Q246,-0.0031051506051506085,0.002925263035753201
Q57,276,Q247,-0.0012141687141687019,0.001974970422449383
Q57,276,Q248,0.001010556010556012,0.003071991650406701
Q57,276,Q249,0.0002020202020202011,0.00040404040404040225
Q57,276,Q250,0.0002006552006551954,0.0018298941732029278
Q57,276,Q251,-0.000948903448903442,0.00437041576170232
Q57,276,Q252,-0.00412025662025661,0.0031997114336211985
Q57,276,Q253,0.0013458913458913393,0.0035457618965540677
Q57,276,Q254,-0.0010137410137410075,0.0030740387194424052
Q57,276,Q255,-0.000135590135590129,0.004252806486006652
Q57,276,Q256,-0.0009475384475384474,0.0024377686004034517
Q57,276,Q257,-0.0005421330421330484,0.0018683960313003569
Q57,276,Q258,0.000607880607880611,0.0018796570215081918
Q57,276,Q259,-0.00040517790517790474,0.0008909503782390802
Q57,566,Q260,-0.0007317073170731668,0.002217590519835089
Q57,566,Q262,0.0013008130081300796,0.0051637217912846815
Q57,566,Q263,0.0,0.0
Q57,566,Q264,0.0,0.0
Q57,566,Q265,0.0,0.0
Q57,566,Q266,0.0,0.0
Q57,566,Q267,0.0,0.0
Q57,566,Q268,0.0,0.0
Q57,566,Q269,0.0,0.0
Q57,566,Q270,0.00024390243902439268,0.0019342076834748313
Q57,566,Q271,-0.00016260162601625878,0.0020663845572583303
Q57,566,Q272,-0.0007317073170731668,0.008547805247675254
Q57,566,Q273,-8.130081300812943e-05,0.0011612078745598035
Q57,566,Q274,-0.0010569105691056824,0.0014452348646041488
Q57,566,Q275,-0.00032520325203252217,0.0013209818544123474
Q57,566,Q276,-0.0011382113821138118,0.0010089165565846142
Q57,566,Q277,-0.001300813008130075,0.0024172469507834976
Q57,566,Q278,0.0010569105691056956,0.0010154468290078794
Q57,566,Q279,0.00016260162601626103,0.002066384557258334
Q57,566,Q280,0.0009756097560975618,0.0006604909272061789
Q57,566,Q281,-0.0004878048780487765,0.001634126117255416
Q57,566,Q282,0.0008130081300813032,0.0015848446089120128
Q57,566,Q283,0.00186991869918699,0.004405273881022449
Q57,566,Q284,-0.0006504065040650331,0.0011948730452600736
Q57,566,Q285,0.0007317073170731647,0.0014634146341463293
Q57,566,Q286,0.00024390243902438813,0.0026792287891518785
Q57,566,Q287,-8.130081300813394e-05,0.002444438435507777
Q57,566,Q288,-0.0010569105691056846,0.00173611028488313
Q57,566,Q289CS9,0.0005691056910569059,0.002293778208075735
Q57,566,Q290,-0.0004878048780487765,0.0011893283608396482
Q57,566,Q1,0.0,0.0
Q57,566,Q2,0.0,0.0
Q57,566,Q3,0.00024390243902438824,0.0004878048780487765
Q57,566,Q4,0.0014634146341463428,0.001300813008130075
Q57,566,Q5,0.0,0.0
Q57,566,Q6,0.0,0.0
Q57,566,Q7,0.0,0.0
Q57,566,Q8,-0.0004878048780487832,0.0030787148339449463
Q57,566,Q9,0.00024390243902438824,0.0004878048780487765
Q57,566,Q10,-0.0003252032520325176,0.0006504065040650352
Q57,566,Q11,0.0,0.0
Q57,566,Q12,0.0,0.0
Q57,566,Q13,0.0,0.0
Q57,566,Q14,0.0004878048780487764,0.0006504065040650352
Q57,566,Q15,0.0,0.0
Q57,566,Q16,0.0,0.0
Q57,566,Q17,-0.00040650406504064705,0.0008130081300812941
Q57,566,Q18,0.0,0.0
Q57,566,Q19,0.0008130081300812941,0.0016260162601625882
Q57,566,Q20,-8.130081300812051e-05,0.001041158412590713
Q57,566,Q21,0.0,0.0
Q57,566,Q22,0.0,0.0
Q57,566,Q23,0.0,0.0
Q57,566,Q24,0.0,0.0
Q57,566,Q25,-0.0001626016260162588,0.0003252032520325176
Q57,566,Q26,0.0,0.0
Q57,566,Q27,0.0,0.0
Q57,566,Q28,-0.0010569105691056937,0.0014221833889866628
Q57,566,Q29,8.130081300812943e-05,0.0014175281117205325
Q57,566,Q30,-0.00048780487804877414,0.004002775162631252
Q57,566,Q31,-0.00040650406504064726,0.004355478125521576
Q57,566,Q32,-0.0001626016260162679,0.0026041654273247007
Q57,566,Q33,-0.002195121951219514,0.003954597238053762
Q57,566,Q34,0.0,0.0
Q57,566,Q35,0.0007317073170731691,0.0015079054464220596
Q57,566,Q36,0.0012195121951219501,0.0012058859328610762
Q57,566,Q37,-9.020562075079397e-18,0.004325019862852146
Q57,566,Q38,-0.0006504065040650352,0.0013008130081300705
Q57,566,Q39,-0.0004878048780487765,0.000975609756097553
Q57,566,Q40,0.0007317073170731647,0.0009053275386715408
Q57,566,Q41,-0.0017886178861788627,0.00253991859379079
Q57,566,Q42,-0.00016260162601625878,0.003377654972006657
Q57,566,Q43,-0.00016260162601626328,0.0023366029045853412
Q57,566,Q44,0.0,0.0
Q57,566,Q45,0.0,0.0
Q57,566,Q46,0.0006504065040650398,0.0015973075369421419
Q57,566,Q47,-0.00024390243902438824,0.0004878048780487765
Q57,566,Q48,-0.0010569105691056956,0.002869815056052488
Q57,566,Q49,8.130081300813607e-05,0.002664385302142085
Q57,566,Q50,-0.0014634146341463356,0.004390243902439019
Q57,566,Q51,0.0,0.0
Q57,566,Q52,0.0,0.0
Q57,566,Q53,0.0,0.0
Q57,566,Q54,0.0005691056910569059,0.0007087640558602662
Q57,566,Q55,0.0005691056910569059,0.0011382113821138118
Q57,566,Q56,-4.5102810375396986e-18,0.0017996702131039492
Q57,566,Q58,8.13008130081427e-05,0.0036846403881706275
Q57,566,Q59,0.010406504065040656,0.00480019168101643
Q57,566,Q60,-0.003170731707317069,0.006129455878039281
Q57,566,Q61,-0.0039024390243902344,0.006119742850913429
Q57,566,Q62,0.0029268292682926764,0.004551393496675907
Q57,566,Q63,-0.0003252032520325174,0.005060281729949737
Q57,566,Q64,0.0,0.0
Q57,566,Q65,0.0,0.0
Q57,566,Q66,-0.0009756097560975575,0.0017923095678901303
Q57,566,Q67,0.001544715447154459,0.0020949754027195155
Q57,566,Q68,-0.001463414634146334,0.005028834827379534
Q57,566,Q69,0.0010569105691056934,0.000912599362627795
Q57,566,Q70,0.0,0.0
Q57,566,Q71,0.0,0.0
Q57,566,Q72,-0.0008130081300812941,0.0016260162601625882
Q57,566,Q73,-0.00024390243902438824,0.0004878048780487765
Q57,566,Q74,-0.0001626016260162588,0.0007965820301733846
Q57,566,Q75,-0.0007317073170731735,0.0023619250481843796
Q57,566,Q76,0.001626016260162606,0.005122596423422206
Q57,566,Q77,-0.0003252032520325176,0.0006504065040650352
Q57,566,Q78,-0.0005691056910569059,0.0011382113821138118
Q57,566,Q79,-0.00016260162601625878,0.0018106550773430814
Q57,566,Q80,-8.130081300812275e-05,0.0035100866902313694
Q57,566,Q81,0.0008943089430894436,0.0029132476206778874
Q57,566,Q82,0.0,0.0
Q57,566,Q82_AFRICANUNION,0.0,0.0
Q57,566,Q83,-0.0012195121951219477,0.0018892601688816639
Q57,566,Q84,-0.00016260162601625436,0.0007965820301733902
Q57,566,Q85,0.00024390243902439496,0.0022937782080757426
Q57,566,Q86,-0.0014634146341463382,0.0022056357668700046
Q57,566,Q87,-0.00048780487804878537,0.0023897460905201707
Q57,566,Q88,0.00024390243902440382,0.0014452348646041768
Q57,566,Q89,-0.0017073170731707337,0.002737798087883375
Q57,566,Q90,-0.0016260162601625927,0.0019410303067176106
Q57,566,Q91,-0.0011382113821138118,0.0009411249514463521
Q57,566,Q92,0.0001626016260162588,0.0007965820301733846
Q57,566,Q93,-0.0006504065040650465,0.005347344277204983
Q57,566,Q94,-0.0005691056910569058,0.0016178657513928648
Q57,566,Q95,-0.0013821138211382044,0.001697610814456991
Q57,566,Q96,0.0008130081300812941,0.0011781607110723025
Q57,566,Q97,-0.0006504065040650352,0.0013008130081300705
Q57,566,Q98,0.00089430894308943,0.001072431378721379
Q57,566,Q99,0.0,0.0
Q57,566,Q100,-0.0005691056910569081,0.0014452348646041492
Q57,566,Q101,0.00024390243902439488,0.00048780487804878976
Q57,566,Q102,0.0007317073170731647,0.0014634146341463293
Q57,566,Q103,0.0,0.0
Q57,566,Q104,-8.130081300812943e-05,0.0006504065040650353
Q57,566,Q105,0.0,0.0
Q57,566,Q106,-0.0013008130081300728,0.003519489564538753
Q57,566,Q107,8.130081300812496e-05,0.0016542268251524988
Q57,566,Q108,0.0008130081300812941,0.001563852362737495
Q57,566,Q109,-0.0016260162601625882,0.0015848446089120193
Q57,566,Q110,-0.001463414634146345,0.002654443531270649
Q57,566,Q111,-0.0004878048780487765,0.000975609756097553
Q57,566,Q112,-8.13008130081316e-05,0.0019478290326359132
Q57,566,Q113,-0.00040650406504064705,0.00149911291988501
Q57,566,Q114,0.0,0.0
Q57,566,Q115,-8.130081300812935e-05,0.0017131144313581549
Q57,566,Q116,0.0013821138211382179,0.0018822499028927216
Q57,566,Q117,0.00024390243902439713,0.0009125993626277946
Q57,566,Q118,-0.0004878048780487764,0.002537314883630448
Q57,566,Q119,-0.0004065040650406493,0.0008130081300812985
Q57,566,Q120,-0.001788617886178858,0.00421354748613006
Q57,566,Q121,-8.130081300812271e-05,0.0021724210107133823
Q57,566,Q122,-0.0009756097560975618,0.0019512195121951237
Q57,566,Q123,0.00040650406504064705,0.0015209989377129717
Q57,566,Q124,-0.0006504065040650352,0.001275153426126666
Q57,566,Q125,-0.001300813008130075,0.0016740862017864979
Q57,566,Q126,0.00024390243902438824,0.0004878048780487765
Q57,566,Q127,0.00089430894308943,0.0011612078745598053
Q57,566,Q128,-0.0014634146341463384,0.0025399185937907786
Q57,566,Q129,0.000975609756097553,0.001194873045260077
Q57,566,Q130,0.00024390243902437954,0.003367856126375282
Q57,566,Q131,0.0,0.0
Q57,566,Q132,0.0003252032520325176,0.0006504065040650352
Q57,566,Q133,-0.0009756097560975573,0.0013008130081300785
Q57,566,Q134,0.0,0.0
Q57,566,Q135,0.0009756097560975664,0.0011948730452600934
Q57,566,Q136,0.00040650406504064705,0.0005141914894582688
Q57,566,Q137,-0.0004878048780487764,0.0013457679152233113
Q57,566,Q138,0.0006504065040650487,0.0009481222593244565
Q57,566,Q139,-0.0015447154471544722,0.002701341093631891
Q57,566,Q140,-0.0008943089430894235,0.0011028178834349939
Q57,566,Q141,0.0,0.0
Q57,566,Q142,0.00024390243902438824,0.001374921506120945
Q57,566,Q143,0.0006504065040650464,0.0017169684619465653
Q57,566,Q144,-0.0005691056910569059,0.0011382113821138118
Q57,566,Q145,0.0001626016260162588,0.0003252032520325176
Q57,566,Q146,-0.0013821138211382203,0.0045673404569717534
Q57,566,Q147,-0.0008943089430894257,0.0017886178861788514
Q57,566,Q148,0.0007317073170731648,0.0011028178834349939
Q57,566,Q149,-8.13008130081294e-05,0.0001626016260162588
Q57,566,Q150,0.0005691056910569059,0.0011382113821138118
Q57,566,Q151,0.0006504065040650352,0.0013008130081300705
Q57,566,Q152,0.0011382113821138118,0.000975609756097553
Q57,566,Q153,-0.00024390243902438824,0.0004878048780487765
Q57,566,Q154,0.0008943089430894235,0.0012699592968953807
Q57,566,Q155,-0.0011382113821138274,0.0036213101546861935
Q57,566,Q156,-0.0010569105691056846,0.0013506705468159395
Q57,566,Q157,-0.0009756097560975551,0.0012222192177538855
Q57,566,Q158,-0.0004065040650406424,0.005250043671857865
Q57,566,Q159,-0.0006504065040650352,0.001792309567890115
Q57,566,Q160,0.0008943089430894348,0.0015296656684737231
Q57,566,Q161,-0.0010569105691056846,0.0015973075369421455
Q57,566,Q162,-0.00016260162601625883,0.000551408941717497
Q57,566,Q163,-8.130081300812943e-05,0.001693712736260121
Q57,566,Q164,-0.0013008130081300679,0.003142463104079277
Q57,566,Q165,0.0,0.0
Q57,566,Q166,0.0,0.0
Q57,566,Q167,0.0,0.0
Q57,566,Q168,0.0,0.0
Q57,566,Q169,0.0,0.0
Q57,566,Q170,0.00024390243902440152,0.0032479649358436195
Q57,566,Q171,-0.0005691056910569148,0.003677457846471095
Q57,566,Q172,8.13008130081294e-05,0.0001626016260162588
Q57,566,Q173,0.0,0.0
Q57,566,Q174,0.0004878048780487765,0.0007882406272221608
Q57,566,Q175,-0.00040650406504065594,0.001991455075433478
Q57,566,Q176,8.130081300812946e-05,0.002110691867601155
Q57,566,Q177,0.000731707317073167,0.0022908947648138623
Q57,566,Q178,0.0,0.0
Q57,566,Q179,0.0,0.0
Q57,566,Q180,0.0,0.0
Q57,566,Q181,0.0004878048780487765,0.000975609756097553
Q57,566,Q182,0.0,0.0
Q57,566,Q183,-0.0001626016260162588,0.0003252032520325176
Q57,566,Q184,0.0,0.0
Q57,566,Q185,0.0007317073170731804,0.006521318578912342
Q57,566,Q186,0.0008130081300813007,0.0027208456147449485
Q57,566,Q187,0.0,0.0
Q57,566,Q188,0.0,0.0
Q57,566,Q189,0.0006504065040650421,0.0025005782925576607
Q57,566,Q190,-0.0004065040650406583,0.0029087063121948447
Q57,566,Q191,-0.0006504065040650352,0.0013008130081300705
Q57,566,Q192,0.00024390243902438824,0.0009481222593244313
Q57,566,Q193,0.0007317073170731759,0.002563232970802334
Q57,566,Q194,2.222614453595284e-18,0.0004453028922806212
Q57,566,Q195,-0.00040650406504064705,0.0020243739183721503
Q57,566,Q196,0.0034959349593495963,0.007071768854628502
Q57,566,Q197,0.001788617886178867,0.004888876871015593
Q57,566,Q198,-0.000894308943089437,0.0032459292321426205
Q57,566,Q199,-0.0018699186991869943,0.0039462312518736935
Q57,566,Q200,-0.00024390243902438824,0.0004878048780487765
Q57,566,Q201,0.0021951219512195206,0.0020823168251814326
Q57,566,Q202,-0.0006504065040650398,0.0013008130081300796
Q57,566,Q203,-0.0005691056910569082,0.002629424655088796
Q57,566,Q204,0.0,0.0
Q57,566,Q205,0.00040650406504064705,0.0008130081300812941
Q57,566,Q206,8.130081300812935e-05,0.0018610606735381308
Q57,566,Q207,0.0012195121951219545,0.0025058593508003983
Q57,566,Q208,0.0008130081300812941,0.0010283829789165377
Q57,566,Q209,-0.00024390243902438604,0.00032520325203251653
Q57,566,Q210,0.00024390243902438596,0.0027159826160146395
Q57,566,Q211,0.0011382113821138185,0.0013457679152233085
Q57,566,Q212,-2.168404344971009e-18,0.0035809293569992445
Q57,566,Q213,-0.0001626016260162522,0.0015553761357486953
Q57,566,Q214,0.0025203252032520345,0.0070708341154988325
Q57,566,Q215,-0.0019512195121951167,0.0034435477373247854
Q57,566,Q216,0.0010569105691056824,0.0028582757449182035
Q57,566,Q217,-0.000975609756097553,0.0016381659902121723
Q57,566,Q218,0.00040650406504066266,0.0015848446089120416
Q57,566,Q219,0.0002439024390243883,0.0023647218816664826
Q57,566,Q220,0.0005691056910569059,0.0011382113821138118
Q57,566,Q221,-0.0017073170731707397,0.004500277236779859
Q57,566,Q222,0.00040650406504065366,0.002356321422144617
Q57,566,Q223,-0.0007317073170731713,0.0016740862017865035
Q57,566,Q224,0.00024390243902440152,0.0017550433451156853
Q57,566,Q225,-0.00024390243902439496,0.0024062843230810943
Q57,566,Q226,-8.130081300812947e-05,0.0018962445186488624
Q57,566,Q227,-0.00024390243902439046,0.0024606090976295046
Q57,566,Q228,-0.0008130081300812941,0.0009957275377167308
Q57,566,Q229,0.0005691056910569059,0.0011382113821138118
Q57,566,Q230,0.0012195121951219412,0.0025190135585088686
Q57,566,Q231,-8.13008130081316e-05,0.005118723980064135
Q57,566,Q232,-0.0002439024390243882,0.001697610814456986
Q57,566,Q233,0.0,0.001285478723645672
Q57,566,Q234,0.0005691056910569059,0.0011382113821138118
Q57,566,Q234A,-0.0019512195121951282,0.004666128407246099
Q57,566,Q235,-0.0007317073170731647,0.0014634146341463293
Q57,566,Q236,0.0,0.0
Q57,566,Q237,-0.0004065040650406382,0.0023422537058354503
Q57,566,Q238,0.0,0.0
Q57,566,Q239,0.001138211382113825,0.004708433247339925
Q57,566,Q240,-0.0003252032520325198,0.0018962445186488665
Q57,566,Q241,-8.130081300812058e-05,0.0025373148836304255
Q57,566,Q242,-0.0003252032520325199,0.0028675109087070347
Q57,566,Q243,-0.0006504065040650352,0.0012751534261266663
Q57,566,Q244,-0.000487804878048783,0.004536847618960565
Q57,566,Q245,0.0013008130081300887,0.0017886178861788633
Q57,566,Q246,0.0015447154471544763,0.004441138303657765
Q57,566,Q247,-0.0004878048780487721,0.004680272508820912
Q57,566,Q248,-0.0006504065040650352,0.0006083995750851887
Q57,566,Q249,0.0026829268292682972,0.0047238500963687645
Q57,566,Q250,0.0011382113821138274,0.0013940185528034423
Q57,566,Q251,0.0001626016260162588,0.0006083995750851887
Q57,566,Q252,8.13008130081294e-05,0.0001626016260162588
Q57,566,Q253,0.0010569105691056913,0.0014452348646041523
Q57,566,Q254,0.0005691056910569059,0.0007087640558602662
Q57,566,Q255,0.00048780487804878976,0.0009756097560975795
Q57,566,Q256,-0.0001626016260162588,0.0003252032520325176
Q57,566,Q257,-8.13008130081294e-05,0.0003982910150866923
Q57,566,Q258,0.0,0.0
Q57,566,Q259,-0.0006504065040650332,0.0015339806718791115
Q57,392,Q260,0.000390017023346303,0.00220960154706267
Q57,392,Q262,0.0026656736381323,0.008129679717705866
Q57,392,Q263,0.0,0.0
Q57,392,Q264,0.0,0.0
Q57,392,Q265,0.0,0.0
Q57,392,Q266,0.0,0.0
Q57,392,Q267,0.0,0.0
Q57,392,Q268,0.0,0.0
Q57,392,Q269,0.0,0.0
Q57,392,Q270,0.0013272130350194546,0.009172968697320781
Q57,392,Q271,-0.0015582441634241207,0.002013995827721792
Q57,392,Q272,0.0,0.0
Q57,392,Q273,-0.00015533803501945441,0.0020457669995881177
Q57,392,Q274,-0.0020254742217898783,0.009667892053965427
Q57,392,Q275,-0.00202517023346303,0.004365577684844339
Q57,392,Q276,0.001566147859922182,0.006634895461949703
Q57,392,Q277,8.116488326848519e-05,0.006269518927419025
Q57,392,Q278,0.001796267023346303,0.0039960021654298775
Q57,392,Q279,-0.0003121960116731513,0.0047482985995206265
Q57,392,Q280,-0.0008587670233463028,0.006763123728621604
Q57,392,Q281,0.0014126337548638194,0.006654821929098901
Q57,392,Q282,0.0001608098249027279,0.004737381277499377
Q57,392,Q283,0.003363326848249031,0.010952858682118836
Q57,392,Q284,0.00023437500000000005,0.0003125
Q57,392,Q285,0.00015989785992218223,0.002751307880496457
Q57,392,Q286,-0.0009375,0.0044784095774895345
Q57,392,Q287,0.004691147859922183,0.009190503101584653
Q57,392,Q288,-0.0013196133268482432,0.010490080276191124
Q57,392,Q289CS9,0.000703125,0.0022426093897511446
Q57,392,Q1,0.0,0.0
Q57,392,Q2,-0.0011700510700389088,0.0020952970484004662
Q57,392,Q3,0.001483159046692606,0.005125363125815137
Q57,392,Q4,-0.0015600680933852118,0.0032105085819474025
Q57,392,Q5,0.0009387159533073942,0.004875779222096999
Q57,392,Q6,0.00031249999999999995,0.0015702930658001392
Q57,392,Q7,0.0,0.0
Q57,392,Q8,0.0027380228599221826,0.004960252859664329
Q57,392,Q9,-0.0007031250000000001,0.0021874999999999998
Q57,392,Q10,0.00015716196498054557,0.0015734065792066998
Q57,392,Q11,0.0003125,0.00045554311678478907
Q57,392,Q12,-0.0008560311284046662,0.0018656027383773491
Q57,392,Q13,0.0032873297665369705,0.007829638645266814
Q57,392,Q14,0.0010937499999999999,0.0009375
Q57,392,Q15,0.0,0.0
Q57,392,Q16,9.119649805455678e-07,0.0007397177266007279
Q57,392,Q17,0.0,0.0
Q57,392,Q18,0.0,0.0
Q57,392,Q19,-0.0005468749999999999,0.0010937499999999999
Q57,392,Q20,0.0017944430933852118,0.00557100030277181
Q57,392,Q21,7.812499999999999e-05,0.000625
Q57,392,Q22,0.001559460116731515,0.0024302669950007796
Q57,392,Q23,0.000546875,0.0019232083789204955
Q57,392,Q24,0.00078125,0.0015625
Q57,392,Q25,0.0005477869649805454,0.003301173632717594
Q57,392,Q26,-0.00015625,0.0003125
Q57,392,Q27,-0.0020245622568093326,0.010597289228524832
Q57,392,Q28,-7.508511673151481e-05,0.0020524625943087985
Q57,392,Q29,0.0019549489299610914,0.006110470892965523
Q57,392,Q30,-0.0016381930933852117,0.003513732994824234
Q57,392,Q31,-2.127918287939752e-06,0.003509627134256257
Q57,392,Q32,0.003592838035019455,0.005982928737841947
Q57,392,Q33,0.0009423638132295762,0.007072172688098853
Q57,392,Q34,0.002657465953307394,0.0036579857284287816
Q57,392,Q35,0.0016418409533073938,0.010695630560574458
Q57,392,Q36,0.00398133511673152,0.005614184413859402
Q57,392,Q37,0.0029708779182879394,0.0074657528283605225
Q57,392,Q38,0.0014095938715953337,0.004535126507664886
Q57,392,Q39,-0.00023407101167314946,0.0061247132508006836
Q57,392,Q40,-0.00023376702334630285,0.003735234025175326
Q57,392,Q41,-0.002028818093385212,0.0022819084566891115
Q57,392,Q42,0.0017968749999999999,0.004845009916785516
Q57,392,Q43,0.00015625000000000014,0.003710731902199349
Q57,392,Q44,-0.000234375,0.0013212136347881063
Q57,392,Q45,0.00140625,0.0022723499331639046
Q57,392,Q46,-0.0009344601167315147,0.0015684434960828244
Q57,392,Q47,0.003045355058365757,0.004331921184008914
Q57,392,Q48,0.0014053380350194562,0.007597056967030399
Q57,392,Q49,0.001328732976653699,0.006174139225089166
Q57,392,Q50,-0.0028799854085603017,0.01044320771575743
Q57,392,Q51,0.00125,0.0031386420979063537
Q57,392,Q52,0.0010937499999999999,0.00240035804620894
Q57,392,Q53,0.0025796449416342427,0.0042315666891625334
Q57,392,Q54,0.00031249999999999995,0.00129319885603491
Q57,392,Q55,0.000234375,0.00046875
Q57,392,Q56,0.001806906614785997,0.010419598290545668
Q57,392,Q58,0.0005502188715953337,0.007295678742487171
Q57,392,Q59,0.007732551070038908,0.006990866656879891
Q57,392,Q60,0.0016454888132295766,0.006721220307201459
Q57,392,Q61,0.03934520914396888,0.016446241933280092
Q57,392,Q62,0.008983159046692606,0.00900404035536694
Q57,392,Q63,0.005785809824902731,0.008307233936876697
Q57,392,Q64,0.0060138010700389105,0.008999035841343435
Q57,392,Q65,0.00015625000000000006,0.005126571786413412
Q57,392,Q66,0.01397799124513619,0.0069991106144757734
Q57,392,Q67,0.0034347641050583634,0.004456505615462623
Q57,392,Q68,0.001174306906614788,0.004233610798917195
Q57,392,Q69,0.003825997081712063,0.0018729898296973807
Q57,392,Q70,0.0029681420233463028,0.002162857911457054
Q57,392,Q71,0.0007800340466926058,0.003554206427724335
Q57,392,Q72,0.0015625000000000003,0.004971844555217913
Q57,392,Q73,0.0,0.003975940828124835
Q57,392,Q74,-0.0007772981517509693,0.004925250598703402
Q57,392,Q75,-0.0012499999999999998,0.0054654007601227204
Q57,392,Q76,-0.00038910505836575737,0.0028268117892836938
Q57,392,Q77,0.0006280398832684852,0.003222589902188998
Q57,392,Q78,-0.0017090223735408473,0.005661608442403151
Q57,392,Q79,-0.00015533803501945436,0.005336399048431795
Q57,392,Q80,0.0023422300583657574,0.004515189794769655
Q57,392,Q81,0.0035940539883268486,0.010752793960764619
Q57,392,Q82,-0.0007013010700389089,0.004407677652312744
Q57,392,Q82_APEC,0.0003906249999999999,0.0013975424859373686
Q57,392,Q83,0.004840102140077818,0.0033294410279735742
Q57,392,Q84,-0.0007003891050583633,0.0037722998290416706
Q57,392,Q85,0.0012545598249027279,0.005879336341282655
Q57,392,Q86,0.0009371960116731515,0.0014947306030245388
Q57,392,Q87,0.00140625,0.0053537005309411915
Q57,392,Q88,0.0011767388132295762,0.006982551281522392
Q57,392,Q89,0.00203125,0.0028958989051329127
Q57,392,Q90,0.0005465710116731514,0.0015934735222110695
Q57,392,Q91,0.0008593750000000001,0.0028103290232195234
Q57,392,Q92,-0.0011715710116731515,0.003192702060190758
Q57,392,Q93,0.0032794260700389085,0.0054050771462402876
Q57,392,Q94,0.0,0.0
Q57,392,Q95,0.0007019090466926059,0.0005722812579254185
Q57,392,Q96,0.001561892023346303,0.0025557216516698075
Q57,392,Q97,0.0004690539883268485,0.0035146825624370174
Q57,392,Q98,0.0,0.0014823176532039277
Q57,392,Q99,0.0,0.0
Q57,392,Q100,0.0,0.0
Q57,392,Q101,0.0,0.0
Q57,392,Q102,0.0,0.0
Q57,392,Q103,0.0,0.0
Q57,392,Q104,0.0,0.0
Q57,392,Q105,0.00078125,0.0017643109047869089
Q57,392,Q106,0.0014077699416342427,0.006640316335784405
Q57,392,Q107,0.0012542558365758794,0.004545131095561652
Q57,392,Q108,0.004762281128404669,0.005119733948095312
Q57,392,Q109,0.003750607976653697,0.004907032132192362
Q57,392,Q110,0.0028131079766536967,0.008067435916779506
Q57,392,Q111,-0.0017169260700389088,0.0076329478938795756
Q57,392,Q112,0.005934764105058367,0.00883406054323877
Q57,392,Q113,-0.00038849708171206037,0.0037372575876463534
Q57,392,Q114,0.000546875,0.00203125
Q57,392,Q115,-0.00046875,0.0009375
Q57,392,Q116,0.0007803380350194543,0.001076549498550555
Q57,392,Q117,0.0002371108949416367,0.0025467348477358712
Q57,392,Q118,-0.001639713035019455,0.006242251360197678
Q57,392,Q119,-0.0010904061284046662,0.00432906803824465
Q57,392,Q120,0.003285505836575879,0.00878821507558571
Q57,392,Q121,0.0024224829766536973,0.00863391258189789
Q57,392,Q122,-0.0017187500000000002,0.0034375000000000005
Q57,392,Q123,-0.0007016050583657573,0.004483435050890631
Q57,392,Q124,0.005003951848249031,0.008001983263675875
Q57,392,Q125,0.0007019090466926059,0.0008687646009838911
Q57,392,Q126,0.0017184460116731516,0.001554927659451977
Q57,392,Q127,-0.0003884970817120603,0.002456119696578374
Q57,392,Q128,-7.508511673151473e-05,0.002067277885840896
Q57,392,Q129,0.0035162329766536974,0.003431408141772811
Q57,392,Q130,0.0015609800583657575,0.004501387970558474
Q57,392,Q131,0.0009347641050583631,0.005982402998665479
Q57,392,Q132,0.0014865029182879398,0.00717350085961105
Q57,392,Q133,0.001957380836575879,0.0049777714359095105
Q57,392,Q134,-0.0017187500000000002,0.006750470180383735
Q57,392,Q135,-0.0016378891050583635,0.004208845412871966
Q57,392,Q136,0.0038335967898832737,0.007446320270805625
Q57,392,Q137,0.0011764348249027278,0.006380238632317601
Q57,392,Q138,0.0014865029182879394,0.0050334945820811675
Q57,392,Q139,-0.0003125,0.000625
Q57,392,Q140,0.0005456590466926059,0.0008399665597594578
Q57,392,Q142,0.000703732976653697,0.005107310674817207
Q57,392,Q143,0.0044576848249027285,0.008119215588921988
Q57,392,Q144,0.0,0.0
Q57,392,Q145,0.0,0.0
Q57,392,Q146,0.0014865029182879396,0.005129583824038796
Q57,392,Q147,-0.001015625,0.0021763106683100187
Q57,392,Q148,0.002967534046692606,0.008481713325684665
Q57,392,Q149,0.0023407101167315174,0.005835079649486126
Q57,392,Q150,0.0018746960116731517,0.004387640723239649
Q57,392,Q151,0.0026565539883268486,0.005352387344402391
Q57,392,Q152,0.001173090953307394,0.0052633940672364606
Q57,392,Q153,0.0042190539883268504,0.004121818224673118
Q57,392,Q154,0.0002343750000000002,0.006972847730213962
Q57,392,Q155,0.0035134970817120603,0.007769627566088342
Q57,392,Q156,-0.00023376702334630277,0.006049464124331796
Q57,392,Q157,0.001798698929961091,0.0037169174450264195
Q57,392,Q158,-0.00038667315175096913,0.007660211106985477
Q57,392,Q159,0.00491974708171206,0.004520142811450176
Q57,392,Q160,0.004065235894941639,0.009931162954383807
Q57,392,Q161,-0.0024197470817120606,0.005476437157903394
Q57,392,Q162,0.0024240029182879394,0.006503833584782945
Q57,392,Q163,-0.0002304231517509692,0.00413379290510009
Q57,392,Q164,-0.0008596789883268486,0.006985037172776426
Q57,392,Q165,0.001872568093385212,0.006495664009275122
Q57,392,Q166,-0.0018728720817120605,0.0058741499892612185
Q57,392,Q167,-0.0010922300583657576,0.003600175555262053
Q57,392,Q168,-0.00023437499999999986,0.0038081430021731063
Q57,392,Q169,0.0007839858949416368,0.004175233290587466
Q57,392,Q170,0.0004678380350194566,0.008936281067282217
Q57,392,Q171,0.001485590953307394,0.002114846724340289
Q57,392,Q172,0.0013259970817120603,0.0037751616974588164
Q57,392,Q173,0.0025753891050583635,0.006691060511045238
Q57,392,Q174,7.934095330739436e-05,0.004387083809164112
Q57,392,Q175,0.0010967898832684852,0.0027610589860823857
Q57,392,Q176,0.008046875,0.005505457164827458
Q57,392,Q177,0.0014843750000000002,0.0024631066828803825
Q57,392,Q178,0.000390625,0.00078125
Q57,392,Q179,0.0,0.0
Q57,392,Q180,0.0,0.0
Q57,392,Q181,0.0,0.0
Q57,392,Q182,0.0031277358949416364,0.008037407810018158
Q57,392,Q183,-0.001404426070038909,0.001857736063587873
Q57,392,Q184,0.0010171449416342426,0.002885894476793455
Q57,392,Q185,0.0005517388132295767,0.005838600055075444
Q57,392,Q186,-0.0014804231517509692,0.006136347775988452
Q57,392,Q187,-0.0001526021400778173,0.008955658038538166
Q57,392,Q188,0.00047239785992218267,0.008482175307863576
Q57,392,Q189,-7.690904669260591e-05,0.0008678893882796683
Q57,392,Q190,0.00015381809338521176,0.0019973708872299675
Q57,392,Q191,0.0,0.0
Q57,392,Q192,-0.00015625,0.0003125
Q57,392,Q193,0.0036682271400778226,0.007934513891824825
Q57,392,Q194,-0.0004690539883268485,0.0013619642578639281
Q57,392,Q195,0.0010192728599221824,0.008927876566213303
Q57,392,Q196,0.000857551070038909,0.0028949661454946277
Q57,392,Q197,0.0014071619649805456,0.0063205153499172485
Q57,392,Q198,0.004841318093385212,0.005670052611477028
Q57,392,Q199,-0.00046449416342412046,0.008521371021309954
Q57,392,Q200,0.0009390199416342426,0.0034094754522605557
Q57,392,Q201,-0.0017166220817120604,0.0017561533772346262
Q57,392,Q202,0.000234375,0.00046875000000000004
Q57,392,Q203,0.0011749148832684853,0.003532898269178663
Q57,392,Q204,-0.0004635821984435752,0.008082659412624016
Q57,392,Q205,-0.001953125,0.005872381397801918
Q57,392,Q206,0.0025009119649805457,0.0026086068161749907
Q57,392,Q207,1.0031614786001724e-05,0.00983497017004776
Q57,392,Q208,0.0006277358949416369,0.004330333402060295
Q57,392,Q209,0.003438715953307394,0.0051360926728005836
Q57,392,Q210,0.0010186648832684851,0.0028288406945490923
Q57,392,Q211,0.00031432392996109097,0.006221818609053443
Q57,392,Q212,0.002502431906614788,0.006752965831378296
Q57,392,Q213,0.001646400778210122,0.006609241147979643
Q57,392,Q214,0.0012509119649805455,0.006993508433904687
Q57,392,Q215,-0.000546267023346303,0.0007652803339208615
Q57,392,Q216,-0.0003085481517509691,0.005495381044208377
Q57,392,Q217,0.002810676070038909,0.005431953403009873
Q57,392,Q218,0.0009384119649805458,0.003987720864505041
Q57,392,Q219,-0.0020263861867704236,0.004718188454941364
Q57,392,Q220,0.0035937499999999997,0.005646659687372704
Q57,392,Q221,0.004140625,0.008830544469340494
Q57,392,Q222,0.006243616245136188,0.00784988753291204
Q57,392,Q223,0.0008621108949416368,0.005129001585688506
Q57,392,Q224,-0.0010913180933852116,0.003715979468599975
Q57,392,Q225,0.002421875,0.004780330793993236
Q57,392,Q226,0.004063715953307398,0.007093371291791482
Q57,392,Q227,0.002967534046692608,0.003032378656120773
Q57,392,Q228,0.003281250000000002,0.00376786110993359
Q57,392,Q229,0.00046844601167315145,0.002296407056210131
Q57,392,Q230,0.0066384970817120635,0.009287589474940173
Q57,392,Q231,0.0011706590466926058,0.0031924797641329507
Q57,392,Q232,0.004845269941634243,0.008608870327490699
Q57,392,Q233,0.0059381079766536995,0.0067715321898746345
Q57,392,Q234,-0.0003903210116731515,0.002139541326636532
Q57,392,Q234A,-0.0009335481517509694,0.0065367091639337935
Q57,392,Q235,0.0017172300583657575,0.0027464963281878304
Q57,392,Q236,0.002658681906614788,0.006437327853441647
Q57,392,Q237,-7.8125e-05,0.0003827327723098716
Q57,392,Q238,0.001487414883268485,0.00420617077602334
Q57,392,Q239,0.0010937499999999999,0.0018221724671391563
Q57,392,Q240,0.0001617217898832729,0.009158680238979087
Q57,392,Q241,0.000157465953307394,0.0032544629664010027
Q57,392,Q242,-0.00031098005836575747,0.003271175375710224
Q57,392,Q243,0.003754559824902728,0.006476207040151919
Q57,392,Q244,7.873297665369709e-05,0.004001822274747956
Q57,392,Q245,0.0007046449416342427,0.004455645227653159
Q57,392,Q246,0.0016388010700389088,0.003986352103474331
Q57,392,Q247,0.001177346789883273,0.009192664182469935
Q57,392,Q248,0.002497264105058363,0.010006435429144303
Q57,392,Q249,-0.0003125000000000001,0.006324748327502842
Q57,392,Q250,0.0007815539883268485,0.0026835492047835754
Q57,392,Q251,0.00046692607003890913,0.004779616728308653
Q57,392,Q252,-0.002185068093385212,0.006557502186467528
Q57,392,Q253,-8.673617379884036e-20,0.002223476479805892
Q57,392,Q254,0.0007043409533073941,0.002268449539497331
Q57,392,Q255,0.0011740029182879396,0.0037199965348465626
Q57,392,Q256,0.0028140199416342424,0.010078315154810794
Q57,392,Q257,0.0019564688715953335,0.005040823988914641
Q57,392,Q258,0.005780034046692606,0.005342106096985619
Q57,392,Q259,0.002186284046692606,0.00604459844713063
Q57,76,Q260,-0.00011560693641618596,0.0018333816794397515
Q57,76,Q262,-0.000693641618497105,0.0011058454606768014
Q57,76,Q263,0.0,0.0
Q57,76,Q264,0.0,0.0
Q57,76,Q265,0.0,0.0
Q57,76,Q266,0.0,0.0
Q57,76,Q267,0.0,0.0
Q57,76,Q268,0.0,0.0
Q57,76,Q269,0.0,0.0
Q57,76,Q270,-0.00011560693641618158,0.00023121387283236316
Q57,76,Q271,0.0,0.0
Q57,76,Q272,0.0,0.0
Q57,76,Q273,-0.0004624277456647441,0.0009248554913294882
Q57,76,Q274,0.00028901734104046505,0.0005780346820809302
Q57,76,Q275,0.0,0.0
Q57,76,Q276,0.0002890173410404695,0.0005780346820809279
Q57,76,Q277,0.00028901734104046516,0.001380038888591148
Q57,76,Q278,5.780346820809301e-05,0.00011560693641618602
Q57,76,Q279,0.0006936416184971162,0.0013872832369942324
Q57,76,Q280,0.00011560693641618602,0.00023121387283237205
Q57,76,Q281,0.00011560693641619272,0.0012873443613479816
Q57,76,Q282,0.00023121387283237205,0.0006171721532966132
Q57,76,Q283,0.0007514450867052091,0.0012069718507411152
Q57,76,Q284,0.0004624277456647441,0.0005951231295368263
Q57,76,Q285,-0.00028901734104046505,0.0008954874788918964
Q57,76,Q286,-0.00011560693641617052,0.0011058454606768036
Q57,76,Q287,0.00017341040462427905,0.0003468208092485581
Q57,76,Q288,-4.445228907190568e-18,0.0006332052687921012
Q57,76,Q289CS9,0.0007514450867052091,0.0009603033367535435
Q57,76,Q290,0.00040462427745664,0.000566356009892049
Q57,76,Q1,0.0,0.0
Q57,76,Q2,0.002485549132947973,0.0021519665282064967
Q57,76,Q3,0.0,0.0
Q57,76,Q4,-0.00023121387283237205,0.0004624277456647441
Q57,76,Q5,-0.00034682080924854477,0.0006936416184970894
Q57,76,Q6,0.0,0.0
Q57,76,Q7,0.0003468208092485581,0.0008842230370392193
Q57,76,Q8,0.0,0.0
Q57,76,Q9,-0.0003468208092485581,0.0006936416184971162
Q57,76,Q10,0.00011560693641618602,0.00023121387283237205
Q57,76,Q11,0.0,0.0
Q57,76,Q12,5.780346820809302e-05,0.0008255986622592965
Q57,76,Q13,0.0,0.0
Q57,76,Q14,0.0,0.0
Q57,76,Q15,0.0,0.0
Q57,76,Q16,5.780346820809301e-05,0.00011560693641618602
Q57,76,Q17,-0.0006358381502890031,0.0012716763005780063
Q57,76,Q18,0.0004624277456647441,0.0009248554913294882
Q57,76,Q19,0.0,0.0
Q57,76,Q20,0.0,0.0
Q57,76,Q21,0.0,0.0
Q57,76,Q22,0.0,0.0
Q57,76,Q23,0.0,0.0
Q57,76,Q24,0.00011560693641619714,0.0009248554913294798
Q57,76,Q25,0.0,0.0
Q57,76,Q26,0.0,0.0
Q57,76,Q27,0.0006936416184971162,0.0011647076115381492
Q57,76,Q28,0.00046242774566475077,0.0010906336568851584
Q57,76,Q29,0.0,0.0
Q57,76,Q30,0.0005780346820809123,0.0007536650179424756
Q57,76,Q31,0.0,0.0
Q57,76,Q32,5.780346820809301e-05,0.00011560693641618602
Q57,76,Q33,0.0,0.0
Q57,76,Q34,0.00028901734104046727,0.0005780346820809345
Q57,76,Q35,0.0,0.0
Q57,76,Q36,0.00023121387283237205,0.0004624277456647441
Q57,76,Q37,-0.0008092485549132911,0.0010563969296241108
Q57,76,Q38,0.0,0.0
Q57,76,Q39,0.0004046242774566511,0.0005663560098920694
Q57,76,Q40,-0.00028901734104045393,0.0005780346820809078
Q57,76,Q41,-0.00017341040462427905,0.0008495340148381041
Q57,76,Q42,0.0,0.0
Q57,76,Q43,0.0004624277456647463,0.0005951231295368278
Q57,76,Q44,0.0,0.0
Q57,76,Q45,0.0,0.0
Q57,76,Q46,-0.0002890173410404584,0.0003655812323894008
Q57,76,Q47,0.0,0.0
Q57,76,Q48,-0.00028901734104046505,0.0009320529188784535
Q57,76,Q49,0.0002312138728323654,0.0008051091489701911
Q57,76,Q50,0.00046242774566474415,0.0017010334068858143
Q57,76,Q51,0.0005780346820809344,0.0016349289738417233
Q57,76,Q52,-0.000289017341040465,0.0016349289738417433
Q57,76,Q53,0.0,0.0
Q57,76,Q54,0.0010404624277456829,0.0021048718446281087
Q57,76,Q55,0.0,0.0
Q57,76,Q56,-0.00017341040462427244,0.0009603033367535066
Q57,76,Q58,0.0001156069364161993,0.0027210641146681756
Q57,76,Q59,0.0011560693641618626,0.0021080442229838717
Q57,76,Q60,0.0003468208092485738,0.0029778605485297534
Q57,76,Q61,0.0008092485549132933,0.004369422240222932
Q57,76,Q62,0.0006358381502890231,0.0009029190376770781
Q57,76,Q63,0.0010404624277456586,0.0015467153942496368
Q57,76,Q64,-0.000751445086705187,0.0017010334068857972
Q57,76,Q65,-0.0005780346820809235,0.0007311624647788104
Q57,76,Q66,0.00028901734104046505,0.00044774373944594817
Q57,76,Q67,0.0,0.0
Q57,76,Q68,0.00034682080924855143,0.00042476700741904394
Q57,76,Q69,-0.00034682080924856255,0.00042476700741905755
Q57,76,Q70,-0.00017341040462427016,0.0010275369268572994
Q57,76,Q71,0.0005202312138728504,0.0017947022770242796
Q57,76,Q72,0.00011560693641617936,0.0017778678033791694
Q57,76,Q73,-0.0004046242774566356,0.0008092485549132711
Q57,76,Q74,0.0,0.0
Q57,76,Q75,-0.00023121387283237205,0.0004624277456647441
Q57,76,Q76,-0.0006358381502890076,0.0014554541401172114
Q57,76,Q77,0.0010404624277456764,0.001956798945642882
Q57,76,Q78,0.0005202312138728371,0.0010875657642905705
Q57,76,Q79,4.440892098500626e-18,8.881784197001253e-18
Q57,76,Q80,5.780346820809293e-05,0.0020550738537146057
Q57,76,Q81,0.0,0.0
Q57,76,Q82,0.0005202312138728371,0.0010404624277456742
Q57,76,Q82_MERCOSUR,0.0,0.0
Q57,76,Q83,0.00028901734104045393,0.0005780346820809078
Q57,76,Q84,0.0005202312138728238,0.0006936416184970928
Q57,76,Q85,0.00023121387283237205,0.0004624277456647441
Q57,76,Q86,-5.78034682080863e-05,0.0028045108602793405
Q57,76,Q87,0.0,0.0
Q57,76,Q88,0.0,0.0
Q57,76,Q89,0.0004624277456647441,0.0009248554913294882
Q57,76,Q90,0.0010982658959537539,0.0009391951912873938
Q57,76,Q91,-0.00046242774566473515,0.0005663560098920586
Q57,76,Q92,0.0,0.0
Q57,76,Q93,0.0008670520231213952,0.0012397462768512955
Q57,76,Q94,-0.00011560693641618604,0.0003920421955563775
Q57,76,Q95,0.0,0.0
Q57,76,Q96,0.0007514450867051913,0.0009603033367535145
Q57,76,Q97,0.0,0.0
Q57,76,Q98,0.0,0.0
Q57,76,Q99,0.0,0.0
Q57,76,Q100,0.0,0.0
Q57,76,Q101,0.0,0.0
Q57,76,Q102,0.0,0.0
Q57,76,Q103,0.0,0.0
Q57,76,Q104,0.0,0.0
Q57,76,Q105,0.0,0.0
Q57,76,Q106,0.0001156069364161882,0.0018694753328088074
Q57,76,Q107,5.780346820810187e-05,0.0010242800662814528
Q57,76,Q108,-0.00011560693641617052,0.001164707611538131
Q57,76,Q109,0.0005780346820809301,0.0007967658238202512
Q57,76,Q110,8.847089727481716e-18,0.0014962056769416067
Q57,76,Q111,-0.0002890173410404651,0.0016349289738417433
Q57,76,Q112,0.0004624277456647463,0.0008689766692701215
Q57,76,Q113,0.0,0.0
Q57,76,Q114,-5.780346820808411e-05,0.0006436721806739816
Q57,76,Q115,0.00017341040462427905,0.0003468208092485581
Q57,76,Q116,0.0,0.0
Q57,76,Q117,0.0,0.0
Q57,76,Q118,-0.0005780346820809122,0.002027246001936433
Q57,76,Q119,0.0006358381502890254,0.001007837906020974
Q57,76,Q120,0.00011560693641619492,0.0002312138728323732
Q57,76,Q121,0.0002890173410404472,0.001318121878727312
Q57,76,Q122,0.0007514450867052091,0.001206971850741115
Q57,76,Q123,5.7803468208106334e-05,0.0016184971098265897
Q57,76,Q124,0.00017341040462427686,0.0009603033367535332
Q57,76,Q125,0.00023121387283237424,0.0011178658731683976
Q57,76,Q126,0.0004046242774566511,0.0008092485549133022
Q57,76,Q127,0.0006936416184971162,0.0008689766692701182
Q57,76,Q128,0.00017341040462429455,0.0013257046174774102
Q57,76,Q129,-0.0004046242774566356,0.0008092485549132711
Q57,76,Q130,0.0005202312138728415,0.001147366083310948
Q57,76,Q131,-0.00034682080924854477,0.0006936416184970894
Q57,76,Q132,-0.0009248554913294682,0.0013481969699064024
Q57,76,Q133,0.00034682080924854477,0.0006936416184970895
Q57,76,Q134,-5.780346820809087e-05,0.0016990680296762111
Q57,76,Q135,0.00028901734104046505,0.0008954874788918964
Q57,76,Q136,0.00034682080924855143,0.0007173221760688195
Q57,76,Q137,0.0005202312138728371,0.0010404624277456742
Q57,76,Q138,-0.0005202312138728327,0.0014894911822803773
Q57,76,Q139,0.0,0.0
Q57,76,Q140,-5.780346820809302e-05,0.001007837906020974
Q57,76,Q141,0.00011560693641618602,0.00023121387283237205
Q57,76,Q142,-0.00017341040462427905,0.0008495340148381041
Q57,76,Q143,0.0001734104046242656,0.0018333816794397142
Q57,76,Q144,0.0,0.0
Q57,76,Q145,0.00011560693641618602,0.00023121387283237205
Q57,76,Q146,-0.000520231213872826,0.0006436721806739808
Q57,76,Q147,0.00023121387283237208,0.0012451248108981624
Q57,76,Q148,5.7803468208093e-05,0.0006436721806739968
Q57,76,Q149,0.0005780346820809301,0.0007967658238202512
Q57,76,Q150,0.0,0.0
Q57,76,Q151,0.00017341040462427905,0.0003468208092485581
Q57,76,Q152,0.0004046242774566511,0.000503918953010487
Q57,76,Q153,-0.0008092485549132845,0.0006691235203924917
Q57,76,Q154,-0.00017341040462427905,0.0008495340148381041
Q57,76,Q155,0.0007514450867052092,0.000503918953010487
Q57,76,Q156,0.0005202312138728349,0.0009029190376770808
Q57,76,Q157,0.00023121387283237877,0.001544553666576541
Q57,76,Q158,0.00034682080924855805,0.001231634436570099
Q57,76,Q159,-0.00011560693641618602,0.0009775453482825387
Q57,76,Q160,0.0005780346820809301,0.0010177350787086226
Q57,76,Q161,0.0007514450867052092,0.0006740984849532201
Q57,76,Q162,0.0009248554913294793,0.0013968839275831989
Q57,76,Q163,0.0005202312138728371,0.0007840843911127549
Q57,76,Q164,0.00011560693641618602,0.00023121387283237205
Q57,76,Q165,0.0,0.0
Q57,76,Q166,0.0007514450867052092,0.0009248554913294882
Q57,76,Q167,0.00028901734104046505,0.0005780346820809302
Q57,76,Q168,0.0,0.0
Q57,76,Q169,0.00034682080924854477,0.0006936416184970895
Q57,76,Q170,0.0,0.0
Q57,76,Q171,0.0011560693641618602,0.0011704310249316052
Q57,76,Q172,0.0005780346820809301,0.0011560693641618604
Q57,76,Q173,-5.780346820809301e-05,0.00011560693641618602
Q57,76,Q174,5.780346820809301e-05,0.00011560693641618602
Q57,76,Q175,0.00017341040462427902,0.00023121387283237202
Q57,76,Q176,-0.0011560693641618405,0.0018730464446265632
Q57,76,Q177,0.00028901734104045177,0.0014392947512125698
Q57,76,Q178,0.0005202312138728371,0.000902919037677078
Q57,76,Q179,0.00034682080924854477,0.0005604254170423292
Q57,76,Q180,0.0003468208092485537,0.0021348191112854973
Q57,76,Q181,0.0,0.0
Q57,76,Q182,0.0004046242774566534,0.0018605175652521304
Q57,76,Q183,0.00011560693641620161,0.0018872633199207083
Q57,76,Q184,-0.00017341040462427905,0.0011208508340847104
Q57,76,Q185,0.00011560693641620599,0.0020239469826602943
Q57,76,Q186,0.0010404624277456764,0.001325704617477437
Q57,76,Q187,0.00028901734104046505,0.0005780346820809301
Q57,76,Q188,0.0002312138728323764,0.0020140175017553863
Q57,76,Q189,0.0,0.00036558123238941134
Q57,76,Q190,0.00011560693641618602,0.00023121387283237205
Q57,76,Q191,-0.00011560693641618602,0.00023121387283237205
Q57,76,Q192,0.00011560693641618602,0.00023121387283237205
Q57,76,Q193,-0.0008670520231213796,0.001675303670079703
Q57,76,Q194,0.0008670520231213952,0.0010967436971682342
Q57,76,Q195,0.0012716763005780462,0.0011208508340847106
Q57,76,Q196,0.0007514450867052092,0.0009248554913294882
Q57,76,Q197,0.0,0.0
Q57,76,Q198,0.000115606936416186,0.0006488423214058918
Q57,76,Q199,0.0007514450867051891,0.0010275369268572668
Q57,76,Q200,0.0007514450867051958,0.0010111477274297885
Q57,76,Q201,5.780346820809968e-05,0.00011560693641619936
Q57,76,Q202,0.0,0.0
Q57,76,Q203,0.0,0.0
Q57,76,Q204,0.00017341040462427905,0.0003468208092485581
Q57,76,Q205,0.00023121387283237205,0.0011327120197841389
Q57,76,Q206,0.0015606936416185002,0.002601798250850164
Q57,76,Q207,0.0,0.0
Q57,76,Q208,0.0004046242774566511,0.0008092485549133022
Q57,76,Q209,-0.0005202312138728149,0.0010563969296240932
Q57,76,Q210,0.0009826589595375722,0.0012069718507410883
Q57,76,Q211,0.00023121387283237205,0.0004624277456647441
Q57,76,Q212,-0.00017341040462426794,0.0006740984849531992
Q57,76,Q213,-0.000115606936416186,0.0010595550739782385
Q57,76,Q214,0.0009248554913294882,0.0008842230370392193
Q57,76,Q215,0.00028901734104046505,0.0010814038690098195
Q57,76,Q216,0.0004046242774566356,0.0008092485549132712
Q57,76,Q217,0.0,0.001096743697168234
Q57,76,Q218,0.0006936416184971094,0.0012478053840995693
Q57,76,Q219,-0.0004624277456647441,0.0009944884701783474
Q57,76,Q220,0.00023121387283237205,0.0005894820246928128
Q57,76,Q221,0.00028901734104046505,0.0005780346820809302
Q57,76,Q222,0.0,0.0
Q57,76,Q223,0.0,0.0
Q57,76,Q224,-0.000693641618497105,0.0006488423214058888
Q57,76,Q225,-0.00028901734104046505,0.0005780346820809301
Q57,76,Q226,0.0009248554913294814,0.0015872289269070667
Q57,76,Q227,0.0,0.0
Q57,76,Q228,-0.00017341040462427238,0.00023121387283236872
Q57,76,Q229,0.0004624277456647441,0.0009248554913294882
Q57,76,Q230,-0.0006936416184971161,0.0012478053840996011
Q57,76,Q231,-0.0006936416184970984,0.0012478053840995781
Q57,76,Q232,0.00017341040462427238,0.00034682080924854477
Q57,76,Q233,0.00011560693641618602,0.00023121387283237205
Q57,76,Q234,0.0,0.0
Q57,76,Q234A,0.0005202312138728371,0.0016990680296762083
Q57,76,Q235,0.0006358381502890276,0.0009029190376770792
Q57,76,Q236,-0.00023121387283235655,0.0010242800662814476
Q57,76,Q237,0.0002890173410404651,0.002010696778141762
Q57,76,Q238,0.00017341040462427905,0.0003468208092485581
Q57,76,Q239,-0.00017341040462427455,0.0003468208092485529
Q57,76,Q240,0.00023121387283238097,0.0013104952657519834
Q57,76,Q241,0.0004046242774566511,0.0012207348024244548
Q57,76,Q242,-0.0005780346820809169,0.0007967658238202537
Q57,76,Q243,0.00011560693641618604,0.0003920421955563775
Q57,76,Q244,0.00017341040462427902,0.000503918953010487
Q57,76,Q245,5.7803468208106334e-05,0.0014554541401172523
Q57,76,Q246,-0.00017341040462426794,0.00034682080924853593
Q57,76,Q247,-5.780346820809301e-05,0.0002831780049460347
Q57,76,Q248,-0.0009248554913294703,0.0008051091489701778
Q57,76,Q249,-0.0005780346820809301,0.001305386102963736
Q57,76,Q250,-0.0005780346820809257,0.0008954874788918963
Q57,76,Q251,0.00028901734104046505,0.00036558123238941134
Q57,76,Q252,-0.0003468208092485403,0.001087565764290543
Q57,76,Q253,0.0003468208092485581,0.0006936416184971162
Q57,76,Q254,-0.00017341040462427905,0.0003468208092485581
Q57,76,Q255,-0.00011560693641618602,0.00023121387283237205
Q57,76,Q256,0.0,0.0
Q57,76,Q257,-0.00011560693641619714,0.0011058454606768147
Q57,76,Q258,0.0006936416184971162,0.0006984419637916001
Q57,76,Q259,-5.7803468208088574e-05,0.00011560693641617713
Q57,818,Q260,0.0,0.0
Q57,818,Q262,0.0018423988842398889,0.004398648872415587
Q57,818,Q263,0.0,0.0
Q57,818,Q264,0.0,0.0
Q57,818,Q265,0.0,0.0
Q57,818,Q266,0.0,0.0
Q57,818,Q267,0.0,0.0
Q57,818,Q268,0.0,0.0
Q57,818,Q269,0.0,0.0
Q57,818,Q270,0.0002524407252440763,0.001336908659121059
Q57,818,Q271,0.0,0.0
Q57,818,Q272,0.0,0.0
Q57,818,Q273,0.0005020920502091996,0.0014590456714780342
Q57,818,Q274,-0.0008378661087866158,0.0017340067670417554
Q57,818,Q275,0.00024895397489539835,0.0012260271008374445
Q57,818,Q276,0.0007513947001394695,0.0008084525257457263
Q57,818,Q277,-0.0005010460251046056,0.0012753718729574433
Q57,818,Q278,0.0010857740585774134,0.0013366940308954804
Q57,818,Q279,0.002340655509065555,0.002315430014336221
Q57,818,Q280,0.0001642259414225844,0.0020573589268068717
Q57,818,Q281,-0.0010048814504881598,0.0016639555191499443
Q57,818,Q282,0.0009194560669455986,0.0009314699382503043
Q57,818,Q283,-0.0012534867503486778,0.0012952749594576534
Q57,818,Q284,0.0,0.0
Q57,818,Q285,0.0002499999999999991,0.0004999999999999983
Q57,818,Q286,0.0004184100418410108,0.0008368200836820217
Q57,818,Q287,-0.00033542538354253354,0.0015259513432764752
Q57,818,Q288,-0.0004201534170153565,0.0017528369462297573
Q57,818,Q289CS9,0.0,0.0
Q57,818,Q290,0.0,0.0
Q57,818,Q1,0.0,0.0
Q57,818,Q2,0.0006694560669455952,0.0017067847744243684
Q57,818,Q3,-0.0003350767085076778,0.0016573725616338085
Q57,818,Q4,0.000921548117154809,0.0018190378908241483
Q57,818,Q5,0.0,0.0
Q57,818,Q6,0.0,0.0
Q57,818,Q7,0.0,0.0
Q57,818,Q8,0.0,0.0
Q57,818,Q9,0.00033333333333333213,0.0017220362113722278
Q57,818,Q10,0.0,0.0
Q57,818,Q11,0.0,0.0
Q57,818,Q12,0.0011687587168758748,0.0014548908613244182
Q57,818,Q13,0.0006701534170153556,0.0017863713356464997
Q57,818,Q14,0.0,0.0
Q57,818,Q15,-0.0004184100418410108,0.0015430199928523907
Q57,818,Q16,-0.00016841004184099838,0.0010767882212273858
Q57,818,Q17,-0.00024860529986053153,0.0014831717957583237
Q57,818,Q18,0.0,0.0
Q57,818,Q19,0.0,0.0
Q57,818,Q20,-0.00016945606694560136,0.001860683145843664
Q57,818,Q21,-8.368200836819773e-05,0.00016736401673639542
Q57,818,Q22,-0.0002510460251046065,0.000502092050209213
Q57,818,Q23,0.0,0.0
Q57,818,Q24,0.0,0.0
Q57,818,Q26,-0.00016841004184101174,0.001108828056381805
Q57,818,Q27,-8.368200836820217e-05,0.00016736401673640434
Q57,818,Q28,-1.0460251046073148e-06,0.001957688948300132
Q57,818,Q29,0.0013371687587168824,0.0018211687932784357
Q57,818,Q30,0.0006638772663877355,0.0043237458067190045
Q57,818,Q31,-0.0008347280334728069,0.002789806760829276
Q57,818,Q32,0.0006666666666666598,0.001333333333333331
Q57,818,Q33,0.0003347280334727998,0.0006694560669455996
Q57,818,Q34,0.0,0.0
Q57,818,Q35,-0.0006673640167364113,0.0016202844458750836
Q57,818,Q37,0.0015038354253835461,0.0016809773503036153
Q57,818,Q38,0.0,0.0
Q57,818,Q39,-0.00033472803347280646,0.0008934793516344354
Q57,818,Q40,0.0005833333333333335,0.0015094526852179654
Q57,818,Q41,0.0,0.0
Q57,818,Q42,0.0006687587168758657,0.0009757729253816284
Q57,818,Q43,0.0,0.0
Q57,818,Q44,0.0,0.0
Q57,818,Q45,0.0,0.0
Q57,818,Q46,0.0005094142259414248,0.004326250800061611
Q57,818,Q47,0.0,0.0
Q57,818,Q48,0.00024895397489539835,0.0013353836875479978
Q57,818,Q49,0.0003329846582984697,0.0008900506533428727
Q57,818,Q50,0.0004996513249651335,0.0012754624280875008
Q57,818,Q51,0.0006691073919107414,0.0007761481214113127
Q57,818,Q52,0.0,0.0
Q57,818,Q53,-0.00016875871687587412,0.002498613036288766
Q57,818,Q54,0.0,0.0
Q57,818,Q55,-0.0006694560669455996,0.0013389121338911994
Q57,818,Q56,-0.0013371687587168822,0.0016175252459104525
Q57,818,Q58,0.0,0.0
Q57,818,Q59,0.00041945606694559817,0.002861347156133797
Q57,818,Q60,0.0012541841004184073,0.003217683399368329
Q57,818,Q61,-0.0016722454672245535,0.0023816333440787704
Q57,818,Q62,-0.00042085076708509706,0.0028478562777292382
Q57,818,Q63,0.0007506973500697246,0.0011304405990488313
Q57,818,Q64,0.0007524407252440657,0.0011350674351747856
Q57,818,Q66,-0.0005847280334727988,0.0007285653085577641
Q57,818,Q67,-0.0010843793584379324,0.0015720720696995175
Q57,818,Q68,-0.0005020920502092064,0.0008113271727893574
Q57,818,Q72,0.0,0.0
Q57,818,Q73,-0.0016673640167364037,0.0022860026102423507
Q57,818,Q74,0.0008340306834030665,0.0016887518745564705
Q57,818,Q75,-0.000417364016736399,0.0011527196652719555
Q57,818,Q77,0.00041666666666666745,0.001182457754722554
Q57,818,Q78,0.00016666666666666604,0.0005651941652604369
Q57,818,Q79,0.0006684100418410077,0.0010776008273035223
Q57,818,Q80,0.0015868200836820056,0.0008522379653088623
Q57,818,Q81,0.0002496513249651322,0.001388804834751292
Q57,818,Q82,0.0,0.0
Q57,818,Q82_ARABLEAGUE,0.0,0.0
Q57,818,Q82_GULFCOOP,0.0,0.0
Q57,818,Q82_ISLCOOP,0.0,0.0
Q57,818,Q82_UNDP,0.0,0.0
Q57,818,Q83,0.0001673640167363999,0.0003347280334727998
Q57,818,Q84,-0.000502092050209213,0.001004184100418426
Q57,818,Q85,0.0,0.0
Q57,818,Q86,0.0,0.0
Q57,818,Q87,0.0,0.0
Q57,818,Q88,0.0002510460251045998,0.0005020920502091996
Q57,818,Q89,0.0,0.0
Q57,818,Q90,-0.0010864714086471384,0.0023100260250016134
Q57,818,Q91,8.193863319385652e-05,0.0011922901903097
Q57,818,Q92,0.00033333333333333213,0.0006666666666666643
Q57,818,Q93,0.0005006973500697386,0.0019442200609538648
Q57,818,Q94,0.0,0.0
Q57,818,Q95,0.0,0.0
Q57,818,Q96,0.0,0.0
Q57,818,Q97,0.0,0.0
Q57,818,Q98,0.0,0.0
Q57,818,Q99,0.0,0.0
Q57,818,Q100,0.0,0.0
Q57,818,Q101,0.0,0.0
Q57,818,Q102,0.0,0.0
Q57,818,Q103,0.0,0.0
Q57,818,Q104,0.0,0.0
Q57,818,Q105,0.0,0.0
Q57,818,Q106,1.7433751743411735e-06,0.0016881468290611773
Q57,818,Q107,0.00033158995815899537,0.0019995108468540933
Q57,818,Q108,0.0005843793584379431,0.0011672661170121668
Q57,818,Q109,8.368200836820656e-05,0.001852238778310158
Q57,818,Q110,8.368200836819993e-05,0.0006694560669455996
Q57,818,Q111,0.0006680613668061409,0.0008182077044977829
Q57,818,Q112,-0.0002499999999999991,0.0012247448713915848
Q57,818,Q119,0.0,0.0
Q57,818,Q120,-0.0002493026499302675,0.0018785088761167556
Q57,818,Q121,0.0013354253835425457,0.0021985588130508456
Q57,818,Q122,0.0002510460251046065,0.0009758915305180574
Q57,818,Q123,-1.046025104600723e-06,0.0011498103686608566
Q57,818,Q124,-0.0004166666666666652,0.0008333333333333305
Q57,818,Q125,0.001421548117154814,0.0014390337003208791
Q57,818,Q126,0.0004999999999999983,0.001695582495781311
Q57,818,Q127,0.00016666666666666606,0.00033333333333333213
Q57,818,Q128,0.0002510460251045998,0.0005020920502091996
Q57,818,Q129,0.00041945606694561156,0.001151960050120487
Q57,818,Q130,0.0,0.0
Q57,818,Q131,0.0001673640167363999,0.0011059629141628895
Q57,818,Q132,0.0,0.0
Q57,818,Q133,0.0007531380753138172,0.0015062761506276345
Q57,818,Q135,0.0,0.0
Q57,818,Q136,0.00025069735006973744,0.0023408397599227393
Q57,818,Q137,0.00175418410041841,0.0015252308664321695
Q57,818,Q139,0.00016736401673639765,0.0006262188095018999
Q57,818,Q140,0.0,0.0
Q57,818,Q142,-0.00033751743375174845,0.002525853935623075
Q57,818,Q143,0.0005833333333333379,0.0011666666666666592
Q57,818,Q144,0.0,0.0
Q57,818,Q145,0.0,0.0
Q57,818,Q149,0.0,0.0
Q57,818,Q150,0.0004996513249651335,0.0012193239253668973
Q57,818,Q151,-0.0002510460251046065,0.000502092050209213
Q57,818,Q152,0.0,0.0
Q57,818,Q153,-0.00024930264993025867,0.0013849835872696242
Q57,818,Q154,0.0005020920502091975,0.001897202351256016
Q57,818,Q155,-1.1102230246251566e-17,0.0020667931439713135
Q57,818,Q156,0.0,0.0
Q57,818,Q157,-0.00042015341701534986,0.0020476488771256044
Q57,818,Q158,0.0006656206415620591,0.002487616996364635
Q57,818,Q159,0.00033368200836819017,0.0009682986336711465
Q57,818,Q160,0.0003347280334727998,0.0010359398754610553
Q57,818,Q161,8.019525801952424e-05,0.002589992331552475
Q57,818,Q162,0.002335425383542535,0.0029480099127720386
Q57,818,Q163,0.0005003486750348674,0.0012747322753391382
Q57,818,Q164,0.0,0.0
Q57,818,Q166,0.0,0.0
Q57,818,Q167,0.0,0.0
Q57,818,Q168,0.0,0.0
Q57,818,Q169,0.0,0.0
Q57,818,Q171,0.0012541841004184073,0.002691101296147608
Q57,818,Q172,0.0010847280334728038,0.0011960114815792663
Q57,818,Q173,0.0,0.0
Q57,818,Q174,-8.333333333333309e-05,0.0017159383568311605
Q57,818,Q175,0.0014208507670850777,0.0011705566718711816
Q57,818,Q176,0.000753486750348673,0.0015048446113403065
Q57,818,Q177,-0.00024930264993026306,0.0009359116034854225
Q57,818,Q178,-0.00016666666666666606,0.00033333333333333213
Q57,818,Q179,0.0,0.0
Q57,818,Q180,0.0,0.0
Q57,818,Q181,0.0,0.0
Q57,818,Q184,0.00041806136680613284,0.0006481984246889596
Q57,818,Q185,0.0007531380753138172,0.0013071547574739384
Q57,818,Q187,0.0,0.0
Q57,818,Q188,0.0004184100418410108,0.001151202785113718
Q57,818,Q189,0.0001677126917712601,0.0011979798342041945
Q57,818,Q190,-0.0004986052998605283,0.0019452067394331418
Q57,818,Q191,-8.333333333333303e-05,0.00016666666666666606
Q57,818,Q192,0.0,0.0
Q57,818,Q194,0.0,0.0
Q57,818,Q195,0.0008350767085076782,0.0016470288184173276
Q57,818,Q199,0.0,0.0
Q57,818,Q200,-0.0001659693165969367,0.0008173514005582909
Q57,818,Q201,0.0,0.0
Q57,818,Q202,0.00016841004184100063,0.0010767882212273897
Q57,818,Q203,0.0,0.0
Q57,818,Q204,0.0,0.0
Q57,818,Q205,0.0,0.0
Q57,818,Q206,0.0002510460251046065,0.000502092050209213
Q57,818,Q207,0.0003364714086471543,0.0018949742344305295
Q57,818,Q208,0.0010020920502092111,0.0023077560750149402
Q57,818,Q209,0.0,0.0
Q57,818,Q210,0.0,0.0
Q57,818,Q211,0.0,0.0
Q57,818,Q212,0.0,0.0
Q57,818,Q213,0.0019194560669456018,0.0012805605112933605
Q57,818,Q214,-0.0003347280334727998,0.0008934793516344097
Q57,818,Q215,0.0,0.0
Q57,818,Q216,0.000502092050209213,0.001004184100418426
Q57,818,Q221,0.0010045327754532817,0.0026507042105501553
Q57,818,Q222,0.0013357740585774036,0.0029774917545595993
Q57,818,Q223,2.0920502092148033e-06,0.0015844487236077937
Q57,818,Q224,-0.00016736401673640434,0.0008199128846136291
Q57,818,Q225,0.0005017433751743372,0.001529363746512395
Q57,818,Q227,-0.0003361227336122674,0.0016381191017004607
Q57,818,Q228,0.0006666666666666621,0.0016209307985033503
Q57,818,Q229,0.00016631799163180808,0.0010071227148300648
Q57,818,Q230,0.001082287308228729,0.002644049344901385
Q57,818,Q231,-0.0010889121338912156,0.002220025091212406
Q57,818,Q232,0.0006694560669456174,0.0013389121338912347
Q57,818,Q233,0.0004180613668061417,0.0016504717571819059
Q57,818,Q234,0.0,0.0
Q57,818,Q234A,0.00025104602510460204,0.000729522835739029
Q57,818,Q235,8.542538354253445e-05,0.0014564477998948494
Q57,818,Q236,0.0,0.0
Q57,818,Q238,0.0004166666666666652,0.0008333333333333305
Q57,818,Q239,0.0007482566248256672,0.003541350463594258
Q57,818,Q241,8.368200836819993e-05,0.0004099564423068241
Q57,818,Q242,0.0005829846582984643,0.002946525125192286
Q57,818,Q243,-8.263598326360144e-05,0.0025842036977756686
Q57,818,Q244,0.0004180613668061417,0.0015822435119483315
Q57,818,Q246,0.0008329846582984614,0.0017699887749630743
Q57,818,Q247,0.0005041841004184078,0.001698976631537318
Q57,818,Q248,-0.0001670153417015374,0.0015997848963247
Q57,818,Q249,-0.0010000000000000143,0.0037275064770920267
Q57,818,Q250,-0.0006642259414226049,0.0028959786402525515
Q57,818,Q251,0.001000697350069728,0.0014368863920071783
Q57,818,Q253,0.0005024407252440776,0.0018970332985244172
Q57,818,Q254,-0.00016736401673640654,0.0016161815666541177
Q57,818,Q255,0.0,0.0
Q57,818,Q256,0.0,0.0
Q57,818,Q257,0.0,0.0
Q57,818,Q258,-0.0005847280334727967,0.0007285653085577608
Q57,818,Q259,8.333333333333305e-05,0.0015928261771431102
Q199,276,Q260,0.0045121611486124615,0.005181878892288198
Q199,276,Q262,0.004383799421407919,0.008907820043502044
Q199,276,Q263,0.0,0.0
Q199,276,Q264,0.00013071895424836554,0.0002614379084967311
Q199,276,Q265,0.00045687345976641374,0.0013813844147241097
Q199,276,Q266,6.493089038894563e-05,0.0005234654938495422
Q199,276,Q267,0.00013071895424836554,0.0002614379084967311
Q199,276,Q268,0.0003940855030536738,0.0011976661345703956
Q199,276,Q269,0.0,0.0
Q199,276,Q270,-0.0012448301725061684,0.0012682482574781658
Q199,276,Q271,0.00039301403621557537,0.0005243765273707439
Q199,276,Q272,-2.222614453595284e-18,0.00020736246951923894
Q199,276,Q273,-0.0006540233579770805,0.0008521837520378261
Q199,276,Q274,0.002746812386156654,0.0051771575748505065
Q199,276,Q275,0.0003237972784742339,0.005500110757462738
Q199,276,Q276,6.535947712417621e-05,0.0013927331362258166
Q199,276,Q277,0.0003285117325618714,0.0021695397088460785
Q199,276,Q278,0.00013200471445409473,0.003472723259657655
Q199,276,Q279,6.600235722704637e-05,0.00333020157401705
Q199,276,Q280,0.0023557269902496495,0.0019341229023909392
Q199,276,Q281,-0.001907425265188032,0.008410723437082478
Q199,276,Q282,-0.00092339012107574,0.004954312661021511
Q199,276,Q283,-0.0004594449801778565,0.003059082324920723
Q199,276,Q284,0.000981249330333229,0.003254434182410686
Q199,276,Q285,6.193078324226778e-05,0.003108201631126166
Q199,276,Q286,6.514518375657207e-05,0.003357447339929908
Q199,276,Q287,0.002549233901210759,0.00450656849926413
Q199,276,Q288,0.00045687345976643836,0.00570780731549312
Q199,276,Q289CS9,0.002551805421622211,0.003352304075441256
Q199,276,Q1,-0.00019650701810778768,0.0004895070332612352
Q199,276,Q2,0.00032765455909138823,0.0012760712838427155
Q199,276,Q3,6.407371691846244e-05,0.0020716951821281968
Q199,276,Q4,0.0650262509375335,0.017446546303389224
Q199,276,Q5,1.9286403085728295e-06,0.0028328418016038363
Q199,276,Q6,0.0015056252009000293,0.0009397616662333758
Q199,276,Q7,0.0002614379084967355,0.000522875816993471
Q199,276,Q8,-0.001766848816029161,0.0015138327204519586
Q199,276,Q9,-0.000593164041572922,0.004614736775727426
Q199,276,Q10,0.00052201864352297,0.002254372175424297
Q199,276,Q11,-0.0003934426229508303,0.0009592615631690546
Q199,276,Q12,0.0005228758169934799,0.0010457516339869599
Q199,276,Q13,0.0015049823207971724,0.000917118433355301
Q199,276,Q14,0.00026272366870244257,0.0016605478705865493
Q199,276,Q15,6.557377049180247e-05,0.00013114754098360497
Q199,276,Q16,0.00013071895424836554,0.0002614379084967311
Q199,276,Q17,0.00013050466088074584,0.000333563579576106
Q199,276,Q18,0.0003259402121504218,0.00157780299307204
Q199,276,Q19,0.00013071895424836554,0.0002614379084967311
Q199,276,Q20,-0.0006535947712418277,0.0011507723438992775
Q199,276,Q21,0.0,0.0
Q199,276,Q22,0.00013093324761598746,0.00016036018146978613
Q199,276,Q23,-6.535947712418277e-05,0.00013071895424836554
Q199,276,Q24,0.0003912996892746091,0.0011408602141720376
Q199,276,Q25,0.0,0.0
Q199,276,Q26,-0.0006555234115504271,0.0013278206386020295
Q199,276,Q27,0.0019631415407693176,0.001666138636766305
Q199,276,Q28,0.0020975034822672154,0.002941433697254707
Q199,276,Q29,0.0022267223829422634,0.0026799777699888236
Q199,276,Q30,-0.000720240008571742,0.0008883819415476859
Q199,276,Q31,0.0014404800171434662,0.0014879496051149151
Q199,276,Q32,0.0015679845708775383,0.0024583919314420328
Q199,276,Q33,0.000523090110361073,0.0022257359014237477
Q199,276,Q34,-0.0011766848816029186,0.0035974992311656566
Q199,276,Q35,0.002027429551055393,0.0029685215205116824
Q199,276,Q36,0.0026803814421943726,0.0024253876900338436
Q199,276,Q37,0.002094717668488166,0.0013519693667270595
Q199,276,Q38,0.0031406835958427194,0.0025023001209878567
Q199,276,Q39,-0.0011113254044787311,0.0031113120692302515
Q199,276,Q40,-0.0001990785385192307,0.004154427286476921
Q199,276,Q41,6.47165970213105e-05,0.002445610756604205
Q199,276,Q42,0.0015073395478409958,0.0023701134571189847
Q199,276,Q43,0.0006527375977713513,0.0035858373541763737
Q199,276,Q44,0.0013074038358512885,0.0012225920980008613
Q199,276,Q45,0.001373406193078326,0.0019215051174659784
Q199,276,Q46,0.00019414979106396213,0.0022336468455995775
Q199,276,Q47,-0.0008531018964963111,0.001558933274765964
Q199,276,Q48,0.003597557055609142,0.002938836588224044
Q199,276,Q49,0.0031438979963570165,0.0030741716746292167
Q199,276,Q50,-0.001048323154398372,0.002498811788328514
Q199,276,Q51,0.0,0.0
Q199,276,Q52,-0.0005903782277938507,0.0014270128258533448
Q199,276,Q53,0.0005241615771991825,0.001006890037498289
Q199,276,Q54,0.0008526733097610585,0.0020379441671765828
Q199,276,Q55,0.0,0.0
Q199,276,Q56,0.003465766634522674,0.003186322714637765
Q199,276,Q57,0.0015047680274295663,0.0036487644046566963
Q199,276,Q58,-0.00013050466088074806,0.0005316956593285182
Q199,276,Q59,0.0023565841637201435,0.002678522537618731
Q199,276,Q60,0.0005233044037286994,0.0007335439453731779
Q199,276,Q61,0.002228436729883214,0.004124117053635144
Q199,276,Q62,0.0004560162862959394,0.002504155183152688
Q199,276,Q63,-0.0026895960570020375,0.00598938770070008
Q199,276,Q64,0.0015103396549876736,0.004711677030969383
Q199,276,Q65,0.0036001285760205864,0.004122562138621149
Q199,276,Q66,0.0020966463087967436,0.0037870333787592115
Q199,276,Q67,0.0013091181827922526,0.0033394531512452577
Q199,276,Q68,0.0024170148933890735,0.0033975928859357406
Q199,276,Q69,-0.0006548805314475614,0.003323049359105382
Q199,276,Q70,-0.00045923068681024353,0.004253205103590454
Q199,276,Q71,0.001309332476159868,0.002219864053934045
Q199,276,Q72,0.0015071252544733803,0.003123555416262735
Q199,276,Q73,0.0017659916425586688,0.001736387620475291
Q199,276,Q74,0.0003265830922532919,0.002197153503553049
Q199,276,Q75,-0.00026336654880531723,0.0026788126736397486
Q199,276,Q76,0.004319725704489463,0.002845209817090754
Q199,276,Q77,-0.00045837351333976705,0.002010422486019711
Q199,276,Q78,0.0005256616307725292,0.002508336922598095
Q199,276,Q79,0.0009831779706418065,0.002996400382609559
Q199,276,Q80,0.00046137362048645595,0.004180754400196412
Q199,276,Q81,0.0003276545590913992,0.0013396802122877822
Q199,276,Q82,0.0005248044573020396,0.0018101210449935929
Q199,276,Q82_EU,0.000654880531447546,0.0008287737189961992
Q199,276,Q83,0.00045665916639880277,0.0028093150588187595
Q199,276,Q84,0.0021607200257152083,0.0027256262795422753
Q199,276,Q85,0.0003938712096860519,0.0021443263020148825
Q199,276,Q86,-0.001306118075645559,0.003334227755545713
Q199,276,Q87,0.0006561662916532684,0.0028048597343581054
Q199,276,Q88,0.0007847423122254484,0.0027706245162085136
Q199,276,Q89,-0.00019543555126968703,0.0019014491656890718
Q199,276,Q90,0.0003932283295832016,0.004470276758452973
Q199,276,Q91,0.0013734061930783328,0.005386973082074468
Q199,276,Q92,-0.00255844851601843,0.007406817321502175
Q199,276,Q93,0.0013744776599164377,0.003258430428863483
Q199,276,Q94,-6.535947712418724e-05,0.0012487781208969783
Q199,276,Q95,-0.00012921890067502773,0.0031424530354537466
Q199,276,Q96,0.00045773063323690583,0.0007897062123150379
Q199,276,Q97,-0.00019736419157827533,0.0007635394479107048
Q199,276,Q98,0.0038619950712525573,0.003145989148003536
Q199,276,Q99,-0.00013114754098361158,0.00033394209456679466
Q199,276,Q100,6.535947712418277e-05,0.00013071895424836554
Q199,276,Q101,0.0008498874959819958,0.0012331093589087014
Q199,276,Q102,0.0,0.0
Q199,276,Q103,0.0005895210543233586,0.001215543384980103
Q199,276,Q104,0.00039215686274509667,0.0011395814231478845
Q199,276,Q105,-0.00032658309225329195,0.0013235344416424773
Q199,276,Q106,0.0008501017893496287,0.003370365565057654
Q199,276,Q107,-0.0011121825779492078,0.004392234984612923
Q199,276,Q108,-0.0005252330440372812,0.005739062144923709
Q199,276,Q109,0.005567127397407064,0.0031470049127434374
Q199,276,Q110,0.007135969141755081,0.004308918829720219
Q199,276,Q111,0.003472624022286524,0.006569553818654009
Q199,276,Q112,-0.00039451408978893106,0.0031081716390583573
Q199,276,Q113,0.0015017679202828703,0.00311283408819434
Q199,276,Q114,-0.0005275902710811197,0.00306284755307886
Q199,276,Q115,0.0011794706953819722,0.0032682596899832606
Q199,276,Q116,0.0027463837994214277,0.0022529182024711813
Q199,276,Q117,0.0012437587056680632,0.0034696079201962456
Q199,276,Q118,0.0007213114754098382,0.003028593797956823
Q199,276,Q119,0.0008456016286295973,0.004120216043646709
Q199,276,Q120,0.0029473909782492267,0.0038144675950783384
Q199,276,Q121,-0.0002620807885995879,0.003617920364414726
Q199,276,Q122,-0.0013093324761598722,0.002309213238653062
Q199,276,Q123,0.0005897353476910005,0.0017223274816982562
Q199,276,Q124,-0.0005871638272795532,0.0012991843593115162
Q199,276,Q125,0.00013071895424836334,0.0002614379084967322
Q199,276,Q126,0.000520732883317261,0.0027877303036742147
Q199,276,Q127,-0.0001971498982106557,0.002417681193314874
Q199,276,Q128,0.0003276545590913971,0.002077899525976847
Q199,276,Q129,0.002160720025715197,0.002137750680549386
Q199,276,Q130,-0.000983820850744672,0.003070386696617215
Q199,276,Q131,0.002748098146362386,0.0013794198068841294
Q199,276,Q132,0.0016989178184935237,0.0026274580151336422
Q199,276,Q133,-0.000978677809921791,0.0026340774431158776
Q199,276,Q134,0.0017019179256402063,0.0005244370373783032
Q199,276,Q135,0.0012401157184185215,0.004117341756129123
Q199,276,Q136,0.0011123968713168386,0.0007621811100836482
Q199,276,Q137,0.0008490303225115126,0.0033716552087730274
Q199,276,Q138,0.0007862423657987704,0.0012191794355039844
Q199,276,Q139,-0.00039279974284796683,0.0008132837314617715
Q199,276,Q140,0.0011779706418086388,0.001764406744052768
Q199,276,Q141,0.00019586413800492644,0.00039244271725184224
Q199,276,Q142,0.00019564984463731338,0.003947195739953804
Q199,276,Q143,5.871638272795668e-05,0.0049350962515485085
Q199,276,Q144,0.0,0.0
Q199,276,Q145,-0.0004594449801778766,0.0012711470735818067
Q199,276,Q146,0.0020285010178935025,0.002979772154665907
Q199,276,Q147,0.0017032036858459242,0.0033125150056156714
Q199,276,Q148,0.0027493839065680994,0.003675490537754716
Q199,276,Q149,-0.00032508303867994975,0.003868749429704412
Q199,276,Q150,0.0009131040394299774,0.002425321023437227
Q199,276,Q151,-0.000395371263259403,0.002849550695981987
Q199,276,Q152,0.0007187399549983887,0.0029261425783444583
Q199,276,Q153,0.003926925961641501,0.0031425268610399955
Q199,276,Q154,0.0012426872388299627,0.001998981140940034
Q199,276,Q155,0.0032778313511196886,0.00527751103245916
Q199,276,Q156,0.0033384763741562294,0.004778706849906466
Q199,276,Q157,0.0027519554269795554,0.0053100536433772294
Q199,276,Q158,0.00012879031393979063,0.0034499240532073687
Q199,276,Q159,-0.0005918782813671973,0.003408561554875601
Q199,276,Q160,0.0021600771456123445,0.001319834747419403
Q199,276,Q161,0.0005209471766848895,0.00491839363620818
Q199,276,Q162,-0.0001962927247401702,0.0026312707650747486
Q199,276,Q163,0.001499410693239054,0.004586644131919169
Q199,276,Q164,0.002616093431908293,0.0027507849413686294
Q199,276,Q165,0.00032615450551803926,0.0014179490463383658
Q199,276,Q166,0.0009831779706417998,0.0026104456518694875
Q199,276,Q167,2.1429336761969114e-07,0.00020702380831837523
Q199,276,Q168,0.001304403728704604,0.003930526258223882
Q199,276,Q169,0.0003257259187828132,0.0034846845371032434
Q199,276,Q170,-0.0010498232079717185,0.0038494096510419185
Q199,276,Q171,0.000262509375334834,0.0025604650029045902
Q199,276,Q172,0.0015066966677381387,0.0015711491383331735
Q199,276,Q173,0.00039258544948034713,0.0028150425056775786
Q199,276,Q174,0.0006520947176684944,0.002753610871798378
Q199,276,Q175,0.001241830065359493,0.003945603213688397
Q199,276,Q176,0.0005908068145290947,0.005302170492768199
Q199,276,Q177,0.0014394085503053745,0.0027471194147135644
Q199,276,Q178,0.0012433301189328128,0.0015249116039858642
Q199,276,Q179,-0.0005901639344262422,0.0011803278688524788
Q199,276,Q180,0.0005226615236258426,0.0006731876668841055
Q199,276,Q181,-0.0022232936890603195,0.004288931777060219
Q199,276,Q182,0.004646523090110377,0.0029265644070151954
Q199,276,Q183,-0.0026246651666130914,0.008330244042463937
Q199,276,Q184,0.0035975570556091505,0.00208923412817656
Q199,276,Q185,-0.0002575806278795544,0.006302784513960162
Q199,276,Q186,0.00013157612771883993,0.002405155518516179
Q199,276,Q187,0.000982963677274191,0.005777136229109125
Q199,276,Q188,-0.001446694524804444,0.005723223858645862
Q199,276,Q189,0.0,0.0
Q199,276,Q190,-0.0004611593271188319,0.0024739551276447207
Q199,276,Q191,0.0,0.0
Q199,276,Q192,0.0,0.0
Q199,276,Q193,-0.0015064823743705148,0.0030921557251390973
Q199,276,Q194,0.0010463945140897902,0.001481774037779416
Q199,276,Q195,-0.0007202400085717375,0.0033849050338507314
Q199,276,Q196,-0.0007866709525340253,0.002537486702622274
Q199,276,Q197,0.0010487517411336088,0.0022220425763644536
Q199,276,Q198,0.00019522125790206058,0.0017276498754960714
Q199,276,Q200,0.03690667523840139,0.010984576207220298
Q199,276,Q201,0.0015079824279438637,0.0042964674230742735
Q199,276,Q202,0.0019592842601521524,0.006298958713109191
Q199,276,Q203,-0.0024202292939033646,0.004875990498027178
Q199,276,Q204,0.001638058502089379,0.0031586850674012647
Q199,276,Q205,-0.00019586413800492869,0.0032635770694001906
Q199,276,Q206,-0.00019757848494590617,0.0022748589578079686
Q199,276,Q207,0.0011801135754848468,0.0031342172133985743
Q199,276,Q208,-0.0005241615771992003,0.0022095410154328323
Q199,276,Q209,-0.0007883852994749919,0.0035563553202527264
Q199,276,Q210,-0.004716382727954578,0.004186614834883682
Q199,276,Q211,0.0012435444123004482,0.002553555555808333
Q199,276,Q212,0.001896496303439421,0.0057783967569484855
Q199,276,Q213,-0.0012414014786242375,0.0017358641886906709
Q199,276,Q214,0.0009210328940319347,0.005604656717547498
Q199,276,Q215,0.002554805528768902,0.0065113869872862875
Q199,276,Q216,-0.00019543555126969834,0.005246082078609796
Q199,276,Q217,0.001961641487195977,0.0018710870989743032
Q199,276,Q218,-0.002028715311261129,0.005007009066731837
Q199,276,Q219,0.0018334940533590465,0.0025485851200602793
Q199,276,Q220,0.0016359155684131598,0.001134290725732569
Q199,276,Q221,0.0007885995928426072,0.0028227377684844246
Q199,276,Q222,0.0013761920068573908,0.0037575093077247368
Q199,276,Q223,0.001512696882031519,0.008597251808128094
Q199,276,Q224,0.00255373406193079,0.0027778790310984277
Q199,276,Q225,0.0017685631629701117,0.0017040806931947526
Q199,276,Q226,0.0029450337512054122,0.003946178448859624
Q199,276,Q227,-0.002094931961855788,0.004075478759422806
Q199,276,Q228,0.00033279759991428954,0.004176664462909533
Q199,276,Q229,-0.002290581806493104,0.0025740799790666883
Q199,276,Q230,0.001307832422586519,0.0016156940599490774
Q199,276,Q231,0.00039215686274509667,0.0006336836414923283
Q199,276,Q232,0.003140040715739867,0.002871810301616205
Q199,276,Q233,0.0005241615771991848,0.0018948383040071099
Q199,276,Q234,0.003926283081538635,0.008196618887009418
Q199,276,Q235,2.785813779053806e-06,0.00319053410582552
Q199,276,Q236,-0.0007213114754098315,0.004162125442916346
Q199,276,Q237,-0.0006563805850209059,0.0017706359046464235
Q199,276,Q238,-0.00039301403621559326,0.0014116280823704636
Q199,276,Q239,0.0002618664952319705,0.0003207203629395668
Q199,276,Q240,0.0027493839065680994,0.0035006682761672217
Q199,276,Q241,-0.00196828458159221,0.0036878195100445467
Q199,276,Q242,-6.70738240651425e-05,0.0015816303186855652
Q199,276,Q243,0.00039108539590699144,0.0015943124117924058
Q199,276,Q244,0.000847958855673425,0.003848889619638004
Q199,276,Q245,-0.0009838208507446655,0.001931026703180442
Q199,276,Q246,0.000916104146576666,0.002447830281153667
Q199,276,Q247,0.003410693239044251,0.005333038335992334
Q199,276,Q248,0.0006520947176684967,0.0021987161185650656
Q199,276,Q249,0.0003921568627451077,0.0007843137254902211
Q199,276,Q250,0.0019624986606664586,0.0016401702181827742
Q199,276,Q251,0.0008494589092467655,0.005411913319270691
Q199,276,Q252,0.0032709739633558456,0.0025747357839914016
Q199,276,Q253,-0.0009793206900246454,0.001743166234359281
Q199,276,Q254,0.0022275795564127288,0.002758037561063932
Q199,276,Q255,0.0003908711025393806,0.0026720717176125642
Q199,276,Q256,-0.0018347798135647595,0.0038116417742295036
Q199,276,Q257,-0.00039365691631844336,0.0025485640563621607
Q199,276,Q258,-0.0011123968713168408,0.003544654855648272
Q199,276,Q259,0.0021620057859209375,0.0045752840638400415
Q199,566,Q260,-0.005675257562292201,0.0021697719704032534
Q199,566,Q262,0.0003294822421908552,0.0027808921785837243
Q199,566,Q263,0.0,0.0
Q199,566,Q264,0.0,0.0
Q199,566,Q265,0.0,0.0
Q199,566,Q266,0.0,0.0
Q199,566,Q267,0.0,0.0
Q199,566,Q268,0.0,0.0
Q199,566,Q269,0.0,0.0
Q199,566,Q270,-0.0016197623514696599,0.006519260658848243
Q199,566,Q271,-0.002517362825450116,0.0023485096204147573
Q199,566,Q272,-0.002751061518712337,0.006423245608435986
Q199,566,Q273,0.0023544320463447675,0.002243754692841254
Q199,566,Q274,0.0017069879200816377,0.0038769219994865237
Q199,566,Q275,-0.001622066423093351,0.003198877408121769
Q199,566,Q276,-0.0015391198446397204,0.0049103421889432975
Q199,566,Q277,0.00016622230999638888,0.004245609161559323
Q199,566,Q278,-0.0015374740791942098,0.004367588934204501
Q199,566,Q279,0.0007284157861821749,0.006752571700038777
Q199,566,Q280,-0.0024317830222836422,0.003039871359993295
Q199,566,Q281,-0.00454527500740592,0.006225933107895614
Q199,566,Q282,-0.00040650406504062937,0.007069748168199805
Q199,566,Q283,-0.009568809453276702,0.004770706130688451
Q199,566,Q284,0.00032586155821074715,0.0032057724818413263
Q199,566,Q285,-0.0020233040387083933,0.0031070785182832636
Q199,566,Q286,-0.0013692768506632196,0.005413379832586363
Q199,566,Q287,-0.0016961258681412543,0.006263198773773414
Q199,566,Q288,-0.0012129291333398949,0.0031277670757395683
Q199,566,Q289CS9,0.001950890359106039,0.0028887048936424107
Q199,566,Q290,-0.0008929923307330112,0.0012939491479669486
Q199,566,Q1,0.0,0.0
Q199,566,Q2,-0.0001658931569072664,0.0034627260719833747
Q199,566,Q3,-0.0011329449326881738,0.0019578319584725415
Q199,566,Q4,0.03644481748461212,0.02697577059749883
Q199,566,Q5,0.0003225700273197196,0.0017451922136494037
Q199,566,Q6,8.097165991902911e-05,0.00016194331983805822
Q199,566,Q7,-0.0001626016260162588,0.00019914550754334616
Q199,566,Q8,0.0001619433198380649,0.0008339745524426616
Q199,566,Q9,0.0,0.0
Q199,566,Q10,-0.001786313814555136,0.004438712530033381
Q199,566,Q11,0.0,0.0
Q199,566,Q12,-0.001702708929923282,0.0013902623838136275
Q199,566,Q13,-0.0006507356571541422,0.001512052625522827
Q199,566,Q14,-0.0003248740989434151,0.0003041125174676101
Q199,566,Q15,-0.0005635100885421608,0.004831668410361511
Q199,566,Q16,-0.0005691056910568948,0.0012481111884664587
Q199,566,Q17,0.0012165498173200384,0.0024030092631966778
Q199,566,Q18,0.0,0.0
Q199,566,Q19,0.0,0.0
Q199,566,Q20,0.0008923340245548282,0.00294820391566707
Q199,566,Q21,-0.001055923109838377,0.0015342254484761125
Q199,566,Q22,8.13008130081294e-05,0.0001626016260162588
Q199,566,Q23,8.097165991902911e-05,0.00016194331983805822
Q199,566,Q24,-0.0004858299595141613,0.0007850493696220634
Q199,566,Q25,-0.00016029755439253443,0.0030044450660983366
Q199,566,Q26,-0.00016194331983805378,0.00032388663967610756
Q199,566,Q27,0.0015378032322833522,0.0024081028959529716
Q199,566,Q28,-0.0001593100951252268,0.0033183260426932794
Q199,566,Q29,-0.0027612652644744906,0.004999655610325207
Q199,566,Q30,-0.00137520160626706,0.0030696742971858273
Q199,566,Q31,-0.00096507685724629,0.007299112847527841
Q199,566,Q32,-0.000973963990652036,0.0035407862969898734
Q199,566,Q33,-0.000405187452684237,0.0008888050110775403
Q199,566,Q34,-0.00024291497975708064,0.0003238866396761075
Q199,566,Q35,0.00048155096935586616,0.00465888840257168
Q199,566,Q36,0.00048385504097957715,0.0029930270654996705
Q199,566,Q37,-0.00040617491195152897,0.003930889926610997
Q199,566,Q38,-0.0042220466739080155,0.004084948918894039
Q199,566,Q39,3.29153089122583e-07,0.003598097424318258
Q199,566,Q40,-0.00024324413284617435,0.0009107246643551543
Q199,566,Q41,-0.0007270991738257337,0.003997523329447192
Q199,566,Q42,-0.0025943846482999098,0.0018406353167547981
Q199,566,Q43,-0.0026766729205753475,0.00155576309804866
Q199,566,Q44,-9.874592673009188e-07,0.0007697268740834981
Q199,566,Q45,8.162996609723415e-05,0.00039788822689397783
Q199,566,Q46,-0.0009696850004937095,0.0031505330118178666
Q199,566,Q47,0.0017843388960205521,0.00097858182133735
Q199,566,Q48,-0.004708864092689498,0.0037941191743906303
Q199,566,Q49,-0.0017817056713077075,0.004752438506802618
Q199,566,Q50,-0.0017770975280602785,0.005743823677155461
Q199,566,Q51,0.0006530397287778688,0.002599297248659261
Q199,566,Q52,7.866758829533829e-05,0.007613998284899405
Q199,566,Q53,-0.001621408116915164,0.004525384848305069
Q199,566,Q54,-0.0014574898785424907,0.0018570599095027633
Q199,566,Q55,0.001297192324149965,0.0012383071685411959
Q199,566,Q56,-0.0019446364504130662,0.005066005620066006
Q199,566,Q57,0.00024390243902440157,0.001960334331142749
Q199,566,Q58,0.0010513149665909727,0.00192820408068299
Q199,566,Q59,-0.003648003686514585,0.006398109851767403
Q199,566,Q60,-8.06425068299043e-05,0.0038641983881367954
Q199,566,Q61,-0.0036539284421184177,0.0073557086531808435
Q199,566,Q62,-0.0003199368026068681,0.006943724398085528
Q199,566,Q63,-0.0017873012738224415,0.0016389507043867591
Q199,566,Q64,0.00048550080642506993,0.0027850611326962304
Q199,566,Q65,-0.0028366413218787814,0.0035018061138545
Q199,566,Q66,-0.0032497284487014743,0.005297924197538956
Q199,566,Q67,-0.004133833646028749,0.005053754446363486
Q199,566,Q68,0.0009769263684539765,0.002428785516424787
Q199,566,Q69,0.00016720976926370306,0.0048123691834797725
Q199,566,Q70,-0.00023896514268785676,0.0042083922752694305
Q199,566,Q71,-0.0015460320595108645,0.0038505371126697292
Q199,566,Q72,0.0002544353378756605,0.006800972373844719
Q199,566,Q73,-0.0017869721207333321,0.00455602767324705
Q199,566,Q74,0.00016358908528357963,0.0034239401719179958
Q199,566,Q75,-0.00040650406504063577,0.003944437462159229
Q199,566,Q76,-0.006323689147822628,0.006836439027860449
Q199,566,Q77,0.005676574174648647,0.002588425528952453
Q199,566,Q78,0.0012978506303281748,0.0012919883913334901
Q199,566,Q79,-0.0010542773443928688,0.001218588395351077
Q199,566,Q80,-0.0007274283269148299,0.002629647062703913
Q199,566,Q81,-0.0027586320397616814,0.005231768233347623
Q199,566,Q82,-0.0010532898851255523,0.0014646103054871333
Q199,566,Q82_AFRICANUNION,-0.00016029755439254112,0.0016743482849264117
Q199,566,Q83,-0.001549652743490979,0.006109539984956478
Q199,566,Q84,-0.000888055034396489,0.0025045661930989268
Q199,566,Q85,0.00033507784470559814,0.007032138679900212
Q199,566,Q86,0.0014591356439880255,0.001821341069944627
Q199,566,Q87,-0.00024291497975707622,0.00258756570086193
Q199,566,Q88,-0.003080543760903174,0.00346243179588592
Q199,566,Q89,-0.004287548138639257,0.006788047426078272
Q199,566,Q90,-0.003965307264408655,0.006291851795256361
Q199,566,Q91,-0.0037319377242355212,0.0039059281919259104
Q199,566,Q92,-0.0019469405220367817,0.0033156687116055648
Q199,566,Q93,0.0014571607254534214,0.0030334873695244727
Q199,566,Q94,-0.0021931470326848946,0.0022351907762716496
Q199,566,Q95,-0.0017869721207333389,0.00270186178826118
Q199,566,Q96,0.0004901089496725096,0.0041440322152736415
Q199,566,Q97,0.0016243704947171023,0.002370025670726739
Q199,566,Q98,0.023270465093314922,0.013873633856494845
Q199,566,Q99,-0.0008107040584575852,0.0027801957319247062
Q199,566,Q100,-0.00031829103716136465,0.004511957453043167
Q199,566,Q101,0.0007323656232513853,0.0022294746591154818
Q199,566,Q102,-0.0003281656298344248,0.002371812296928442
Q199,566,Q103,-0.003086797669596111,0.0036842198924487137
Q199,566,Q104,0.0010555939567492858,0.0012205152775210965
Q199,566,Q105,0.0015437279878871757,0.002271162039196334
Q199,566,Q106,0.002282018366742395,0.009621057612960426
Q199,566,Q107,-0.0011378822290247048,0.002543165851120257
Q199,566,Q108,0.0008130081300813119,0.0021135052875607884
Q199,566,Q109,0.0002501563477173497,0.006427194879963981
Q199,566,Q110,0.0007297323985385717,0.0034023645235106287
Q199,566,Q111,-0.000894638096178515,0.0028310638014868504
Q199,566,Q112,-0.002281030907475052,0.007161846838820175
Q199,566,Q113,-0.0015410947631743356,0.0035621733830488414
Q199,566,Q114,-0.0012135874395181045,0.0027231747547742206
Q199,566,Q115,-0.0012125999802507924,0.002864829704075775
Q199,566,Q116,0.000490108949672512,0.0034217464595411016
Q199,566,Q117,-0.0010509858135018435,0.005936050843249556
Q199,566,Q118,0.00032257002731971745,0.004619156832084136
Q199,566,Q119,-0.002026595569599401,0.00135629909823571
Q199,566,Q120,-0.00275929034593988,0.003879983065175054
Q199,566,Q121,0.0003252032520325421,0.007292303497749788
Q199,566,Q122,-0.0017817056713077162,0.0038904928267421493
Q199,566,Q123,-0.0016240413416279864,0.005601258610911087
Q199,566,Q124,-0.0012978506303281477,0.002845086205931618
Q199,566,Q125,0.0008860801158619046,0.003187830522036067
Q199,566,Q126,-0.0017036963891906075,0.0025489055857670323
Q199,566,Q127,-0.00024521905138078285,0.001961532042825932
Q199,566,Q128,0.0003192784964286944,0.004001700796829821
Q199,566,Q129,0.00016391823837268448,0.003578575272769644
Q199,566,Q130,0.0014611105625226585,0.0030082846413394997
Q199,566,Q131,-0.0005677890787004868,0.0032044688804364636
Q199,566,Q132,-0.0007247951022020246,0.0026829491401903147
Q199,566,Q133,-0.0018633356374049437,0.006396489187820622
Q199,566,Q134,0.005759191600013177,0.002397444905672423
Q199,566,Q135,-0.0019462822158585837,0.0011847223372832623
Q199,566,Q136,-0.002514071294559086,0.003400719112277111
Q199,566,Q137,-0.002760936111385399,0.0045570698496306935
Q199,566,Q138,-0.0008093874461011597,0.002977914849320996
Q199,566,Q139,-0.0012971923241499473,0.0019115148429674795
Q199,566,Q140,-0.0028402620058589046,0.002498501432204292
Q199,566,Q141,0.0,0.0
Q199,566,Q142,-0.003974194397814409,0.0032571994839056162
Q199,566,Q143,-0.0005638392416312787,0.0026235445486627825
Q199,566,Q144,-8.097165991902689e-05,0.00016194331983805378
Q199,566,Q145,-0.0010526315789473495,0.0014393837113061425
Q199,566,Q146,-0.00016325993219444608,0.0019942490106617107
Q199,566,Q147,-0.0003219117211414902,0.0024367773850855214
Q199,566,Q148,-0.002834995556433284,0.0035010415320935523
Q199,566,Q149,0.001132286626509997,0.002667784670363703
Q199,566,Q150,-0.0010526315789473515,0.003173428006844583
Q199,566,Q151,-8.59089562555402e-05,0.005233819830361216
Q199,566,Q152,-0.003245449458543148,0.0025249258160010427
Q199,566,Q153,-0.0005644975478094683,0.004172003653517808
Q199,566,Q154,-0.00040387084032781576,0.0019339999182178395
Q199,566,Q155,0.0017033672361015163,0.0024749992362779294
Q199,566,Q156,-0.0007284157861821307,0.003856730385564179
Q199,566,Q157,-0.0020279121819558174,0.002541025691932094
Q199,566,Q158,-0.0017063296139034144,0.0035274716915299556
Q199,566,Q159,-0.0038932227378953807,0.0064575103787485565
Q199,566,Q160,-0.002757315427405269,0.003231598409466094
Q199,566,Q161,-0.0011342615450445858,0.004822979297681367
Q199,566,Q162,-0.0026032717817056584,0.007116415569857367
Q199,566,Q163,-0.00039531286001116985,0.0061661219397663265
Q199,566,Q164,3.291530891047479e-07,0.0004438009073765211
Q199,566,Q165,0.0,0.0
Q199,566,Q166,0.00016194331983805822,0.00032388663967611645
Q199,566,Q167,0.0008097165991902911,0.0012544075615246813
Q199,566,Q168,0.0,0.0
Q199,566,Q169,0.0017915802639807943,0.00594509869311241
Q199,566,Q170,-7.899674138439859e-05,0.00450546342664858
Q199,566,Q171,0.0015394489977288539,0.0016473365990389334
Q199,566,Q172,-8.426319081003882e-05,0.0024399091673940145
Q199,566,Q173,-8.097165991902911e-05,0.00016194331983805822
Q199,566,Q174,0.00016029755439256107,0.0022775537685370065
Q199,566,Q175,-0.0011359073104900961,0.0031938676604417356
Q199,566,Q176,0.0027586320397617126,0.001552559121691955
Q199,566,Q177,0.0021088838418748734,0.0026320167730707763
Q199,566,Q178,-0.0016194331983805422,0.005971257716875656
Q199,566,Q179,-0.00016325993219445942,0.002136703913942433
Q199,566,Q180,-0.0016217372700042577,0.0038585837054416106
Q199,566,Q181,0.00032651986438892334,0.001506912163734719
Q199,566,Q182,-0.0009733056844738418,0.0012186977467790008
Q199,566,Q183,0.002759290345939907,0.0015713582315651546
Q199,566,Q184,0.002109212994963987,0.0024922000846395592
Q199,566,Q185,-0.00503538395707841,0.005213691587374627
Q199,566,Q186,-0.0024340870939073577,0.00533621014591379
Q199,566,Q187,-0.001545044600243568,0.002062872130693346
Q199,566,Q188,0.0011322866265100061,0.005322461428897296
Q199,566,Q189,0.0007277574800039833,0.003314948853408585
Q199,566,Q190,-0.00421381784668047,0.005000394844065403
Q199,566,Q191,-0.001460781409433516,0.0011361955570852544
Q199,566,Q192,0.002919917053421559,0.0028474554900316663
Q199,566,Q193,-0.0009759389091866487,0.004598519577067476
Q199,566,Q194,-0.0004045291465060363,0.0024101101654026916
Q199,566,Q195,0.002192488726506714,0.002157820408638325
Q199,566,Q196,0.004137454330008903,0.0044009421132933145
Q199,566,Q197,-0.0009716599190283226,0.0023700408932154074
Q199,566,Q198,-7.34011388696663e-05,0.00484825914937886
Q199,566,Q200,0.05371613837595869,0.017292941922351254
Q199,566,Q201,-0.00031993680260688156,0.0026701036951977163
Q199,566,Q202,-0.0029251835028471637,0.003737321581541347
Q199,566,Q203,-0.001690859418715627,0.0077947844902008945
Q199,566,Q204,-0.003487047825943823,0.0014618512472979787
Q199,566,Q205,-0.002266548171554576,0.002718610523921765
Q199,566,Q206,-0.002665481715545872,0.007318585415899782
Q199,566,Q207,-0.003079227148546764,0.0033350930594290957
Q199,566,Q208,-0.0006523814225996418,0.002586510986256233
Q199,566,Q209,-0.00032059510878508,0.003981959393878469
Q199,566,Q210,-0.0012155623580527154,0.0012010054273451838
Q199,566,Q211,0.0004038708403278513,0.0013313018143678121
Q199,566,Q212,0.0023564069648793896,0.0036079275327861203
Q199,566,Q213,-0.001533195089035895,0.004954919077777294
Q199,566,Q214,0.0005658141601659071,0.0028614269112676467
Q199,566,Q215,0.001946940522036813,0.004288058591187992
Q199,566,Q216,-0.0011289950956189583,0.004716218553979487
Q199,566,Q217,0.004962970277476073,0.009808487385283242
Q199,566,Q218,8.130081300814938e-05,0.0016878685414586985
Q199,566,Q219,0.005187123531154361,0.0051603460295811315
Q199,566,Q220,-0.0019429906849675535,0.007742765553324538
Q199,566,Q221,-0.002435732859352875,0.004188821920698935
Q199,566,Q222,-0.0021088838418748357,0.004921125069950189
Q199,566,Q223,-0.0006543563411342478,0.005679247365357456
Q199,566,Q224,0.0011438069846285658,0.004770478754806998
Q199,566,Q225,-0.005429051051644095,0.0059461651218840695
Q199,566,Q226,-0.0012149040518744992,0.0035069089722204027
Q199,566,Q227,-0.001056581416016582,0.004045187816665452
Q199,566,Q228,-0.002022316579441088,0.0038168786365515048
Q199,566,Q229,-0.000887067575129179,0.003394505874444063
Q199,566,Q230,-0.0032431453869194416,0.002552590928207619
Q199,566,Q231,-0.0006540271880451408,0.0036910969113553033
Q199,566,Q232,-0.0030825186794378,0.004659620454280128
Q199,566,Q233,0.002507488232777077,0.004267478825564625
Q199,566,Q234,0.0006543563411342768,0.0030114110889163962
Q199,566,Q234A,0.002195121951219534,0.0066128397637748955
Q199,566,Q235,-0.0019508903591060032,0.004886863717830226
Q199,566,Q236,-0.004546262466673239,0.0032164968200093136
Q199,566,Q237,-0.001051314966590946,0.0029315098124988695
Q199,566,Q238,0.0010539481913037906,0.004880044345975426
Q199,566,Q239,-0.003815213455778266,0.00498920502415488
Q199,566,Q240,-0.001377505677890771,0.002932531994160204
Q199,566,Q241,0.0013831012804055363,0.010986949394076032
Q199,566,Q242,0.00032717817056714604,0.007424991974377209
Q199,566,Q243,-0.0006464566669957961,0.00492192855348404
Q199,566,Q244,-0.004465619959843299,0.0059576070457887575
Q199,566,Q245,-0.003656232513742123,0.005471634535657703
Q199,566,Q246,0.0009723182252065655,0.0032477803006407146
Q199,566,Q247,-0.0003258615582107093,0.0046993605088716155
Q199,566,Q248,-0.0031625028800895084,0.0034196806675458502
Q199,566,Q249,0.0020233040387084137,0.004763974194796935
Q199,566,Q250,-0.0003196076495177792,0.003604197528411172
Q199,566,Q251,-0.001138211382113796,0.005454889368041885
Q199,566,Q252,-0.001052631578947345,0.00388978542772273
Q199,566,Q253,-0.0038935518909844714,0.008019215040586261
Q199,566,Q254,-0.0006504065040650242,0.0017548911699525617
Q199,566,Q255,-0.00031862019025046695,0.004557400183417521
Q199,566,Q256,0.000567459925611411,0.0016314685947795508
Q199,566,Q257,-0.0010539481913037709,0.002498997929095636
Q199,566,Q258,-0.0001606267074816303,0.0043892520124998394
Q199,566,Q259,-0.0003278364767453178,0.004299490634211116
Q199,392,Q260,-0.0009062321326472267,0.002264046263556076
Q199,392,Q262,-0.003940823327615776,0.006726272688610539
Q199,392,Q263,0.0,0.0
Q199,392,Q264,0.0,0.0
Q199,392,Q265,0.0,0.0
Q199,392,Q266,0.0,0.0
Q199,392,Q267,0.0,0.0
Q199,392,Q268,0.0,0.0
Q199,392,Q269,0.0,0.0
Q199,392,Q270,-0.0020468839336763842,0.0040258855659928055
Q199,392,Q271,0.00037850200114351027,0.000414941725359182
Q199,392,Q272,0.0,0.0
Q199,392,Q273,-0.001969982847341336,0.0030900976492586334
Q199,392,Q274,-0.0034065180102915925,0.003664666225640284
Q199,392,Q275,0.0011366495140080035,0.003972651798715858
Q199,392,Q276,0.0003770726129216696,0.002863666401037047
Q199,392,Q277,-0.00015208690680388774,0.002137141347487154
Q199,392,Q278,0.00015180102915951952,0.004027245384602816
Q199,392,Q279,-7.518582046883929e-05,0.004876731391102511
Q199,392,Q280,-0.001970268724985704,0.004158709227679296
Q199,392,Q281,-0.0032547169811320735,0.0035658225762937464
Q199,392,Q282,-0.0033287592910234394,0.005764383640521324
Q199,392,Q283,-0.0032581475128644908,0.005090548456201457
Q199,392,Q284,0.0,0.00041494133144330737
Q199,392,Q285,-0.001286735277301314,0.003228295421717452
Q199,392,Q286,-0.00045340194396798145,0.004199989525823577
Q199,392,Q287,-0.0009099485420240129,0.0047524757889141345
Q199,392,Q288,-0.0037773013150371624,0.005485172780845098
Q199,392,Q289CS9,-0.0006826758147512857,0.00408912497319891
Q199,392,Q1,-0.00030303030303030276,0.0006060606060606055
Q199,392,Q2,0.0001515151515151514,0.001212121212121211
Q199,392,Q3,-0.003331332189822753,0.007459131943457095
Q199,392,Q4,0.029000857632933114,0.028465734548415052
Q199,392,Q5,0.0015105774728416232,0.004768979588418717
Q199,392,Q6,0.0002998856489422533,0.004285343592723007
Q199,392,Q7,-0.00037964551172098293,0.00147590784354361
Q199,392,Q8,-0.0010620354488279004,0.0025040482900852423
Q199,392,Q9,-0.00022670097198399078,0.002055104296624707
Q199,392,Q10,-0.0006818181818181812,0.0013636363636363622
Q199,392,Q11,0.003783304745568894,0.004759114750714639
Q199,392,Q12,-0.0009868496283590611,0.003407800211873682
Q199,392,Q13,-0.00022984562607204062,0.002288761916128055
Q199,392,Q14,-7.604345340194388e-05,0.0012308094707500488
Q199,392,Q15,0.0,0.0
Q199,392,Q16,-0.0005285877644368208,0.0020256625806666343
Q199,392,Q17,0.0,0.0
Q199,392,Q18,0.0,0.0
Q199,392,Q19,0.0,0.0007186994682200856
Q199,392,Q20,-0.0009090909090909083,0.0011388860892706737
Q199,392,Q21,-0.0009845626072041158,0.002695586590270582
Q199,392,Q22,-0.00022727272727272708,0.0004545454545454541
Q199,392,Q23,0.0,0.0
Q199,392,Q24,0.0,0.0004791329788133904
Q199,392,Q25,0.00015151515151515135,0.0019403406780099525
Q199,392,Q26,-0.0026469411092052584,0.003829004487341489
Q199,392,Q27,-0.0010651801029159503,0.0055580786708946455
Q199,392,Q28,-0.0003047455688965117,0.003079582660245529
Q199,392,Q29,-0.0015165809033733544,0.005170588193847536
Q199,392,Q30,0.00022727272727272708,0.001895453939878302
Q199,392,Q31,7.347055460263045e-05,0.0028362577361052493
Q199,392,Q32,-0.000986563750714693,0.0039972836282426896
Q199,392,Q33,-0.0016658090337335607,0.003007641594581271
Q199,392,Q34,-0.0028056032018296136,0.004651808056628258
Q199,392,Q35,0.0021157804459691243,0.004342973103429453
Q199,392,Q36,0.00015323041738136032,0.0031642307888346743
Q199,392,Q37,0.001439393939393938,0.004068400479423497
Q199,392,Q38,-0.0019714122355631767,0.004273067229044581
Q199,392,Q39,0.0020437392795883353,0.0035419127296592782
Q199,392,Q40,-0.0018176100628930804,0.0025737643230040468
Q199,392,Q41,0.0003776443682104058,0.0037418016298798964
Q199,392,Q42,0.0022698684962835893,0.003584299201955659
Q199,392,Q43,-0.0009828473413379067,0.0031915800170914605
Q199,392,Q44,0.0011377930245854762,0.0018377919582027644
Q199,392,Q45,0.0005303030303030299,0.0015999024304502165
Q199,392,Q46,0.0003030303030303027,0.0022396584089537075
Q199,392,Q47,-0.0003001715265866211,0.0031966950171601434
Q199,392,Q48,-0.0010620354488279004,0.003666642973471763
Q199,392,Q49,0.0015926243567752987,0.004851852888295812
Q199,392,Q50,0.00045626072041166316,0.003207304011721182
Q199,392,Q51,-0.004466552315608916,0.002412779441849154
Q199,392,Q52,0.00037793024585477405,0.0016765788194369857
Q199,392,Q53,7.575757575757569e-05,0.00015151515151515138
Q199,392,Q54,0.00015151515151515138,0.0010050378152592111
Q199,392,Q55,-0.0012824471126357917,0.002958268494242859
Q199,392,Q56,-0.00030045740423098914,0.0034560899226244906
Q199,392,Q57,0.00030045740423098935,0.0025815662089853364
Q199,392,Q58,-0.00045626072041166305,0.002077984679335094
Q199,392,Q59,-0.001211835334476843,0.005776525372980368
Q199,392,Q60,-2.2870211549452356e-06,0.002307298366559674
Q199,392,Q61,-0.0006783876500857635,0.0023095369288610333
Q199,392,Q62,-0.002801029159519723,0.007221294002593329
Q199,392,Q63,-0.0009082332761578037,0.0028906579326266808
Q199,392,Q64,0.0018907947398513428,0.0015104402626535266
Q199,392,Q65,0.002190680388793596,0.0031332682279645455
Q199,392,Q66,-0.0034096626643796424,0.0039576862883944275
Q199,392,Q67,0.00045626072041166316,0.0017148206492901285
Q199,392,Q68,0.0004542595769010862,0.0046908608882702575
Q199,392,Q69,0.0006803887935963405,0.00332246648993331
Q199,392,Q70,0.0008347627215551734,0.0036901350551665196
Q199,392,Q71,-2.858776443685068e-07,0.006008278991813947
Q199,392,Q72,-8.576329331043062e-07,0.002854423300879528
Q199,392,Q73,-0.0034062321326472243,0.003921600504077726
Q199,392,Q74,-0.0005280160091480846,0.0025057454555642653
Q199,392,Q75,7.775871926815267e-05,0.004074110363488191
Q199,392,Q76,-0.0011372212692967397,0.003592955294895655
Q199,392,Q77,0.0006809605488850767,0.0018769918461779128
Q199,392,Q78,-0.00030417381360777537,0.004158584712154342
Q199,392,Q79,-0.0022775871926815293,0.007169109449944663
Q199,392,Q80,-0.0019688393367638633,0.005385851939020867
Q199,392,Q81,-0.0016649514008004562,0.0046734748316259725
Q199,392,Q82,0.0010557461406518012,0.004529585320803977
Q199,392,Q82_APEC,-0.0012109777015437385,0.0010272910425631436
Q199,392,Q83,-0.003563750714694107,0.00603095919587736
Q199,392,Q84,-0.0009125214408233259,0.005275625861828032
Q199,392,Q85,0.0005280160091480845,0.003253178138617617
Q199,392,Q86,0.0008307604345340192,0.0016278101007701801
Q199,392,Q87,-0.0015923384791309302,0.003431964990285596
Q199,392,Q88,-0.004323327615780441,0.0070279387366379035
Q199,392,Q89,0.0005277301315037164,0.0036200894367712905
Q199,392,Q90,0.0005983419096626651,0.008818573053902672
Q199,392,Q91,-0.002044882790165807,0.004692236637533015
Q199,392,Q92,-0.0024991423670668936,0.0024970230896392315
Q199,392,Q93,0.0007564322469982845,0.004513587170892108
Q199,392,Q94,-7.575757575757569e-05,0.00015151515151515138
Q199,392,Q95,0.0009076615208690675,0.0010318361419825006
Q199,392,Q96,-0.0004551172098341905,0.0017003462052359428
Q199,392,Q97,0.0006034877072612921,0.0014243459951751155
Q199,392,Q98,0.00015151515151515138,0.00030303030303030276
Q199,392,Q99,0.0,0.0
Q199,392,Q100,0.0,0.0
Q199,392,Q101,0.0,0.0
Q199,392,Q102,0.0,0.0
Q199,392,Q103,0.0,0.0
Q199,392,Q104,0.0,0.0
Q199,392,Q105,-7.547169811320754e-05,0.00015094339622641508
Q199,392,Q106,-0.0009105202973127493,0.006492475158731783
Q199,392,Q107,-0.0036340766152086882,0.007351407831777631
Q199,392,Q108,-0.001744425385934818,0.006080902869364279
Q199,392,Q109,-0.0008399085191538007,0.007557614043914046
Q199,392,Q110,-0.0034073756432246973,0.006468597458125573
Q199,392,Q111,0.0012092624356775297,0.0019920636530502693
Q199,392,Q112,-7.975986277872983e-05,0.004771229489201915
Q199,392,Q113,0.001435677530017152,0.0024189056060788853
Q199,392,Q114,0.0006037735849056603,0.004124491488506309
Q199,392,Q115,0.0,0.00228531865590884
Q199,392,Q116,0.00045769010863350396,0.004217283966229866
Q199,392,Q117,-0.0011352201257861627,0.0031780731639759053
Q199,392,Q118,0.0003790737564322466,0.0033624115512155546
Q199,392,Q119,-0.00030646083476272063,0.0030000497162548066
Q199,392,Q120,-0.0038627787307032556,0.006932880199724868
Q199,392,Q121,-0.0019688393367638633,0.004923805090860424
Q199,392,Q122,-0.0007555746140651798,0.0014546283836678585
Q199,392,Q123,0.0003030303030303027,0.0031455362866707084
Q199,392,Q124,-0.0016666666666666648,0.0020967200762269747
Q199,392,Q125,0.00022584333905088628,0.0009736284981711347
Q199,392,Q126,-0.0005297312750142935,0.0022421618202563384
Q199,392,Q127,-0.0013607775871926808,0.0018301227234675298
Q199,392,Q128,0.0008310463121783873,0.0020218229479275003
Q199,392,Q129,0.000150943396226415,0.0018952714605309177
Q199,392,Q130,0.000301600914808462,0.0030143604976974304
Q199,392,Q131,2.8587764436807313e-07,0.00218250504906699
Q199,392,Q132,0.0006072041166380782,0.0016162406575994748
Q199,392,Q133,-0.0018896512292738694,0.0030906421068871946
Q199,392,Q134,-0.0011377930245854762,0.003176846756564218
Q199,392,Q135,-0.0005314465408805026,0.002839833955161387
Q199,392,Q136,-0.0012112635791881067,0.001183427309123383
Q199,392,Q137,0.0012089765580331612,0.004359036635759399
Q199,392,Q138,7.747284162378467e-05,0.002560783431375776
Q199,392,Q139,7.6329331046312e-05,0.0009396205436098104
Q199,392,Q140,7.375643224699852e-05,0.0014615648270435862
Q199,392,Q142,-0.0036400800457404197,0.006858016142404808
Q199,392,Q143,-0.0022707261292166936,0.004915340812083048
Q199,392,Q144,7.575757575757569e-05,0.00015151515151515138
Q199,392,Q145,0.0,0.0
Q199,392,Q146,-0.0010588907947398508,0.0024351995775725803
Q199,392,Q147,0.0015891938250428808,0.0015029709317872515
Q199,392,Q148,-0.0010617495711835322,0.0021864619355960566
Q199,392,Q149,-7.547169811320757e-05,0.0014650227691713014
Q199,392,Q150,0.000679817038307604,0.0010237907100879072
Q199,392,Q151,0.0002215551743853638,0.006873254546971456
Q199,392,Q152,0.0010531732418524874,0.006424347948253828
Q199,392,Q153,0.00045397369925671783,0.0023763496605865506
Q199,392,Q154,-0.001439393939393938,0.002290335826944085
Q199,392,Q155,0.0017387078330474547,0.0036895486180976065
Q199,392,Q156,-0.0006063464837049733,0.004020081267361448
Q199,392,Q157,0.0011315037164093768,0.002855804716149735
Q199,392,Q158,0.00022069754145225915,0.005381768605532338
Q199,392,Q159,-0.0020471698113207525,0.004137931852846721
Q199,392,Q160,-0.0005314465408805022,0.00790031507527791
Q199,392,Q161,7.489994282447125e-05,0.005820866021600638
Q199,392,Q162,-0.004622069754145222,0.009082154799426182
Q199,392,Q163,3.1446540880495854e-06,0.004924499325697565
Q199,392,Q164,-0.0011383647798742123,0.004460932136670304
Q199,392,Q165,-0.0007575757575757567,0.0036489680541794797
Q199,392,Q166,0.0002987421383647804,0.0027482099108457306
Q199,392,Q167,-0.0004551172098341905,0.002516883666055935
Q199,392,Q168,-0.0006806746712407086,0.002264719270460173
Q199,392,Q169,-7.833047455688916e-05,0.0027007125091225454
Q199,392,Q170,-0.0010617495711835322,0.004109787037846757
Q199,392,Q171,0.0001555174385363055,0.003710113570384484
Q199,392,Q172,-0.0037855917667238394,0.006154857754994745
Q199,392,Q173,0.0010546026300743284,0.005275688430606882
Q199,392,Q174,0.0003807890222984555,0.0023811144570623282
Q199,392,Q175,-0.0010600343053173236,0.002364389697836798
Q199,392,Q176,-0.0032570040022870186,0.00926180851662679
Q199,392,Q177,-0.0007552887364208115,0.005220236989190879
Q199,392,Q178,-0.0011355060034305311,0.002602358752755177
Q199,392,Q179,0.0,0.0
Q199,392,Q180,-7.575757575757569e-05,0.00015151515151515138
Q199,392,Q181,0.00045454545454545417,0.0017007533576245174
Q199,392,Q182,0.0015094339622641507,0.0032122885464300095
Q199,392,Q183,-0.000530588907947398,0.0020270064413289136
Q199,392,Q184,-0.003710405946255,0.007288045117136745
Q199,392,Q185,-0.002493138936535162,0.004996712830300206
Q199,392,Q186,-0.0009837049742710113,0.005856305411893568
Q199,392,Q187,0.0021901086335048593,0.005147920866184245
Q199,392,Q188,-3.4305317324179184e-06,0.00551761425197967
Q199,392,Q189,-0.0006818181818181812,0.0006943296507508842
Q199,392,Q190,0.00022727272727272708,0.0019254947010816398
Q199,392,Q191,0.0011329331046312173,0.0017538046182018691
Q199,392,Q192,-0.0005303030303030298,0.0012585793731694041
Q199,392,Q193,-0.004316466552315605,0.006021285653680314
Q199,392,Q194,-0.0009090909090909082,0.002041241452319313
Q199,392,Q195,-0.0015108633504859917,0.007451167318174664
Q199,392,Q196,0.0008344768439108051,0.005195370956437907
Q199,392,Q197,0.0012850200114351052,0.0036517313606456575
Q199,392,Q198,-0.0015091480846197826,0.004543278153931299
Q199,392,Q200,0.03573356203544883,0.016549063033681012
Q199,392,Q201,-0.003482561463693536,0.004348224776812927
Q199,392,Q202,-0.0009093767867352765,0.0014089111873677193
Q199,392,Q203,-0.002043739279588335,0.004090815235662418
Q199,392,Q204,-0.00045911949685534476,0.00396815670734509
Q199,392,Q205,0.0002261292166952543,0.002449545627701652
Q199,392,Q206,0.00030474556889651164,0.0028471773553759116
Q199,392,Q207,-0.0006829616923956538,0.002399405726444675
Q199,392,Q208,0.00015294453973699207,0.004139014687741605
Q199,392,Q209,-0.0016675242995997693,0.0030351880859524924
Q199,392,Q210,-0.001892224128073183,0.0034131084369793344
Q199,392,Q211,0.0002998856489422528,0.003965366688812815
Q199,392,Q212,0.0005300171526586616,0.0029690931197486
Q199,392,Q213,0.0008284734133790741,0.005095800613676892
Q199,392,Q214,0.00030703259005145686,0.0038376968638398168
Q199,392,Q215,-0.0021981132075471676,0.005368920561982639
Q199,392,Q216,0.0007590051457975978,0.006892973903952651
Q199,392,Q217,0.0012121212121212108,0.004294859934260107
Q199,392,Q218,-0.0007570040022870208,0.0021293138407716345
Q199,392,Q219,-0.0015906232132647212,0.003675703248865272
Q199,392,Q220,0.0006000571755288743,0.004469473244499635
Q199,392,Q221,-7.204116638078962e-05,0.0028221404065902097
Q199,392,Q222,0.0025823327615780408,0.013134311376506662
Q199,392,Q223,0.003259862778730703,0.009522878643438657
Q199,392,Q224,0.0009076615208690675,0.004440396294145602
Q199,392,Q225,-0.0010671812464265276,0.0075650066438591205
Q199,392,Q226,-0.0001555174385363057,0.003369640097338569
Q199,392,Q227,-0.0031735277301315028,0.006940611456537666
Q199,392,Q228,-0.0005320182961692386,0.0033146225712084153
Q199,392,Q229,-0.0025769010863350462,0.003689923366497762
Q199,392,Q230,-0.0015954831332189799,0.005026227330303229
Q199,392,Q231,0.0004542595769010862,0.004805686821588559
Q199,392,Q232,-0.0006037735849056603,0.0019226185732845217
Q199,392,Q233,-0.002271869639794166,0.002992510677002033
Q199,392,Q234,0.011819039451114928,0.017980279603744084
Q199,392,Q234A,-0.0010600343053173231,0.007002582416376794
Q199,392,Q235,0.0015102915951972552,0.004533872136397341
Q199,392,Q236,-0.001818467695826185,0.003108629009263767
Q199,392,Q237,-7.690108633504832e-05,0.0013832075125581518
Q199,392,Q238,-0.001513722126929673,0.004443175517800833
Q199,392,Q239,-0.0025703259005145787,0.0044916470485335085
Q199,392,Q240,-0.005829045168667805,0.005777596387155599
Q199,392,Q241,-0.0012146941109205246,0.00511566245917448
Q199,392,Q242,-0.003029445397369923,0.0054998990674298455
Q199,392,Q243,-0.0009082332761578039,0.0023052379123607186
Q199,392,Q244,0.0005268724985706119,0.009154201455213876
Q199,392,Q245,0.0007544311034877073,0.002280631511471046
Q199,392,Q246,-0.0015182961692395633,0.004952587694147045
Q199,392,Q247,-0.002962264150943392,0.01003854626708731
Q199,392,Q248,-0.0034822755860491683,0.004847343934341993
Q199,392,Q249,0.0012884505431675231,0.0030824981005854513
Q199,392,Q250,-0.004622355631789589,0.0063751499506741445
Q199,392,Q251,-0.0008361921097770142,0.00507032835052537
Q199,392,Q252,-0.0013624928530588895,0.005641747863105905
Q199,392,Q253,0.0011366495140080035,0.004156219073611639
Q199,392,Q254,0.0009839908519153795,0.0032724775697556643
Q199,392,Q255,0.002802458547741564,0.009539562808649583
Q199,392,Q256,-0.00015122927387078321,0.0009461433226145067
Q199,392,Q257,-0.002272155517438535,0.002783822512966299
Q199,392,Q258,-0.0018144654088050305,0.0033281528137713155
Q199,392,Q259,0.0007592910234419659,0.0023572548003914524
Q199,76,Q260,-0.0008102480385134591,0.0049594375119901
Q199,76,Q262,-0.0026004897469640944,0.005811895017955746
Q199,76,Q263,0.0,0.0
Q199,76,Q264,-5.780346820809301e-05,0.00011560693641618602
Q199,76,Q265,0.0,0.0
Q199,76,Q266,0.0,0.0
Q199,76,Q267,0.0,0.0
Q199,76,Q268,0.0,0.0
Q199,76,Q269,0.0,0.0
Q199,76,Q270,-0.004790858056670751,0.004660002533721304
Q199,76,Q271,-0.0008072495877130215,0.00165444363307429
Q199,76,Q272,0.0,0.0
Q199,76,Q273,-0.0036912595159167986,0.0022800917257342406
Q199,76,Q274,-0.0016726358048341928,0.002167518218688168
Q199,76,Q275,-0.0013251486731855455,0.001696776777852782
Q199,76,Q276,-0.0019008512268661472,0.002368555678069547
Q199,76,Q277,-0.0023674434875314712,0.0036395302306641225
Q199,76,Q278,-0.002307974213323143,0.0018792119845317695
Q199,76,Q279,-0.0038048674851327126,0.0036145341092623817
Q199,76,Q280,-0.00317252752744418,0.000777011990219929
Q199,76,Q281,-0.0034612117072845908,0.0017794143749064342
Q199,76,Q282,-0.0012105412203695053,0.0031112750412824733
Q199,76,Q283,-0.0030074461528210718,0.008000654173738396
Q199,76,Q284,-0.0005200646332728343,0.002287709402999097
Q199,76,Q285,-0.0019596541786743747,0.0037237176496168504
Q199,76,Q286,-0.002538022021955342,0.0008050918811918243
Q199,76,Q287,0.00034698738984854986,0.0018273484553508392
Q199,76,Q288,-0.0017894088054505475,0.0028925107192612643
Q199,76,Q289CS9,-0.0027689027335876725,0.0025437313397963005
Q199,76,Q290,-0.0002881844380403708,0.0033951991873252137
Q199,76,Q1,-0.0011550698805617233,0.0014963992322734368
Q199,76,Q2,-0.002019956355882815,0.0025609012918722898
Q199,76,Q3,-0.00034582132564843433,0.0006671952105354664
Q199,76,Q4,0.046248438306874744,0.01568646525066263
Q199,76,Q5,-0.0009794939281371408,0.0019935301113195997
Q199,76,Q6,-0.0015565291266179469,0.0031652064981125003
Q199,76,Q7,-0.0004590961336642897,0.0031467426493292715
Q199,76,Q8,-0.0004052905998567602,0.0016695368591807776
Q199,76,Q9,-0.0006916426512968398,0.0013832853025936684
Q199,76,Q10,-0.0006355049890890042,0.0018904297211654653
Q199,76,Q11,-0.0012681781079775622,0.0010244164619828025
Q199,76,Q12,-0.0024257466975396323,0.0034024116548338882
Q199,76,Q13,5.830321000816151e-05,0.0006429545063571799
Q199,76,Q14,-0.0006908097482967257,0.0011911052936740593
Q199,76,Q15,-0.0017874098382502576,0.0019913909165086728
Q199,76,Q16,-0.001844880145258312,0.0012961323810908448
Q199,76,Q17,-0.001211207542769588,0.0014741037596449685
Q199,76,Q18,-0.0031162232846362924,0.0025071234554119278
Q199,76,Q19,0.0,0.0
Q199,76,Q20,5.763688760806352e-05,0.00028236193000381725
Q199,76,Q21,0.0,0.0
Q199,76,Q22,-5.7636887608070175e-05,0.00011527377521614034
Q199,76,Q23,0.0,0.0
Q199,76,Q24,-0.0016739684496343867,0.0018835854421492197
Q199,76,Q25,0.0,0.0
Q199,76,Q26,-0.0002881844380403553,0.0010627716953651816
Q199,76,Q27,-0.0022478386167147217,0.0015931152692893857
Q199,76,Q28,-0.001384784527993894,0.0016555890642143865
Q199,76,Q29,-0.0020186237110826257,0.0014921536259921977
Q199,76,Q30,-0.0032298312538522043,0.0023866696398859035
Q199,76,Q31,-0.0008087488131132515,0.002259344659163591
Q199,76,Q32,-0.0036907597741167213,0.003464800333093282
Q199,76,Q33,-0.001618497109826613,0.005233274941848272
Q199,76,Q34,-0.0010926021555529865,0.003487940342618419
Q199,76,Q35,-0.0022485049391148147,0.0019490825446110388
Q199,76,Q36,-0.0006368376338891804,0.004051541684015341
Q199,76,Q37,0.0008090819743132461,0.0018746064466527673
Q199,76,Q38,-0.0014983924972097997,0.0013568306361122523
Q199,76,Q39,0.00017391014642432974,0.00190893651852781
Q199,76,Q40,-0.004730389298862287,0.004352342532149358
Q199,76,Q41,-0.0008130799087138606,0.005266957687214063
Q199,76,Q42,-0.002136063034099067,0.00259958916904719
Q199,76,Q43,-0.0051308490613183435,0.0024668430782107667
Q199,76,Q44,0.0001747430494244439,0.0035991042381225574
Q199,76,Q45,-0.0006333394412886895,0.0016451442709677644
Q199,76,Q46,-0.0006346720860888656,0.0003832251782016462
Q199,76,Q47,-0.0010964335093535272,0.0033284857148160652
Q199,76,Q48,-0.003519514917292763,0.0023974779506759475
Q199,76,Q49,-0.001557695190818107,0.002130959067217289
Q199,76,Q50,-0.005711882194199684,0.0032956088167583244
Q199,76,Q51,-0.0015018906898102856,0.002655408588525296
Q199,76,Q52,-0.0021317319384984647,0.00274474625669402
Q199,76,Q53,-0.00017324382402427173,0.0011177411788840493
Q199,76,Q54,-0.0012148723159701037,0.003871472900562359
Q199,76,Q55,0.0,0.0
Q199,76,Q56,0.001209541736769313,0.0015629380211402962
Q199,76,Q57,-0.00011510719461611976,0.0004314708949106679
Q199,76,Q58,-0.003230664156852316,0.002914824768812484
Q199,76,Q59,-0.003285635754860017,0.002644683382420832
Q199,76,Q60,-0.0005787010044810482,0.0031751920436126455
Q199,76,Q61,-0.0018462127900584924,0.002575966850404905
Q199,76,Q62,-0.003055587946227807,0.0022947818179748563
Q199,76,Q63,-0.0021313987772984253,0.002132498582977035
Q199,76,Q64,-6.046875780848955e-05,0.004651216120289509
Q199,76,Q65,-0.0013293131881861341,0.0027382555311073835
Q199,76,Q66,-0.0010982658959537873,0.003425570668399998
Q199,76,Q67,-0.0019015175492662344,0.003403424133948067
Q199,76,Q68,-0.003229331512052138,0.003474341124893981
Q199,76,Q69,-0.0016726358048341882,0.0010217256646896204
Q199,76,Q70,-0.001846879112458588,0.0016401070761465832
Q199,76,Q71,-0.0008042511369126197,0.003067615902106863
Q199,76,Q72,-0.002252669454115399,0.0038542648597831865
Q199,76,Q73,-0.0027704019589878805,0.0024823540314543773
Q199,76,Q74,-0.0017890756442504973,0.002230154794332723
Q199,76,Q75,-0.002423747730339345,0.0018144226289045933
Q199,76,Q76,0.0005142343122719641,0.004492904763263477
Q199,76,Q77,-0.00046076193966452465,0.0010724306368343425
Q199,76,Q78,-0.0037487298229248456,0.0008159461282128264
Q199,76,Q79,-0.002019290033482735,0.0013781592285962386
Q199,76,Q80,-0.004156019389981872,0.003424530185780007
Q199,76,Q81,-0.0011555696223618072,0.004065912498230484
Q199,76,Q82,-0.0028815112192034343,0.002284263930805849
Q199,76,Q82_MERCOSUR,-0.0010379637187453272,0.0007424836513875548
Q199,76,Q83,-0.0005798670686812059,0.005798610782568134
Q199,76,Q84,-0.0043852342956139535,0.004481465223131561
Q199,76,Q85,-0.001674967933234519,0.002474522937990974
Q199,76,Q86,-0.002767070346987424,0.0032581047439715466
Q199,76,Q87,-0.001558861255018269,0.00255878590105051
Q199,76,Q88,-0.0024803851343472715,0.0038737751741770147
Q199,76,Q89,-0.0029434792024121137,0.0022050094758614682
Q199,76,Q90,-0.004728057170461957,0.0036879895086532615
Q199,76,Q91,-0.0003481534540487696,0.003419177251966224
Q199,76,Q92,-0.001846379370658522,0.00145577019426822
Q199,76,Q93,-5.846979060820439e-05,0.0024821996510026893
Q199,76,Q94,-0.003173693591644344,0.0029428755851624686
Q199,76,Q95,-0.0005768686178807902,0.0013761668496515484
Q199,76,Q96,3.331612000235075e-07,0.002029698967772914
Q199,76,Q97,-0.00011693958121638867,0.001953523133042267
Q199,76,Q98,0.0009811597341373335,0.0022670176571490037
Q199,76,Q99,0.0,0.0
Q199,76,Q100,-0.0005758691342806288,0.0014923767694094484
Q199,76,Q101,0.0006916426512968199,0.0013832853025936395
Q199,76,Q102,-2.222614453595284e-18,0.0001822638420846325
Q199,76,Q103,0.0,0.0
Q199,76,Q104,-0.0001151071946161175,0.00029412039840966516
Q199,76,Q105,-0.00011560693641618602,0.00023121387283237205
Q199,76,Q106,-0.00011427429161602566,0.0015108243675619041
Q199,76,Q107,-0.002942146557611931,0.0019854971970951246
Q199,76,Q108,-0.004790191734270645,0.004639519257826372
Q199,76,Q109,-0.0002885175992404165,0.0015573247449802952
Q199,76,Q110,-0.005994236311239218,0.004982841440127038
Q199,76,Q111,-0.0017869100964501895,0.0035687659361261477
Q199,76,Q112,-0.0004056237610568059,0.002021702897506341
Q199,76,Q113,-0.003404740883876686,0.002501439896286715
Q199,76,Q114,-0.002765904282787246,0.004285167041701562
Q199,76,Q115,-0.0024239143109393746,0.002466853989550894
Q199,76,Q116,-0.0008653862171211734,0.000632142540270139
Q199,76,Q117,-0.0013256484149856119,0.0023025918565346584
Q199,76,Q118,-0.0028257067181956196,0.0020970598517506063
Q199,76,Q119,-0.0034044077226766415,0.003943585920994734
Q199,76,Q120,-0.002367110326331425,0.0032013017470785624
Q199,76,Q121,-0.003519015175492681,0.002215646348650908
Q199,76,Q122,-0.0016158318202262455,0.003171717896648373
Q199,76,Q123,-0.003113391414435905,0.004185394113156979
Q199,76,Q124,-0.0002300478086322276,0.0026627554543318306
Q199,76,Q125,0.0008065832653128992,0.0056865961183403604
Q199,76,Q126,-0.0033487698022688557,0.0066594208299750445
Q199,76,Q127,5.7803468208070807e-05,0.0014963663350111914
Q199,76,Q128,-0.0020752611150905743,0.0016641991883988066
Q199,76,Q129,-0.004156685712381956,0.006357737047266017
Q199,76,Q130,-0.0025418533757558823,0.005152152266208349
Q199,76,Q131,-0.0017877429994503126,0.003236898343519902
Q199,76,Q132,-0.002311638986523652,0.004501974936602757
Q199,76,Q133,-0.0023662774233313044,0.0021098113969769713
Q199,76,Q134,-0.001500391464410078,0.0024492951016542377
Q199,76,Q135,-0.006578934217321075,0.0053274040201132114
Q199,76,Q136,-0.0011030967333544716,0.007527164558083477
Q199,76,Q137,-0.0020187902916826506,0.003757696523176415
Q199,76,Q138,-0.0020784261464910038,0.003444926665157357
Q199,76,Q139,0.0005733704252802398,0.003708706633784183
Q199,76,Q140,-0.00011627325881630627,0.002161938296550553
Q199,76,Q141,-0.0002305475504322807,0.00033607791901126244
Q199,76,Q142,-0.0008647198947210822,0.0010781984380673086
Q199,76,Q143,-0.0027730672485882565,0.0066041887956263395
Q199,76,Q144,-5.8469790608208775e-05,0.0015833834699712506
Q199,76,Q145,-0.0013266478985857555,0.0011473128507998073
Q199,76,Q146,-0.0015588612550182647,0.003245581344411062
Q199,76,Q147,-5.6137662207891415e-05,0.002879766265132174
Q199,76,Q148,-0.0014995585614099635,0.0019495756520585077
Q199,76,Q149,-0.0016724692242341792,0.004015614485620407
Q199,76,Q150,-0.0017880761606503606,0.001975203880457743
Q199,76,Q151,-0.0035774849661008635,0.002878421880284244
Q199,76,Q152,-0.0010361313321450827,0.001953443471786979
Q199,76,Q153,-0.002192200696306932,0.002851442417328153
Q199,76,Q154,-0.0008665522813213445,0.0017979810217399975
Q199,76,Q155,-0.0029984508004198052,0.001321189374585395
Q199,76,Q156,-0.002827372524195866,0.0030384339618950646
Q199,76,Q157,-0.00023237993703256076,0.0023463571441021455
Q199,76,Q158,-0.0009233562659292961,0.003493941482358532
Q199,76,Q159,-0.0031741933334444123,0.0031199270989478237
Q199,76,Q160,-0.0005220636004731217,0.004036448146568449
Q199,76,Q161,-0.003173027269244251,0.0026372591943771874
Q199,76,Q162,0.0005750362312804724,0.005818846813551218
Q199,76,Q163,-0.0050808748813113425,0.008262468329233748
Q199,76,Q164,-0.002596658393163558,0.0026754276545164542
Q199,76,Q165,0.0,0.0
Q199,76,Q166,-0.0020750945344905443,0.002508245067269051
Q199,76,Q167,-0.0006933084572970838,0.0014446060954570116
Q199,76,Q168,-0.0012666788825773634,0.002085204451261071
Q199,76,Q169,-0.0009851576685379504,0.004955594351466809
Q199,76,Q170,-0.0034603788042844768,0.0030933247573766047
Q199,76,Q171,-0.0013864503339941295,0.0025267118493107984
Q199,76,Q172,-0.0006928087154970177,0.002252217911748301
Q199,76,Q173,-0.0007516116673052521,0.002348743314375722
Q199,76,Q174,-0.00017307724342423338,0.00014131730475968574
Q199,76,Q175,0.00017274408222415884,0.0018098774521372158
Q199,76,Q176,-0.002193699921707144,0.0024070890017088738
Q199,76,Q177,-0.003924305775349424,0.004914452990776146
Q199,76,Q178,-0.0031703619796438847,0.005763538874833733
Q199,76,Q179,-0.0002305475504322807,0.0002823619300038295
Q199,76,Q180,-0.002309973180523428,0.0036383674821970783
Q199,76,Q181,-0.0009221902017291117,0.002144216165733522
Q199,76,Q182,-0.004506338391830904,0.007947970663587158
Q199,76,Q183,-0.003800702970132126,0.004955835350220965
Q199,76,Q184,-0.0029416468158118578,0.0022946848843786788
Q199,76,Q185,-0.0001742433076244155,0.0021315622856062917
Q199,76,Q186,-0.002831037297396368,0.005585435893401407
Q199,76,Q187,-0.0010951008645533377,0.002599417241217211
Q199,76,Q188,-0.002020289517082865,0.002555423156248179
Q199,76,Q189,-0.0005187319884726316,0.0012680115273775308
Q199,76,Q190,0.0015593609968182775,0.00420926111432213
Q199,76,Q191,-0.0019043494194666266,0.0014683281549599625
Q199,76,Q192,0.0005185654078725911,0.0014852892392290952
Q199,76,Q193,0.0017827455814495561,0.004572958471415956
Q199,76,Q194,0.0006336726024886996,0.0023157142302401785
Q199,76,Q195,-0.0012125401875697796,0.0027565331875216256
Q199,76,Q196,-0.0036376205627092874,0.005651886260795684
Q199,76,Q197,-0.0029449784278123125,0.004257248755604877
Q199,76,Q198,-0.003347437157468669,0.0026274087982657724
Q199,76,Q200,0.04977178457796802,0.010659707463817834
Q199,76,Q201,0.002535356732354923,0.004885718295756075
Q199,76,Q202,-1.6658060004937557e-07,0.00424718905139011
Q199,76,Q203,-0.003863503856340911,0.0039870568680196485
Q199,76,Q204,-0.0010387966217454592,0.0015325554984359417
Q199,76,Q205,-0.0017286068864420276,0.0020787513984680765
Q199,76,Q206,-0.0020759274374906505,0.0010530262684155705
Q199,76,Q207,-0.0013276473821858992,0.0017180929597281247
Q199,76,Q208,-1.4992254002366146e-06,0.002248831338366234
Q199,76,Q209,-0.0033487698022688474,0.0037661688235323676
Q199,76,Q210,-0.0015576951908181003,0.002115312348068888
Q199,76,Q211,0.0008077493295130699,0.0031801351890649097
Q199,76,Q212,0.00028801785744030827,0.004347692912515665
Q199,76,Q213,-0.0009796605087371724,0.0016962558555307181
Q199,76,Q214,-0.0031730272692442594,0.0031693226586373404
Q199,76,Q215,-5.7137145808028356e-05,0.0032575182655107263
Q199,76,Q216,0.0001127750662157534,0.004035686888010201
Q199,76,Q217,0.0006353384084889192,0.005114877828197952
Q199,76,Q218,-0.0033504356082690867,0.005746229165287694
Q199,76,Q219,-0.0036384534657094036,0.006742775722891216
Q199,76,Q220,-0.003981609501757443,0.0032325598571955653
Q199,76,Q221,-0.0009221902017291274,0.0022793913467763945
Q199,76,Q222,-0.0006345055054888537,0.0013566965091521362
Q199,76,Q223,-0.002081424597291428,0.005203271902228415
Q199,76,Q224,-0.0028848428312038977,0.0014965322974726017
Q199,76,Q225,-0.0034024087554763585,0.002796280025359076
Q199,76,Q226,-0.0016741350302344072,0.0021937823882428524
Q199,76,Q227,-0.004790691476070722,0.004612740812954788
Q199,76,Q228,-0.0021323982608985603,0.0029197750525103683
Q199,76,Q229,-0.0043859006180140495,0.003530000938480398
Q199,76,Q230,-0.0016144991754260562,0.0023664947772848335
Q199,76,Q231,-0.0021358964534990443,0.002447564260854517
Q199,76,Q232,-0.0009245223301294691,0.0023892394782131063
Q199,76,Q233,-0.002135563292299003,0.0020713427852343523
Q199,76,Q234,-0.0010995985407539766,0.003632554680788863
Q199,76,Q234A,-0.0008645533141210703,0.0010470260590538798
Q199,76,Q235,-0.003576318901900701,0.0034187322541344165
Q199,76,Q236,-0.002368109809931558,0.0037321528366206485
Q199,76,Q237,-0.0043274308274058645,0.0025258812315947466
Q199,76,Q238,0.00017424330762436436,0.004987410545951443
Q199,76,Q239,0.0012693441721776887,0.0009761492397562429
Q199,76,Q240,-0.0007524445703053684,0.004765081655115375
Q199,76,Q241,-0.003637453982109265,0.00450672705492649
Q199,76,Q242,-0.0008665522813213467,0.0023505155212436707
Q199,76,Q243,-0.003172027785644114,0.0032452954262483214
Q199,76,Q244,0.000690976328896711,0.0038649993914355485
Q199,76,Q245,-0.002767070346987424,0.0017150514698762035
Q199,76,Q246,-0.0020769269210907963,0.0017055743074006955
Q199,76,Q247,0.0013214838999849742,0.006145132451368577
Q199,76,Q248,-0.0013826189801935927,0.0025353797164334273
Q199,76,Q249,-0.002770901700787942,0.0035475241122126713
Q199,76,Q250,-0.002308807116323271,0.0032994033713854773
Q199,76,Q251,-0.001556529126617938,0.0030692947446160023
Q199,76,Q252,-0.004096383535173509,0.003028994941875919
Q199,76,Q253,-0.002133064583298643,0.002066600964856493
Q199,76,Q254,-0.001557528610218073,0.002051260549070569
Q199,76,Q255,-0.002595658909563423,0.0018235907501575968
Q199,76,Q256,0.00034265629424794274,0.006896008417763334
Q199,76,Q257,-0.00120970831736938,0.002258122129723777
Q199,76,Q258,5.713714580796157e-05,0.0025995947197376018
Q199,76,Q259,-0.0009866568939381538,0.005766745898032316
Q199,818,Q260,-0.002259414225941414,0.0029300655062780745
Q199,818,Q262,-0.0048535564853556395,0.0053096877252603435
Q199,818,Q263,0.0,0.0
Q199,818,Q264,0.0,0.0
Q199,818,Q265,0.0,0.0
Q199,818,Q266,0.0,0.0
Q199,818,Q267,0.0,0.0
Q199,818,Q268,0.0,0.0
Q199,818,Q269,0.0,0.0
Q199,818,Q270,-0.0005020920502091887,0.005966709111288968
Q199,818,Q271,-0.00016736401673639987,0.0013389121338911992
Q199,818,Q272,0.0,0.0
Q199,818,Q273,-0.0005020920502091907,0.0017026769832113597
Q199,818,Q274,0.0005857740585774196,0.0038128153137722324
Q199,818,Q275,-0.0001673640167363863,0.00695920431340312
Q199,818,Q276,0.0003347280334728064,0.006467920956967208
Q199,818,Q277,-0.0005020920502091976,0.0037085388796921134
Q199,818,Q278,0.004518828451882852,0.006644161754403116
Q199,818,Q279,-0.002594142259414221,0.0031243773560827373
Q199,818,Q280,-0.0013389121338912165,0.008617215505845004
Q199,818,Q281,0.0003347280334728047,0.007584194182675939
Q199,818,Q282,-0.004100418410041841,0.007944944569986859
Q199,818,Q283,-0.005104602510460243,0.0029514965838574616
Q199,818,Q284,0.0010041841004184127,0.0034360611159243233
Q199,818,Q285,-0.0047698744769874395,0.004104685679809428
Q199,818,Q286,-0.002845188284518809,0.005763740705513813
Q199,818,Q287,-0.0011715481171547992,0.0031909081112866467
Q199,818,Q288,-0.003263598326359831,0.004540471955230291
Q199,818,Q289CS9,0.0,0.0
Q199,818,Q290,-0.0002510460251045998,0.0007295228357390171
Q199,818,Q1,0.0,0.0
Q199,818,Q2,0.001004184100418406,0.005316277882600384
Q199,818,Q3,0.0033472803347280263,0.0027373099972880627
Q199,818,Q4,0.051966527196652734,0.0189487555967942
Q199,818,Q5,-0.00016736401673639323,0.0021433051840779533
Q199,818,Q6,0.0,0.0
Q199,818,Q7,0.0,0.0
Q199,818,Q8,0.0007531380753138106,0.0014590456714780632
Q199,818,Q9,-0.002175732217573214,0.003234501772399591
Q199,818,Q10,-0.0010041841004183993,0.0020769328277808743
Q199,818,Q11,0.0,0.0
Q199,818,Q12,-0.00016736401673638664,0.0030701148665847745
Q199,818,Q13,0.001589958158995828,0.003801779645724037
Q199,818,Q14,-0.0006694560669455996,0.0012010627694064586
Q199,818,Q15,0.0028451882845188293,0.0028427259835084586
Q199,818,Q16,-0.0025104602510460094,0.004943616899662543
Q199,818,Q17,0.0012552301255230195,0.008048277850071705
Q199,818,Q18,-0.00033472803347280207,0.00584217897094793
Q199,818,Q19,-0.0004184100418409997,0.000916690472812008
Q199,818,Q20,-0.0008368200836820015,0.004125107127653935
Q199,818,Q21,-0.0008368200836820038,0.0012691004927282846
Q199,818,Q22,-0.0006694560669455996,0.0019908581177188606
Q199,818,Q23,0.00033472803347282196,0.002431102769260925
Q199,818,Q24,-0.001673640167363997,0.0029467475919094273
Q199,818,Q26,-0.0030125523012552243,0.00503067392977041
Q199,818,Q27,0.0,0.0
Q199,818,Q28,-0.0015899581589958124,0.0034238113046826395
Q199,818,Q29,-0.003765690376569033,0.005239322457740076
Q199,818,Q30,0.00041841004184100633,0.0042505188616569775
Q199,818,Q31,-0.0010041841004184014,0.003912525431819559
Q199,818,Q32,0.002426778242677818,0.006836364272970751
Q199,818,Q33,-0.0016736401673640125,0.0048362119754978535
Q199,818,Q34,-8.368200836819332e-05,0.0015062761506276204
Q199,818,Q35,-0.0022594142259414075,0.004557405457469498
Q199,818,Q37,0.00033472803347281313,0.0039017717914225196
Q199,818,Q38,0.0023430962343096227,0.0030586890179911497
Q199,818,Q39,0.0015899581589958254,0.00218856850721709
Q199,818,Q40,-0.0015899581589958033,0.004111504099259644
Q199,818,Q41,-0.0005857740585773996,0.004214118263435695
Q199,818,Q42,-0.0024267782426778224,0.00441536601113737
Q199,818,Q43,-8.368200836819995e-05,0.00016736401673639992
Q199,818,Q44,0.00041841004184101516,0.003779611645401244
Q199,818,Q45,-0.001924686192468614,0.0032040484885483686
Q199,818,Q46,-0.0002510460251045998,0.0007295228357390171
Q199,818,Q47,-0.0009205020920502061,0.0036128925765561205
Q199,818,Q48,-0.0010878661087866015,0.006592315444763564
Q199,818,Q49,-0.004184100418410044,0.003978197263265155
Q199,818,Q50,0.0018410041841004255,0.0067445829889907685
Q199,818,Q51,-0.0007531380753138103,0.004981715838037539
Q199,818,Q52,0.0009205020920502172,0.0022825408697884388
Q199,818,Q53,0.0011715481171548103,0.0033826582311979477
Q199,818,Q54,0.0024267782426778137,0.004773543329523556
Q199,818,Q55,0.0011715481171548216,0.0021400354564928116
Q199,818,Q56,0.0002510460251046021,0.0007295228357390392
Q199,818,Q57,0.0,0.0
Q199,818,Q58,0.0,0.0
Q199,818,Q59,0.0016736401673640253,0.008078673396583866
Q199,818,Q60,0.0005857740585774108,0.0026143095149478413
Q199,818,Q61,-0.0010878661087866126,0.001011133554275721
Q199,818,Q62,-0.0007531380753137996,0.005622285199076422
Q199,818,Q63,0.0006694560669456019,0.005073642306685901
Q199,818,Q64,0.00041841004184100183,0.005358262960194843
Q199,818,Q66,-1.3010426069826053e-19,0.004332110160851803
Q199,818,Q67,-0.0005020920502091972,0.006462505297508895
Q199,818,Q68,-0.0029288702928870203,0.006476576592766286
Q199,818,Q72,-0.0016736401673640034,0.003450297594659129
Q199,818,Q73,0.002008368200836834,0.0075934218222765675
Q199,818,Q74,6.591949208711867e-18,0.005506505063217425
Q199,818,Q75,-0.000836820083682004,0.0030518129755331166
Q199,818,Q77,0.0018410041841004157,0.01226048519462756
Q199,818,Q78,-0.000585774058577402,0.006265541940530476
Q199,818,Q79,0.0033472803347280354,0.0047559070254001015
Q199,818,Q80,-0.003933054393305435,0.003536493156337315
Q199,818,Q81,9.020562075079397e-18,0.0027373099972880276
Q199,818,Q82,-0.0019246861924686032,0.0037292518753400945
Q199,818,Q82_ARABLEAGUE,0.00016736401673641323,0.002008368200836814
Q199,818,Q82_GULFCOOP,1.1145598333150985e-17,0.002496474291242913
Q199,818,Q82_ISLCOOP,-8.36820083681954e-05,0.005058437241743071
Q199,818,Q82_UNDP,-0.0015899581589958124,0.0018218862809269779
Q199,818,Q83,-0.0016736401673639989,0.0026062613393133516
Q199,818,Q84,-0.0005020920502091885,0.0020395075492810016
Q199,818,Q85,-0.0002510460251045998,0.000939328214252892
Q199,818,Q86,6.657001339060997e-18,0.0005917211558046454
Q199,818,Q87,0.0002510460251045932,0.0009758915305180514
Q199,818,Q88,0.0005020920502092064,0.002543712829049454
Q199,818,Q89,-0.0004184100418409975,0.0013750357092179716
Q199,818,Q90,-0.006108786610878652,0.007663188768832186
Q199,818,Q91,-0.0037656903765690302,0.006290082166683205
Q199,818,Q92,-0.0012552301255230082,0.0024397288262950957
Q199,818,Q93,0.0006694560669456128,0.0023160422599327207
Q199,818,Q94,0.0,0.0
Q199,818,Q95,0.0,0.0
Q199,818,Q96,0.0,0.0
Q199,818,Q97,0.0,0.0
Q199,818,Q98,0.0,0.0
Q199,818,Q99,0.0,0.0
Q199,818,Q100,-0.0001673640167363999,0.0003347280334727998
Q199,818,Q101,0.0,0.0
Q199,818,Q102,0.0,0.0
Q199,818,Q103,0.0,0.0
Q199,818,Q104,0.0,0.0
Q199,818,Q105,0.0,0.0
Q199,818,Q106,0.0005020920502092107,0.0011038415027843406
Q199,818,Q107,0.002426778242677834,0.0068517119633334355
Q199,818,Q108,4.380176776841438e-18,0.006803506819808478
Q199,818,Q109,-0.002928870292887023,0.004348244705193794
Q199,818,Q110,-0.0008368200836820063,0.006885356462167112
Q199,818,Q111,-0.0007531380753137928,0.0011351179888075635
Q199,818,Q112,-0.002259414225941414,0.007562001906331275
Q199,818,Q119,-0.0002510460251045841,0.00841659645903275
Q199,818,Q120,0.0014225941422594168,0.004663723780114729
Q199,818,Q121,-0.0021757322175732117,0.004375536891180353
Q199,818,Q122,-0.002175732217573214,0.0047070664804770455
Q199,818,Q123,-0.0011715481171548081,0.003755448648086466
Q199,818,Q124,-0.0013389121338912037,0.005708805991903102
Q199,818,Q125,-0.0010041841004184064,0.0048549990642210005
Q199,818,Q126,-0.0031799163179916227,0.006095589573715242
Q199,818,Q127,-0.0020083682008368115,0.004034132483077456
Q199,818,Q128,-0.0015899581589958144,0.0009686892805682185
Q199,818,Q129,-0.0014225941422594123,0.002346082973870472
Q199,818,Q130,-8.368200836819783e-05,0.005002756544815114
Q199,818,Q131,-0.0020920502092050142,0.002066793143971285
Q199,818,Q132,0.0006694560669456085,0.0008615590076139771
Q199,818,Q133,-0.0005857740585773931,0.006650482505876323
Q199,818,Q135,0.0002510460251046021,0.0008615590076140029
Q199,818,Q136,-0.0008368200836820041,0.004711527451132802
Q199,818,Q137,-0.0011715481171548081,0.0049464491066549075
Q199,818,Q139,-0.000669456066945604,0.0021917658332566794
Q199,818,Q140,-0.0015899581589958057,0.0035146443514644226
Q199,818,Q142,-0.0010041841004184014,0.0029892169204170397
Q199,818,Q143,-0.0015899581589957942,0.002817984642758595
Q199,818,Q144,-8.368200836819995e-05,0.00016736401673639992
Q199,818,Q145,0.0,0.00026462574562078207
Q199,818,Q149,-0.0007531380753137975,0.00497468249295456
Q199,818,Q150,0.0007531380753138062,0.0009318434080050192
Q199,818,Q151,-0.00401673640167364,0.004147116884807971
Q199,818,Q152,0.0016736401673640299,0.004307795038069886
Q199,818,Q153,-0.0011715481171547973,0.0036990855406360285
Q199,818,Q154,-0.0014225941422594103,0.003182117714114041
Q199,818,Q155,-0.0005020920502091994,0.008374056528630528
Q199,818,Q156,-0.0021757322175732117,0.003277515653149138
Q199,818,Q157,-0.0021757322175732187,0.005547050516879182
Q199,818,Q158,-0.004435146443514635,0.005716161123996008
Q199,818,Q159,0.003263598326359833,0.00832373121393018
Q199,818,Q160,-0.0012552301255230145,0.004681707357556254
Q199,818,Q161,0.001255230125523015,0.012679964468536073
Q199,818,Q162,0.0020083682008368254,0.007766664200952019
Q199,818,Q163,0.0004184100418410065,0.00816489433817606
Q199,818,Q164,0.0,0.0
Q199,818,Q166,8.368200836820217e-05,0.00016736401673640434
Q199,818,Q167,0.0,0.0
Q199,818,Q168,0.0,0.0
Q199,818,Q169,0.0009205020920502127,0.0017231180152279422
Q199,818,Q171,-0.003347280334728031,0.00429150842006965
Q199,818,Q172,0.00016736401673639323,0.002627668362863181
Q199,818,Q173,-0.002677824267782407,0.0028696950961476226
Q199,818,Q174,-0.001422594142259406,0.004526570154409512
Q199,818,Q175,-0.0005020920502092041,0.002879439419930572
Q199,818,Q176,-0.0021757322175732234,0.007176189648374331
Q199,818,Q177,-0.0007531380753138064,0.0069380409466691835
Q199,818,Q178,0.0007531380753138127,0.0021885685072170974
Q199,818,Q179,0.0,0.0
Q199,818,Q180,-0.0008368200836819884,0.004291508420069648
Q199,818,Q181,-0.0007531380753138017,0.0013071547574739027
Q199,818,Q184,-0.0025941422594142178,0.007588809405024014
Q199,818,Q185,-0.002343096234309612,0.0033535506124709193
Q199,818,Q187,-0.001506276150627599,0.0032258301702755105
Q199,818,Q188,-0.0005020920502092018,0.0032775156531491207
Q199,818,Q189,-0.0021757322175732117,0.004616941999710027
Q199,818,Q190,0.009623430962343105,0.011908158552935295
Q199,818,Q191,-0.0002510460251045865,0.0026541843560089866
Q199,818,Q192,-0.0003347280334727998,0.0004879457652590157
Q199,818,Q194,-0.0005020920502092085,0.0006694560669456151
Q199,818,Q195,0.00025104602510460215,0.0055166693636316
Q199,818,Q200,0.13129707112970712,0.016177704014352395
Q199,818,Q201,-0.002175732217573203,0.003146710573550285
Q199,818,Q202,0.010962343096234313,0.007378266927249242
Q199,818,Q203,0.0007531380753138173,0.0026116295454941168
Q199,818,Q204,-0.0011715481171548036,0.005092928553875461
Q199,818,Q205,-0.0005020920502091996,0.0010384664138904372
Q199,818,Q206,0.0020083682008368254,0.005419338864834198
Q199,818,Q207,-0.00016736401673640212,0.002060005627630338
Q199,818,Q208,0.005774058577405866,0.0033618927910628745
Q199,818,Q209,6.661338147750939e-18,1.332267629550188e-17
Q199,818,Q210,0.0011715481171548038,0.002780459870432795
Q199,818,Q211,-0.0006694560669455996,0.0017869587032688196
Q199,818,Q212,0.0,0.0
Q199,818,Q213,-0.0002510460251045976,0.000729522835739019
Q199,818,Q214,0.000836820083682006,0.002946747591909456
Q199,818,Q215,0.0011715481171548081,0.0011655555043668744
Q199,818,Q216,-0.0010041841004184058,0.005433534085605996
Q199,818,Q221,0.0005857740585774108,0.0032474657593191754
Q199,818,Q222,-0.00033472803347279307,0.004788190627922993
Q199,818,Q223,0.0025941422594142273,0.0018025656258190746
Q199,818,Q224,-0.0036820083682008267,0.006325607092540323
Q199,818,Q225,-0.0023430962343096227,0.004833315172617102
Q199,818,Q227,0.0007531380753138172,0.006336667788332233
Q199,818,Q228,0.0042677824267782416,0.006446231020107376
Q199,818,Q229,-0.00041841004184100183,0.005225939747613733
Q199,818,Q230,-0.0015899581589958103,0.003079225019744615
Q199,818,Q231,0.000920502092050215,0.0009686892805682186
Q199,818,Q232,-0.0008368200836819951,0.007404793909833934
Q199,818,Q233,0.0011715481171548168,0.006157312849923729
Q199,818,Q234,-0.002343096234309616,0.003081498349710796
Q199,818,Q234A,-8.368200836820424e-05,0.004824614328167197
Q199,818,Q235,0.005439330543933059,0.007827735118773958
Q199,818,Q236,-0.00435146443514644,0.005401218263800794
Q199,818,Q238,0.0002510460251045998,0.0034462360304559187
Q199,818,Q239,-0.0007531380753138086,0.004423288798795811
Q199,818,Q241,-0.001924686192468621,0.005223259090988171
Q199,818,Q242,-8.368200836819549e-05,0.0036418502338056396
Q199,818,Q243,8.368200836819314e-05,0.010969686766978343
Q199,818,Q244,8.368200836820225e-05,0.006856820226149452
Q199,818,Q246,-0.001757322175732208,0.006575297499770103
Q199,818,Q247,8.368200836820217e-05,0.00973520678522367
Q199,818,Q248,-0.0016736401673640097,0.007719636924350673
Q199,818,Q249,0.001171548117154817,0.004383531666513404
Q199,818,Q250,-0.003179916317991624,0.005135376064457311
Q199,818,Q251,-0.007782426778242674,0.007794564701051043
Q199,818,Q253,-0.004016736401673623,0.0037104266573046566
Q199,818,Q254,0.0009205020920502125,0.005314960504836943
Q199,818,Q255,0.00016736401673639987,0.000567558994403782
Q199,818,Q256,-0.0003347280334728065,0.0012800885808182854
Q199,818,Q257,-0.001841004184100421,0.0022547604326874477
Q199,818,Q258,-0.002677824267782412,0.003000907293228627
Q199,818,Q259,-0.004100418410041833,0.004654705936459709
Q235,276,Q260,-0.0012478373702422107,0.0007781674927602342
Q235,276,Q262,0.001867550941945402,0.0030649551248556083
Q235,276,Q263,-0.00020761245674740802,0.0004152249134948161
Q235,276,Q264,-0.0004166666666666652,0.0008333333333333304
Q235,276,Q265,0.0010395040369088715,0.0011371416287688488
Q235,276,Q266,-0.0005543540945790127,0.0007772654350657837
Q235,276,Q267,0.0,0.0
Q235,276,Q268,-0.00027681660899654404,0.00114553255067454
Q235,276,Q269,0.0,0.0
Q235,276,Q270,0.0005569973087274049,0.002429092587454332
Q235,276,Q271,0.00069324298346789,0.002433355668851842
Q235,276,Q272,6.94444444444442e-05,0.0001388888888888884
Q235,276,Q273,2.8835063437027826e-06,0.00233004907561449
Q235,276,Q274,-0.0006934832756632115,0.002441505567726155
Q235,276,Q275,-0.0011051038062283847,0.0028426483831606422
Q235,276,Q276,0.0011108708189157923,0.0025127378646846105
Q235,276,Q277,0.0026345636293733056,0.0012908979812285034
Q235,276,Q278,0.0006968473663975283,0.0030372573236795344
Q235,276,Q279,7.136678200690745e-05,0.001358768036507289
Q235,276,Q280,-0.0009705401768550549,0.0056406290654270295
Q235,276,Q281,0.0022219819300269153,0.003864242904041007
Q235,276,Q282,-0.003327566320645912,0.002040200682628525
Q235,276,Q283,-0.00020184544405997805,0.005079918010891608
Q235,276,Q284,0.0016642637447135656,0.001188907504763773
Q235,276,Q285,-0.0006934832756632138,0.0013145784931745245
Q235,276,Q286,0.0015234525182622027,0.0014782710626432918
Q235,276,Q287,-0.0013158400615148123,0.004399864623844664
Q235,276,Q288,-0.0006905997693195042,0.0028035044380579736
Q235,276,Q289CS9,-0.0009020569011918566,0.0012319596895275676
Q235,276,Q1,0.0,0.0
Q235,276,Q2,-0.004981497500961174,0.007849093503504104
Q235,276,Q3,-6.824298346790321e-05,0.0013571498975213565
Q235,276,Q4,-0.0013163206459054378,0.0026115855871504065
Q235,276,Q5,-0.00020713187235679617,0.004824757129773504
Q235,276,Q6,-0.0006237985390234655,0.0027477904145850945
Q235,276,Q7,-0.0003474625144175292,0.0009041558317979411
Q235,276,Q8,-0.0006927623990772913,0.0021622574864347253
Q235,276,Q9,0.0011142349096501293,0.00421047521626695
Q235,276,Q10,0.0007655709342560502,0.002142574545752727
Q235,276,Q11,0.0008304498269896144,0.0013419182996308033
Q235,276,Q12,0.0006233179546328272,0.002898508148971317
Q235,276,Q13,-0.00020881391772394897,0.001343282890833155
Q235,276,Q14,0.0006934832756632069,0.000877652366835924
Q235,276,Q15,0.0,0.0
Q235,276,Q16,0.0,0.0
Q235,276,Q17,2.4029219530596673e-07,0.0004895173720759178
Q235,276,Q18,0.0008311707035755456,0.0007770086584613639
Q235,276,Q19,4.805843906185905e-07,0.00037992437827521396
Q235,276,Q20,0.0,0.0
Q235,276,Q21,-0.000416426374471357,0.0006733138243879567
Q235,276,Q22,0.0,0.0
Q235,276,Q23,0.0,0.0
Q235,276,Q24,0.0007634083044982542,0.0024133591570564116
Q235,276,Q25,0.0,0.0
Q235,276,Q26,0.0,0.0
Q235,276,Q27,-0.0002040080738177741,0.0027856198976029664
Q235,276,Q28,-0.002566080353710116,0.0018706799722725046
Q235,276,Q29,0.003397971933871591,0.00481586364178332
Q235,276,Q30,0.0009015763168012246,0.0013783068160366208
Q235,276,Q31,-0.0004152249134948183,0.0009899486109234217
Q235,276,Q32,0.0009085447904651934,0.005060835130091645
Q235,276,Q33,0.0004880334486735838,0.002646206320799911
Q235,276,Q34,0.003954728950403689,0.003497709620465927
Q235,276,Q35,-0.00165537293348712,0.005793004911051765
Q235,276,Q36,0.002147731641676263,0.0012276632906601758
Q235,276,Q37,0.002149413687043438,0.0010175953171124962
Q235,276,Q38,0.000828527489427142,0.005617082898457873
Q235,276,Q39,0.0012466359092656652,0.0011493883293413037
Q235,276,Q40,7.280853517876336e-05,0.0023552206886499985
Q235,276,Q41,-0.0004827470203767793,0.0023758306052517504
Q235,276,Q42,-0.0006905997693194933,0.0031164918947059984
Q235,276,Q43,0.0005565167243367864,0.0017501606453868286
Q235,276,Q44,-0.00117719146482123,0.003478987746869327
Q235,276,Q45,0.0015950595924644228,0.001511821334116341
Q235,276,Q46,-0.0002784986543637036,0.001082496577589354
Q235,276,Q47,-0.000967416378316035,0.0021279429970556644
Q235,276,Q48,0.0010407054978854191,0.003483012319793278
Q235,276,Q49,-0.0009712610534409926,0.0019441537380494147
Q235,276,Q50,-0.0004846693579392648,0.0016782158306568131
Q235,276,Q51,0.0,0.0
Q235,276,Q52,-0.0009719819300269307,0.0033905085706525963
Q235,276,Q53,-4.445228907190568e-18,0.00021884274464832707
Q235,276,Q54,-6.94444444444442e-05,0.0001388888888888884
Q235,276,Q55,0.0,0.0
Q235,276,Q56,-0.0007595636293733232,0.0024263920601033735
Q235,276,Q57,-0.0015933775470972724,0.001829232981768191
Q235,276,Q58,-0.0008304498269896099,0.0016608996539792197
Q235,276,Q59,0.00048563052672049526,0.001661802242687935
Q235,276,Q60,-0.00020929450211457424,0.0013085952910413434
Q235,276,Q61,0.0009727028066128307,0.002051331363548348
Q235,276,Q62,-0.0020782871972318383,0.0023477873601414545
Q235,276,Q63,-0.001799788542868137,0.0012258670670632977
Q235,276,Q64,-0.0008998942714340697,0.002117334511939085
Q235,276,Q65,-0.0013129565551710984,0.0036273017338386148
Q235,276,Q66,-0.00027513456362938444,0.001877331737154694
Q235,276,Q67,-0.0015904940407535741,0.0031294532632790088
Q235,276,Q68,0.0008321318723567738,0.002623993809437556
Q235,276,Q69,0.00041810841983852315,0.002039476946527266
Q235,276,Q70,0.0013869665513264007,0.0017244273695327793
Q235,276,Q71,-0.0009681372549019641,0.002182515741734047
Q235,276,Q72,0.0011084678969627015,0.002470012742125015
Q235,276,Q73,-0.0009686178392925805,0.0027107109393917717
Q235,276,Q74,-0.0012449538638985035,0.0026627366146266375
Q235,276,Q75,-0.002560553633218001,0.002750295852302276
Q235,276,Q76,-0.0009010957324106173,0.0025490342862833676
Q235,276,Q77,-0.0009700595924644385,0.0005951788843595601
Q235,276,Q78,-0.0008280469050365258,0.004474826102166923
Q235,276,Q79,-0.0009015763168012403,0.0012514593320281252
Q235,276,Q80,-0.002700403690888127,0.0019372549328628588
Q235,276,Q81,0.000623798539023448,0.001962650166511546
Q235,276,Q82,0.0005557958477508528,0.003588164491798804
Q235,276,Q82_EU,-0.0005543540945790059,0.000838604476428559
Q235,276,Q83,-0.0015210495963091208,0.0025143561489893865
Q235,276,Q84,-0.00020761245674741038,0.0021731311153814054
Q235,276,Q85,0.00013960976547480844,0.0012502461805640956
Q235,276,Q86,-0.0002765763168012383,0.0038750950473299293
Q235,276,Q87,-0.0011769511726259217,0.0019182633861502968
Q235,276,Q88,-0.0012456747404844325,0.0025327289136316718
Q235,276,Q89,-0.0008304498269896276,0.0014633250968902154
Q235,276,Q90,-0.0006199538638985078,0.0038057307664272257
Q235,276,Q91,0.0006937235678585085,0.0014391632190187303
Q235,276,Q92,-0.002424548250672829,0.004791486567649712
Q235,276,Q93,0.0,0.0
Q235,276,Q94,-0.0026989619377162646,0.0035555277515248117
Q235,276,Q95,0.003191801230296025,0.003719769875534864
Q235,276,Q96,-6.920415224914269e-05,0.001458221972713199
Q235,276,Q97,-0.0018728373702422217,0.0021756154622296856
Q235,276,Q98,-6.920415224913379e-05,0.0001384083044982676
Q235,276,Q99,0.0006942041522491338,0.0012227639463292398
Q235,276,Q100,0.0005557958477508641,0.0012915734779970869
Q235,276,Q101,-0.001382881584006157,0.002505998307445712
Q235,276,Q102,0.0,0.0
Q235,276,Q103,-0.0005555555555555536,0.0011111111111111072
Q235,276,Q104,-0.00013840830449826758,0.0002768166089965352
Q235,276,Q105,-0.0014542483660130844,0.002566563469030276
Q235,276,Q106,0.0019384371395616995,0.004347454533889424
Q235,276,Q107,0.001256487889273354,0.006412043063874925
Q235,276,Q108,-0.0033294886582083865,0.002934110617048686
Q235,276,Q109,-0.0011769511726259152,0.003045344026014506
Q235,276,Q110,-0.002766484044598232,0.006014375385393521
Q235,276,Q111,-0.0011764705882352942,0.00192780460583864
Q235,276,Q112,-0.0011743079584775164,0.0045747446097976485
Q235,276,Q113,-0.0003472222222222232,0.0008784104611578792
Q235,276,Q114,-0.0002066512879661796,0.002365223920718875
Q235,276,Q115,-0.0013855247981545604,0.0008765147864653989
Q235,276,Q116,0.0009705401768550526,0.0018762153097328076
Q235,276,Q117,0.0007646097654748152,0.0025808501101922503
Q235,276,Q118,0.0003448193002691235,0.0019961730875357065
Q235,276,Q119,1.4417531718513913e-06,0.001845175182207906
Q235,276,Q120,0.004988946559015753,0.005061098802426709
Q235,276,Q121,-0.0010380622837370245,0.0015007543272075174
Q235,276,Q122,-0.0004817858515955507,0.003783381652696402
Q235,276,Q123,0.0013864859669357869,0.0036853948572210062
Q235,276,Q124,-0.0010407054978854367,0.001769646616274705
Q235,276,Q125,-2.4029219530596673e-07,0.0002192228775088446
Q235,276,Q126,0.0012504805843906162,0.0030617720363146023
Q235,276,Q127,-0.0002775374855824686,0.0012688679372471316
Q235,276,Q128,0.00041762783544789116,0.004408869360404329
Q235,276,Q129,-0.00041690695886197564,0.001061809312727044
Q235,276,Q130,0.00014129181084198138,0.003364753068895329
Q235,276,Q131,0.002006920415224902,0.0033768197829061
Q235,276,Q132,0.0020780469050365145,0.0009775075282096983
Q235,276,Q133,0.0005517108804305959,0.0021759944171753746
Q235,276,Q134,-0.0004161860822760511,0.0005544153880942205
Q235,276,Q135,0.0007655709342560456,0.00320943177831597
Q235,276,Q136,0.00034986543637061785,0.0040873507758163
Q235,276,Q137,0.00041498462129949685,0.002116008160171008
Q235,276,Q138,0.0011099096501345663,0.0009671647132182767
Q235,276,Q139,-0.00034145520953480466,0.0038092927163976627
Q235,276,Q140,-0.0022871011149557963,0.002083580899959644
Q235,276,Q141,0.0,0.0
Q235,276,Q142,-0.0003457804690503763,0.0025828925696094224
Q235,276,Q143,0.002075163398692812,0.0022859498563858353
Q235,276,Q144,0.00013840830449827202,0.0002768166089965496
Q235,276,Q145,-2.4029219530818935e-07,0.0003792663494085499
Q235,276,Q146,-6.199538638985494e-05,0.00432740590032362
Q235,276,Q147,-0.0008938869665513361,0.004398639112983657
Q235,276,Q148,-0.0006192329873125856,0.004128942658906454
Q235,276,Q149,-0.0004181084198385254,0.003246297934623213
Q235,276,Q150,-6.584006151481269e-05,0.0029773169194401154
Q235,276,Q151,0.0007598039215686179,0.002730011290812076
Q235,276,Q152,0.0020107650903498572,0.004378515317514597
Q235,276,Q153,-0.00013264129181084615,0.004627879124802616
Q235,276,Q154,0.002080449826989614,0.004607093666899355
Q235,276,Q155,0.002842896962706649,0.003483873756421217
Q235,276,Q156,0.0002821030372933377,0.004746183801305323
Q235,276,Q157,0.0030531526336024543,0.0035282827605004727
Q235,276,Q158,0.0004873125720876481,0.0022861766943702753
Q235,276,Q159,-0.0003440984236832034,0.0020429408143434603
Q235,276,Q160,-0.0007559592464436894,0.0049393353607337966
Q235,276,Q161,-0.0002715301806997328,0.004450384990903519
Q235,276,Q162,-0.0012447135717031977,0.002995616316383482
Q235,276,Q163,0.0009022971933871537,0.0037217011874016207
Q235,276,Q164,-0.0007626874279123518,0.001703471759734341
Q235,276,Q165,-1.922337562478872e-06,0.0016683538515032336
Q235,276,Q166,-0.0007593233371780107,0.003894439561429347
Q235,276,Q167,-0.0005545943867743252,0.0022242567071608346
Q235,276,Q168,-0.00013600538254518127,0.00229302589109051
Q235,276,Q169,0.004587658592848889,0.011045216969866808
Q235,276,Q170,-0.0014513648596693636,0.005164310085581606
Q235,276,Q171,-0.0008278066128412198,0.00335559787108628
Q235,276,Q172,0.001731545559400225,0.0025141805121616377
Q235,276,Q173,0.0004164263744713503,0.0008030691711507696
Q235,276,Q174,-0.0002782583621683977,0.0021652287716920674
Q235,276,Q175,-0.0031819492502883516,0.004214667333828186
Q235,276,Q176,0.0006204344482891066,0.0024135913409130587
Q235,276,Q177,0.0012497597078046851,0.002833626637987867
Q235,276,Q178,0.0018713956170703463,0.002667970380048599
Q235,276,Q179,0.0006225970780468937,0.0014251641579092222
Q235,276,Q180,-0.00041570549788542803,0.0019744251279873518
Q235,276,Q181,0.0012454344482891043,0.0012875688164919487
Q235,276,Q182,-0.0009683775470972766,0.0017837140695526042
Q235,276,Q183,0.0004219530949634653,0.003712004356476286
Q235,276,Q184,-6.920415224914711e-05,0.002209807637885784
Q235,276,Q185,-0.0009671760861207314,0.0023524826821678447
Q235,276,Q186,0.00034578046905035624,0.0013157178034508806
Q235,276,Q187,-0.0019425221068819765,0.0037208539526339904
Q235,276,Q188,-0.00020593041138025286,0.0017340433835174246
Q235,276,Q189,0.0009700595924644406,0.001248280742322441
Q235,276,Q190,-0.0006250000000000022,0.0008036703142742771
Q235,276,Q191,-6.896386005382782e-05,0.00033932423152185204
Q235,276,Q192,0.0006918012302960297,0.001401455361324484
Q235,276,Q193,-0.00048370818915802297,0.0030380321573565843
Q235,276,Q194,-2.4029219532597026e-07,0.00173763366318885
Q235,276,Q195,0.0015914552095347846,0.004545320418756838
Q235,276,Q196,0.00021121683967703745,0.002328081744713553
Q235,276,Q197,-0.0009707804690503651,0.0008605077902192884
Q235,276,Q198,0.0020797289504036853,0.004411439592697762
Q235,276,Q199,-0.00013672625913111245,0.002808500434054428
Q235,276,Q200,-0.00027825836216839757,0.0018755838871780993
Q235,276,Q201,-0.00194132064590542,0.004090490335370845
Q235,276,Q202,-0.0002095347943098824,0.0022195927564804116
Q235,276,Q203,0.0011764705882352853,0.0033488194359630095
Q235,276,Q204,-0.00020641099577086257,0.0029090230481916115
Q235,276,Q205,-0.0014573721645521065,0.0030460936580745416
Q235,276,Q206,-0.0015210495963091254,0.0034066281394347403
Q235,276,Q207,-0.0004813052672049279,0.003089101697799565
Q235,276,Q208,-0.0022147731641676315,0.0033518054705603804
Q235,276,Q209,-0.001801710880430609,0.0022485189352811903
Q235,276,Q210,-0.0010380622837370336,0.0026897421131919274
Q235,276,Q211,0.0007648500576701323,0.0041921055470297884
Q235,276,Q212,6.824298346788993e-05,0.001539589318248005
Q235,276,Q213,-0.0010390234525182618,0.00075765558117391
Q235,276,Q214,-0.00013936947327951587,0.001989963679122915
Q235,276,Q215,0.0008338139177239445,0.0016064693338799078
Q235,276,Q216,-2.4029219531703645e-07,0.002114897927050293
Q235,276,Q217,-0.00013600538254517902,0.0028452764763169033
Q235,276,Q218,-6.82429834679055e-05,0.0024422486395843934
Q235,276,Q219,0.0005562764321414804,0.0018564213622921546
Q235,276,Q220,-0.002216935793925416,0.00046724469821073225
Q235,276,Q221,0.000207372164552091,0.0014962297879771722
Q235,276,Q222,0.0002753748558246793,0.003700477760111473
Q235,276,Q223,-0.0024173394848135384,0.005058005677720444
Q235,276,Q224,0.001455209534794295,0.0012077496415694746
Q235,276,Q225,0.0004909169550172933,0.004880767230126071
Q235,276,Q226,-0.0008316512879661796,0.00306233038473006
Q235,276,Q227,-6.511918492888569e-05,0.003292149738410127
Q235,276,Q228,0.0034604479046520488,0.002911599658365607
Q235,276,Q229,0.006306228373702402,0.003359918339246952
Q235,276,Q230,-0.0011022202998846754,0.004296475762543375
Q235,276,Q231,-0.0027708093041138035,0.003827860584303972
Q235,276,Q232,-0.0020792483660130867,0.0015828971092837212
Q235,276,Q233,-0.0018026720492118418,0.0027378590099540754
Q235,276,Q234,0.0018740388312187561,0.004690073913495306
Q235,276,Q236,0.007766003460207604,0.008190505614504962
Q235,276,Q237,-0.0005517108804306183,0.0053328680574084705
Q235,276,Q238,0.00283953287197231,0.0030653964881675703
Q235,276,Q239,-0.0013079104190695935,0.009339880849545451
Q235,276,Q240,-0.0027698481353325664,0.0023912345047309375
Q235,276,Q241,-0.0005577181853133495,0.0037977173383536697
Q235,276,Q242,0.00027609573241061064,0.0034976495141666552
Q235,276,Q243,2.1626297577781278e-06,0.0035648616966624013
Q235,276,Q244,-0.0018675509419454172,0.0028086124996626037
Q235,276,Q245,-0.00013312187620147172,0.006382736731299858
Q235,276,Q246,0.003949682814302184,0.0029258350688199145
Q235,276,Q247,3.844675124944387e-06,0.00257554310716718
Q235,276,Q248,0.00013888888888888398,0.0037470559347260028
Q235,276,Q249,0.0,0.0
Q235,276,Q250,0.0006257208765859246,0.0020155606212599203
Q235,276,Q251,-0.0017286620530565198,0.004982413699495366
Q235,276,Q252,-0.0008244425221068874,0.005141805185725775
Q235,276,Q253,-0.0007641291810842076,0.0021082750272692894
Q235,276,Q254,-0.0022111687812379865,0.005261761858407167
Q235,276,Q255,0.001176710880430598,0.0015255030214190942
Q235,276,Q256,-0.00048611111111111825,0.0013977182935149355
Q235,276,Q257,-6.896386005382556e-05,0.0013576657037160113
Q235,276,Q258,-0.0007595636293733189,0.002128788199715782
Q235,276,Q259,0.0011154363706266813,0.004426328445551201
Q235,566,Q260,0.0008179993308798771,0.0019203793701121593
Q235,566,Q262,0.003350284376045485,0.006618009314296441
Q235,566,Q263,0.0,0.0
Q235,566,Q264,0.0,0.0
Q235,566,Q265,0.0,0.0
Q235,566,Q266,0.0,0.0
Q235,566,Q267,0.0,0.0
Q235,566,Q268,0.0,0.0
Q235,566,Q269,0.0,0.0
Q235,566,Q270,0.0007407159585145285,0.0029406761823749738
Q235,566,Q271,0.002374038139846084,0.002987694970237677
Q235,566,Q272,0.0002499163599865906,0.0023785153066726867
Q235,566,Q273,0.0024546671127467132,0.0016981853077977147
Q235,566,Q274,0.0028648377383740224,0.0037360873480776504
Q235,566,Q275,0.000568082970893262,0.006021382119965195
Q235,566,Q276,0.001061224489795907,0.003539762618529656
Q235,566,Q277,0.0009735697557711618,0.0046507206157847675
Q235,566,Q278,-0.0012261625961860242,0.0028936323190719643
Q235,566,Q279,0.00016527266644360785,0.003966604071651067
Q235,566,Q280,0.0017166276346604083,0.005676373702044093
Q235,566,Q281,0.0023640013382401955,0.007480946638105745
Q235,566,Q282,0.00074004683840748,0.0045137570570236004
Q235,566,Q283,0.00048310471729674266,0.004384105297871907
Q235,566,Q284,0.0038400802944128327,0.007812472884554563
Q235,566,Q285,-0.001149548343927751,0.002186923490214783
Q235,566,Q286,0.0051505520240883035,0.007894267566705604
Q235,566,Q287,0.0015483439277350097,0.005300896709792761
Q235,566,Q288,0.002130812980930066,0.004843709385681607
Q235,566,Q289CS9,0.0019648711943793693,0.004112471131116583
Q235,566,Q290,0.00016426898628301833,0.0034955061744290947
Q235,566,Q1,0.0,0.0
Q235,566,Q2,-0.0004951488792238369,0.004172073731618501
Q235,566,Q3,0.0014757443961190765,0.0055497208919099246
Q235,566,Q4,0.004417865506858469,0.0033114121341840004
Q235,566,Q5,0.0,0.0
Q235,566,Q6,-0.0006560722649715745,0.0015244446083124905
Q235,566,Q7,-8.163265306122547e-05,0.00016326530612245093
Q235,566,Q8,-0.002042823686851811,0.005478659088342089
Q235,566,Q9,0.0008982937437269966,0.0010766566692293426
Q235,566,Q10,0.0022080963532954126,0.001980355602461323
Q235,566,Q11,-0.0031030444964871284,0.003885717348327159
Q235,566,Q12,0.0002455670792907316,0.0015192479964877368
Q235,566,Q13,0.0005717631314820926,0.0029729674264437787
Q235,566,Q14,-0.0009859484777517634,0.0023810118854099005
Q235,566,Q15,0.0010632318501170967,0.0020755056823900386
Q235,566,Q16,8.196721311475308e-05,0.00016393442622950616
Q235,566,Q17,0.00016226162596185258,0.0021764770790338654
Q235,566,Q18,-0.0005734359317497485,0.0010232892103249941
Q235,566,Q19,0.0007353629976580688,0.0013515044385198644
Q235,566,Q20,-0.0009852793576447107,0.00214500119825471
Q235,566,Q21,0.0015526932084309064,0.0018184465052231448
Q235,566,Q22,0.0011462027433924303,0.0012262392276699476
Q235,566,Q23,0.0,0.0
Q235,566,Q24,8.163265306121662e-05,0.00142331394074797
Q235,566,Q25,-0.0004894613583138297,0.0017030538239727498
Q235,566,Q26,-0.0016386751421880285,0.002886553741243458
Q235,566,Q27,0.0008176647708263453,0.004107715666551998
Q235,566,Q28,0.0003265306122448886,0.0018208507061332167
Q235,566,Q29,0.0002475744396118973,0.002048147301083665
Q235,566,Q30,0.0010625627300100216,0.002171531194774165
Q235,566,Q31,-0.002618266978922732,0.0074419168160417114
Q235,566,Q32,0.00033121445299429277,0.0030533676027160246
Q235,566,Q33,0.0005710940113750329,0.001587438838046628
Q235,566,Q34,0.0008996319839411071,0.003333032331356267
Q235,566,Q35,0.0009822683171629065,0.0015675676980139643
Q235,566,Q36,0.0001615925058547951,0.0022056911786986285
Q235,566,Q37,0.003843091334894597,0.0032791358145268165
Q235,566,Q38,0.0011441953830712537,0.002154768042812814
Q235,566,Q39,0.0001632653061224465,0.00019995834634965322
Q235,566,Q40,0.001881231180996985,0.0027762227061849444
Q235,566,Q41,0.0011441953830712381,0.0017018175788313654
Q235,566,Q42,0.002378052860488442,0.0035659008560229915
Q235,566,Q43,-0.001234526597524268,0.009730512738171694
Q235,566,Q44,0.00024590163934425926,0.0004918032786885185
Q235,566,Q45,-0.0006560722649715745,0.0015244446083124905
Q235,566,Q46,0.0008986283037805242,0.001304120667508346
Q235,566,Q47,-0.00024723987955839845,0.0034540389536431974
Q235,566,Q48,0.0006480428236868341,0.0060266503982931135
Q235,566,Q49,0.002131147540983589,0.004528787954629141
Q235,566,Q50,0.0023700234192037374,0.002931944740367219
Q235,566,Q51,-0.0027845433255269517,0.003138351562625539
Q235,566,Q52,0.00466912010705921,0.006483224362243438
Q235,566,Q53,-0.0012341920374707403,0.00396013555965286
Q235,566,Q54,-0.0010635664101706446,0.002895376605855807
Q235,566,Q55,0.00212479089996654,0.004989726981965424
Q235,566,Q56,0.0011421880227500656,0.002025453587321444
Q235,566,Q57,0.0005731013716962075,0.0031053563560521414
Q235,566,Q58,-0.0026182669789227295,0.0042964547262163855
Q235,566,Q59,0.0007393777183004113,0.005668283546482694
Q235,566,Q60,0.00033121445299429727,0.005256971727452268
Q235,566,Q61,-0.003767480762796946,0.0037501806877374114
Q235,566,Q62,0.0006543994647039097,0.0011137641361832719
Q235,566,Q63,0.0005707594513215031,0.0033699200404547795
Q235,566,Q64,0.0004891267982602799,0.0033645925642005964
Q235,566,Q65,0.0017199732351957041,0.006581009146697274
Q235,566,Q66,0.0006624289059885969,0.0064470530497453115
Q235,566,Q67,0.0010555369688859107,0.004474618334093428
Q235,566,Q68,-0.0020434928069588574,0.002675089258726297
Q235,566,Q69,0.0013907661425225637,0.002760850213246248
Q235,566,Q70,0.00040013382402140466,0.008748782591539538
Q235,566,Q71,-0.0016403479424556776,0.002917459889573704
Q235,566,Q72,-0.0021294747407159796,0.004231429403248437
Q235,566,Q73,-0.0024563399130144116,0.003940225633415822
Q235,566,Q74,0.0002455670792907205,0.001406291815926008
Q235,566,Q75,-0.0021244563399130368,0.0038411936717546477
Q235,566,Q76,0.0025332887253261835,0.005265963190728348
Q235,566,Q77,0.0009792572766811514,0.0026596191452789835
Q235,566,Q78,-0.0004061559049849749,0.004434558538974262
Q235,566,Q79,-0.0009802609568417763,0.00634448124703565
Q235,566,Q80,-0.00016694546671129027,0.003685552241337108
Q235,566,Q81,0.003273670123787209,0.0055894959257144425
Q235,566,Q82,0.001145533623285362,0.004486252147123878
Q235,566,Q82_AFRICANUNION,0.0005697557711609137,0.002245988031225457
Q235,566,Q83,0.0002495817999330806,0.002693495887857145
Q235,566,Q84,-0.0006497156239545122,0.002605590469023279
Q235,566,Q85,0.00024255603880895862,0.0017269243311680872
Q235,566,Q86,-0.001063231850117119,0.005495914606846885
Q235,566,Q87,-0.0002432251589160383,0.0018957146882728445
Q235,566,Q88,0.003831716293074592,0.008298601023534713
Q235,566,Q89,0.003267648042823679,0.003832450557647584
Q235,566,Q90,0.0006600869856139079,0.004683318519852003
Q235,566,Q91,-0.001804282368685197,0.0034628296643522726
Q235,566,Q92,0.0011441953830712468,0.0016860250076312204
Q235,566,Q93,7.761793241886088e-05,0.0028399930962172983
Q235,566,Q94,6.691201070573895e-07,0.002484316581963033
Q235,566,Q95,0.0019675476748076057,0.004047999188742326
Q235,566,Q96,-0.0015600535296085825,0.004348788169863138
Q235,566,Q97,-0.0009856139176982292,0.0033335021126859117
Q235,566,Q98,7.929073268649455e-05,0.0027914957102195535
Q235,566,Q99,-0.0004141853462696687,0.0033810279817552994
Q235,566,Q100,-0.0005714285714285849,0.00363231444897685
Q235,566,Q101,-0.002041485446637683,0.002264732020544001
Q235,566,Q102,-0.0012288390766142742,0.0018317978994670805
Q235,566,Q103,0.0033512880562060893,0.0027627785288809005
Q235,566,Q104,0.002453997992639656,0.006917243634469736
Q235,566,Q105,-0.0004904650384744169,0.0013562746016322893
Q235,566,Q106,-0.00041686182669790526,0.004821208572643246
Q235,566,Q107,-0.0048353964536634545,0.011352852060343593
Q235,566,Q108,-0.004092004014720656,0.008826088902981864
Q235,566,Q109,0.004493141518902632,0.011545135881093377
Q235,566,Q110,-0.000815322850451672,0.0048659637945730975
Q235,566,Q111,0.000977919036467034,0.0023482950091616175
Q235,566,Q112,-0.0016353295416527483,0.0044505771575813905
Q235,566,Q113,-0.001551689528270337,0.002104333695689534
Q235,566,Q114,-8.49782535965282e-05,0.0016436259554314127
Q235,566,Q115,0.0022887253261960395,0.004448831404776011
Q235,566,Q116,0.00016159250585478618,0.0020477331792029983
Q235,566,Q117,-0.002375710940113767,0.002994098539917995
Q235,566,Q118,0.0031214452994312316,0.007566681648161751
Q235,566,Q119,0.001390766142522566,0.004061906905756836
Q235,566,Q120,0.002047507527601188,0.009749916840717576
Q235,566,Q121,-0.0013917698226831822,0.0016917862012725993
Q235,566,Q122,0.0018019404483104553,0.0033559651096920317
Q235,566,Q123,-0.0022893944463031257,0.0029532197144944523
Q235,566,Q124,-0.0005724322515891743,0.0048455027285930685
Q235,566,Q125,0.005556373369019728,0.006984016290867008
Q235,566,Q126,-0.0001679491468718819,0.005863753094770549
Q235,566,Q127,0.0024580127132820075,0.004681160108503465
Q235,566,Q128,0.0033516226162596113,0.0022115873637299694
Q235,566,Q129,0.0007320173971227641,0.0030662069521042758
Q235,566,Q130,-0.0013061224489796096,0.004196201169579875
Q235,566,Q131,-0.00016794914687187737,0.004184560822246103
Q235,566,Q132,0.0002432251589160073,0.003055604865543046
Q235,566,Q133,0.00016192706590832271,0.0024083963491454093
Q235,566,Q134,-0.0009856139176982449,0.0036348848814990774
Q235,566,Q135,0.0004914687186349864,0.003933041857529263
Q235,566,Q136,0.0010635664101706112,0.003172201395905837
Q235,566,Q137,-0.0008966209434593652,0.0017971960718483407
Q235,566,Q138,8.598193375710002e-05,0.006413807550321984
Q235,566,Q139,0.0008149882903981155,0.0037050231364455987
Q235,566,Q140,-0.0017213114754098479,0.00583826791511903
Q235,566,Q141,0.00024590163934425926,0.0004918032786885185
Q235,566,Q142,-0.0027075945132151303,0.011052571196607831
Q235,566,Q143,-0.0015590498494479931,0.0033287903206163853
Q235,566,Q144,7.527601204414758e-05,0.00494945739256321
Q235,566,Q145,-5.018400802951975e-06,0.0038950052725946222
Q235,566,Q146,0.0013054533288725165,0.0035677240967995154
Q235,566,Q147,0.0018019404483104594,0.0017496861968924816
Q235,566,Q148,0.005724322515891589,0.009056619437781771
Q235,566,Q149,0.0031090665774506495,0.004403257412615506
Q235,566,Q150,-0.0001612579458012897,0.0023107553567952755
Q235,566,Q151,-0.0013087989294078438,0.0015631018782469312
Q235,566,Q152,-0.0003335563733690348,0.0036265594688876324
Q235,566,Q153,-0.0023720307795249427,0.004017389405159961
Q235,566,Q154,0.0009009702241552132,0.004711348346763344
Q235,566,Q155,0.002288725326196033,0.0029359417335408935
Q235,566,Q156,0.001304115088658413,0.0028461685826526376
Q235,566,Q157,0.0024509869521579008,0.004885204774545548
Q235,566,Q158,-0.0010705921712947553,0.004285824106713547
Q235,566,Q159,-0.0013951154232184828,0.004052842454100658
Q235,566,Q160,-0.0004105051856808494,0.007424004403996005
Q235,566,Q161,-0.000977584476413531,0.00384305299150579
Q235,566,Q162,0.0012295081967212916,0.002121152690893829
Q235,566,Q163,-0.0009842756774841276,0.004878068988433909
Q235,566,Q164,0.0005717631314821082,0.0009519350029562758
Q235,566,Q165,0.0,0.0
Q235,566,Q166,8.16326530612188e-05,0.0001632653061224487
Q235,566,Q167,0.0,0.0002592030868990513
Q235,566,Q168,0.0,0.0
Q235,566,Q169,0.0015530277684844228,0.0033059173121394283
Q235,566,Q170,0.0008952827032452235,0.004105180743568445
Q235,566,Q171,-0.0007340247574439652,0.0017432663724648214
Q235,566,Q172,0.0022060889929742243,0.0027930626196498165
Q235,566,Q173,0.0005744396119103468,0.0015888170642441696
Q235,566,Q174,-0.0003265306122449063,0.0008338068864935783
Q235,566,Q175,0.0005684175309467943,0.0031315976222068683
Q235,566,Q176,0.002775510204081621,0.004825708569596187
Q235,566,Q177,0.0011418534626965427,0.0030222934959541524
Q235,566,Q178,0.002538976246236187,0.00347221735994852
Q235,566,Q179,0.0003245232519237095,0.003513205388923493
Q235,566,Q180,0.0015503512880561954,0.0032459925024036916
Q235,566,Q181,0.0008986283037805198,0.0016640740614383908
Q235,566,Q182,0.0014693877551020386,0.002214638361836827
Q235,566,Q183,0.0012268317162930753,0.0020697953498885245
Q235,566,Q184,0.0004111743057878847,0.0021361617237582483
Q235,566,Q185,0.0021224489795918333,0.004007623005613986
Q235,566,Q186,0.0009739043158246811,0.004843138343173584
Q235,566,Q187,-0.0004887922382067856,0.002553282544888791
Q235,566,Q188,-0.0006507193041151017,0.0036839033250732687
Q235,566,Q189,0.0009782535965205663,0.0019774722079812634
Q235,566,Q190,0.004331214452994293,0.0059913990520792755
Q235,566,Q191,0.0007367012378721883,0.0021365858951988845
Q235,566,Q192,0.0020434928069588353,0.0021765564299748405
Q235,566,Q193,-0.0027009033121445465,0.006405457515611735
Q235,566,Q194,-0.0002428905988625041,0.00251457379373364
Q235,566,Q195,-0.003110070257611266,0.0045719294781289286
Q235,566,Q196,0.0008169956507192745,0.003947509444237326
Q235,566,Q197,-8.79892940783035e-05,0.004298905008009264
Q235,566,Q198,-0.0010705921712947618,0.005784498723797828
Q235,566,Q199,0.0030200736032117703,0.005588328899019158
Q235,566,Q200,0.0007306791569086582,0.0037347240726501316
Q235,566,Q201,-0.0009016393442623016,0.003462004899220488
Q235,566,Q202,0.00736801605888255,0.00217379724758637
Q235,566,Q203,0.0011472064235530112,0.0018031121456533509
Q235,566,Q204,0.00040582134493139633,0.0030044788547242216
Q235,566,Q205,0.0011431917029106685,0.001703697134221972
Q235,566,Q206,0.001635329541652713,0.0019843705828675264
Q235,566,Q207,0.0042539310806289496,0.004420933058106603
Q235,566,Q208,0.004090331214452977,0.005483307860423158
Q235,566,Q209,0.001883238541318153,0.0015886834874967901
Q235,566,Q210,0.0018855804616928617,0.0032007056953118704
Q235,566,Q211,0.000738039478086301,0.005207695035552911
Q235,566,Q212,0.0012238206758113002,0.004813829581043305
Q235,566,Q213,0.004167280026764801,0.0035047439423963396
Q235,566,Q214,0.0021257945801271072,0.002982560639414266
Q235,566,Q215,0.0023696888591502032,0.0029656014586312493
Q235,566,Q216,-0.0013141518902643236,0.0044643446583635315
Q235,566,Q217,0.0028658414185346024,0.0018883386834974345
Q235,566,Q218,-0.0011458681833389228,0.000655115230185265
Q235,566,Q219,0.0008129809300769363,0.003091126873815049
Q235,566,Q220,0.0027795249247239686,0.004663115332549332
Q235,566,Q221,0.00024322515891600955,0.0025931964486452463
Q235,566,Q222,0.0028628303780528362,0.0024115722680369427
Q235,566,Q223,0.0013847440615590311,0.00575631484394915
Q235,566,Q224,0.0027781866845098583,0.003384958755861764
Q235,566,Q225,-0.0011468718634995167,0.00777071154156572
Q235,566,Q226,-8.698561391772482e-05,0.0047135259897246075
Q235,566,Q227,0.002125794580127116,0.004422337670478593
Q235,566,Q228,0.0032706590833054385,0.0026976594718790413
Q235,566,Q229,0.002533957845433246,0.0018858291096108207
Q235,566,Q230,-9.03312144530077e-05,0.004749584130057924
Q235,566,Q231,0.005228839076614242,0.008857003453917274
Q235,566,Q232,0.00041184342589493104,0.0032460342261442466
Q235,566,Q233,-0.00394044831047174,0.006602483669484792
Q235,566,Q234,0.004827701572432232,0.008178647705687396
Q235,566,Q234A,0.008013716962194698,0.0076289620215207864
Q235,566,Q236,0.09654499832719972,0.022785817084722118
Q235,566,Q237,0.002362997658079624,0.006883094871204382
Q235,566,Q238,0.0011401806624288938,0.004098401704002382
Q235,566,Q239,0.0035894948143191546,0.008796545719835906
Q235,566,Q240,0.00040214118434257485,0.005707992264981025
Q235,566,Q241,0.005152893944463022,0.004983304352623478
Q235,566,Q242,0.0008196721311475219,0.002519456901262433
Q235,566,Q243,0.0017142857142856953,0.008527753414822085
Q235,566,Q244,0.0007306791569086576,0.005216791642678975
Q235,566,Q245,0.0012271662763465921,0.005112070458167113
Q235,566,Q246,0.000576781532285029,0.008468373236626818
Q235,566,Q247,0.0025306122448979403,0.005860215954022128
Q235,566,Q248,0.0029494814319170025,0.005952392152427636
Q235,566,Q249,0.0016296420207427124,0.006655520659454333
Q235,566,Q250,0.0008989628638340384,0.007458782677937455
Q235,566,Q251,0.005638006022080944,0.0067215201850191345
Q235,566,Q252,-0.0004904650384744191,0.0018544040568409645
Q235,566,Q253,0.0030230846436935257,0.005411105610289534
Q235,566,Q254,0.003841083974573416,0.0033538300257778594
Q235,566,Q255,0.0018019404483104664,0.0013345530503113287
Q235,566,Q256,-0.00032920709267314496,0.001783078726354137
Q235,566,Q257,0.0026182669789226827,0.002988222975948888
Q235,566,Q258,0.001632653061224476,0.002505541885114228
Q235,566,Q259,0.0018825694212111024,0.0017288944229998705
Q235,392,Q260,-0.00017352332797058052,0.0018504355091450001
Q235,392,Q262,0.002284149237723122,0.008936364661349498
Q235,392,Q263,0.0,0.0
Q235,392,Q264,0.0,0.0
Q235,392,Q265,0.0,0.0
Q235,392,Q266,0.0,0.0
Q235,392,Q267,0.0,0.0
Q235,392,Q268,0.0,0.0
Q235,392,Q269,0.0,0.0
Q235,392,Q270,-0.003757756837508627,0.00712646714751023
Q235,392,Q271,-0.0007887075768022711,0.0018273907673059038
Q235,392,Q272,0.0,0.0
Q235,392,Q273,-0.0019271431854746078,0.0030452736713921227
Q235,392,Q274,-0.0016613039148088593,0.0026283300738641734
Q235,392,Q275,-0.0003527924615031121,0.003054767768592179
Q235,392,Q276,0.0006067570673408318,0.007480057057455554
Q235,392,Q277,0.007817743047575269,0.015296409585355898
Q235,392,Q278,0.0013150233662759425,0.004583354437414117
Q235,392,Q279,0.0016605378074005923,0.008315074877338794
Q235,392,Q280,-0.0011372864475599554,0.005761574469915283
Q235,392,Q281,-0.001935570366965456,0.006453964723622633
Q235,392,Q282,-0.0023653566229985524,0.005332219834659655
Q235,392,Q283,0.003950815904389786,0.0061233674544720045
Q235,392,Q284,0.0026281314640312485,0.005751354530909807
Q235,392,Q285,-0.0009649122807017629,0.0007545899357054959
Q235,392,Q286,0.0021064123190071182,0.0058535652656357
Q235,392,Q287,0.004301310043668115,0.005882942030430347
Q235,392,Q288,-0.0013077453458975009,0.008510818657609602
Q235,392,Q289CS9,-0.0014912280701754445,0.002823417006917741
Q235,392,Q1,-0.001397762966367885,0.0026407557894660124
Q235,392,Q2,-0.0012269210143262166,0.005660426800213538
Q235,392,Q3,-8.350570750019544e-05,0.004251284324702839
Q235,392,Q4,0.001316555581092458,0.004000195847662054
Q235,392,Q5,0.0012322837661840184,0.006075712670978442
Q235,392,Q6,-0.0005224852524323963,0.004261537516816121
Q235,392,Q7,8.771929824560878e-05,0.0007545899357054882
Q235,392,Q8,8.69531908373522e-05,0.001369778622213674
Q235,392,Q9,0.001579330422125176,0.005901233368558545
Q235,392,Q10,-0.0017505554278709821,0.0014870621383620654
Q235,392,Q11,-0.001924844863249823,0.0025741254519081208
Q235,392,Q12,-0.0020991342986286764,0.004311824415208785
Q235,392,Q13,-0.0011388186623764718,0.0027118697047584157
Q235,392,Q14,-0.0004389795449321988,0.0020192836511423624
Q235,392,Q15,8.77192982456132e-05,0.0001754385964912264
Q235,392,Q16,-0.0007017543859649145,0.0008594700851870827
Q235,392,Q17,0.0007894736842105187,0.0015789473684210374
Q235,392,Q18,0.0,0.0
Q235,392,Q19,-0.002626216195510611,0.0024263927256898484
Q235,392,Q20,-0.002542327434306293,0.0028482655120894798
Q235,392,Q21,-0.0030640465793304226,0.002392231381815496
Q235,392,Q22,-8.695319083735446e-05,0.0015785650118540634
Q235,392,Q23,0.000787558415689884,0.0009740524708549068
Q235,392,Q24,-2.2983222247841516e-06,0.002145863431628397
Q235,392,Q25,-0.0012265379606220795,0.0012825977716937654
Q235,392,Q26,-0.0005255496820654237,0.0005109634900149706
Q235,392,Q27,0.0013157894736842081,0.0015691705105261638
Q235,392,Q28,-0.0016632191833295072,0.0017366704466155376
Q235,392,Q29,0.0008794913046809083,0.004357721939883326
Q235,392,Q30,-0.006217727725427115,0.004803754096398838
Q235,392,Q31,-0.0034237340075078627,0.0033396520444011714
Q235,392,Q32,-0.0014912280701754443,0.0024435768907340575
Q235,392,Q33,0.002109093694936025,0.004487890023160548
Q235,392,Q34,-0.0005205699839117516,0.003536053871754413
Q235,392,Q35,-0.005520186930207618,0.0037356929095862237
Q235,392,Q36,0.00017084195204167377,0.00467465052206892
Q235,392,Q37,-0.00262889757143952,0.0031623969619693857
Q235,392,Q38,0.001144564467938401,0.007432613283018089
Q235,392,Q39,-0.0029751781199724233,0.00336767314540995
Q235,392,Q40,-0.0011346050716310439,0.0042954653480367635
Q235,392,Q41,0.00025856125028728345,0.0033402941916233727
Q235,392,Q42,-0.0014877805868382789,0.003797146740488365
Q235,392,Q43,-0.0026292806251436473,0.0022017417102155904
Q235,392,Q44,-0.002274955948824026,0.0024303121117203977
Q235,392,Q45,0.0002631578947368329,0.002049705516762781
Q235,392,Q46,-8.810235194975144e-05,0.0042739626224828
Q235,392,Q47,-0.0009568681529150424,0.004276523578514423
Q235,392,Q48,-0.002886692714318551,0.00458565449293349
Q235,392,Q49,0.0014977399831456273,0.008846558828215986
Q235,392,Q50,7.661074082579911e-06,0.009045115905384768
Q235,392,Q51,-0.0002581781965831597,0.0035185976342632192
Q235,392,Q52,-0.001050716310426728,0.0018924495236096615
Q235,392,Q53,-0.0015774151536045399,0.0014033205779076558
Q235,392,Q54,-0.0003478127633494233,0.002273080379658074
Q235,392,Q55,0.0005263157894736814,0.0003282155602433201
Q235,392,Q56,0.0005270818968819323,0.006285086696491291
Q235,392,Q57,0.000791772006435303,0.0028853637162700313
Q235,392,Q58,-0.0007894736842105366,0.0025483928151463094
Q235,392,Q59,-4.596644449562785e-06,0.006142682999586137
Q235,392,Q60,-8.810235194974259e-05,0.0003276016277142183
Q235,392,Q61,0.0015785643147169161,0.005252997219599532
Q235,392,Q62,-0.0019240787558415695,0.0029992739589059657
Q235,392,Q63,0.0010533976863556214,0.0023301257890715335
Q235,392,Q64,-0.001490078909063054,0.0018106187251859351
Q235,392,Q65,-0.002978625603309588,0.0017381048212210197
Q235,392,Q66,-0.0023634413544778967,0.002748427010600922
Q235,392,Q67,-0.001572818509154984,0.004786416808718951
Q235,392,Q68,-0.0007860262008733667,0.006184786886199596
Q235,392,Q69,-0.0007852600934651064,0.0024334636367132935
Q235,392,Q70,-0.0006117367654945305,0.001870700170305365
Q235,392,Q71,0.0005286141116984567,0.005665957999153891
Q235,392,Q72,-0.0035068566613039183,0.003531349432518736
Q235,392,Q73,-0.0011349881253351715,0.0031125466146365963
Q235,392,Q74,-0.003854286370949208,0.0014959571835422652
Q235,392,Q75,-0.0019248448632498319,0.005145715118105041
Q235,392,Q76,-0.001406573201562865,0.0028153552404984986
Q235,392,Q77,-0.001756301233432932,0.0035066186829460656
Q235,392,Q78,-0.001229602390255118,0.0023907547501934
Q235,392,Q79,-0.0007837278786485925,0.003947729880072995
Q235,392,Q80,-0.001227687121734471,0.0037154882410412563
Q235,392,Q81,-0.004380602160422893,0.0027002295983327884
Q235,392,Q82,-0.006743277407492539,0.0031246316383170417
Q235,392,Q82_APEC,-0.0009645292269976324,0.0027656664719992435
Q235,392,Q83,0.0011357542327434201,0.0035426926378599862
Q235,392,Q84,0.00017160805944992585,0.0035107620319892335
Q235,392,Q85,0.00026469010955334945,0.004211620587857427
Q235,392,Q86,-0.0006144181414234296,0.0011298275334450227
Q235,392,Q87,-0.001487780586838282,0.0030181115655913636
Q235,392,Q88,0.0032436987665670656,0.005157212871425953
Q235,392,Q89,0.003504558339079134,0.005889988807688845
Q235,392,Q90,0.0031628744349957772,0.0062965995269687195
Q235,392,Q91,-0.0007036696544855614,0.001970388786604125
Q235,392,Q92,0.0007013713322607762,0.0011302735471530494
Q235,392,Q93,-0.0005266988431778142,0.001156777791977495
Q235,392,Q94,-0.00035087719298245725,0.0005114870083197648
Q235,392,Q95,-0.0011415000383053731,0.002981510508022095
Q235,392,Q96,-0.001140350877192986,0.002280701754385972
Q235,392,Q97,0.0002604765188079372,0.0015545072565045824
Q235,392,Q98,-8.733624454148491e-05,0.00032780669805461366
Q235,392,Q99,0.0,0.0
Q235,392,Q100,0.0,0.0
Q235,392,Q101,0.0,0.0
Q235,392,Q102,0.0,0.0
Q235,392,Q103,0.0,0.0
Q235,392,Q104,0.0,0.0
Q235,392,Q105,-0.0014035087719298266,0.0019887340436411717
Q235,392,Q106,-0.0034091779667509473,0.005886133019723529
Q235,392,Q107,-0.0011349881253351801,0.007174261859189619
Q235,392,Q108,-0.004634566766260633,0.006957330982548545
Q235,392,Q109,9.154983528690805e-05,0.005602752834868231
Q235,392,Q110,-0.005073929364896965,0.008656139628778575
Q235,392,Q111,9.0783727878645e-05,0.0023718951986332224
Q235,392,Q112,-0.0042078449398605736,0.01246935254857289
Q235,392,Q113,0.0016639852907377492,0.003796356618307443
Q235,392,Q114,0.0002631578947368429,0.0005263157894736776
Q235,392,Q115,0.0008779590898643885,0.0023367784883578423
Q235,392,Q116,0.00210564621159886,0.006079742740026989
Q235,392,Q117,-0.0027147016011644866,0.0045672800223515355
Q235,392,Q118,-0.002100283459741059,0.004747679179708443
Q235,392,Q119,0.006932505937332407,0.010088495128525787
Q235,392,Q120,0.005004979698153676,0.008437557547330781
Q235,392,Q121,-0.0031536811460966853,0.00235732276556014
Q235,392,Q122,-0.0006128859266069187,0.001893174874979863
Q235,392,Q123,0.0004424270282693555,0.004824724187181872
Q235,392,Q124,-0.004642227840343217,0.0029749752923611088
Q235,392,Q125,-0.001486631425725886,0.002186841284638743
Q235,392,Q126,8.810235194973599e-05,0.0033447952458189787
Q235,392,Q127,1.5322148165130026e-06,0.003339447912636105
Q235,392,Q128,-0.0010499502030184614,0.001159082405238578
Q235,392,Q129,-0.0008733624454148537,0.002626477771959135
Q235,392,Q130,0.002893204627288739,0.0076855599276259064
Q235,392,Q131,-0.003154064199800814,0.003945208883152106
Q235,392,Q132,-0.0022722745728951275,0.0067821808943022205
Q235,392,Q133,-0.0019206312725044093,0.004736437970392356
Q235,392,Q134,0.0024549911897647986,0.004311955665807861
Q235,392,Q135,-0.007014479430016094,0.0035227786675637784
Q235,392,Q136,0.002983222247759132,0.0030553926640841203
Q235,392,Q137,-0.0006128859266069142,0.0023632026322932664
Q235,392,Q138,9.154983528690159e-05,0.006077088573783516
Q235,392,Q139,-0.0013115758829387837,0.0020872150995539275
Q235,392,Q140,-0.0002597104113996807,0.002422553673264571
Q235,392,Q142,0.0040308741285528145,0.0024704230721524093
Q235,392,Q143,-0.0026254500881023523,0.003964905126471258
Q235,392,Q144,-8.771929824561431e-05,0.00017543859649122863
Q235,392,Q145,8.733624454148493e-05,0.00017467248908296985
Q235,392,Q146,0.001228453229142714,0.003567312246235081
Q235,392,Q147,-0.0005228683061365192,0.002002116216872508
Q235,392,Q148,-0.0008756607676396275,0.004048083454052917
Q235,392,Q149,-0.0026246839806940985,0.004524643032974731
Q235,392,Q150,-0.0004362981690032875,0.001105028874761951
Q235,392,Q151,0.0008733624454148458,0.0042762723145230086
Q235,392,Q152,0.0011407339308971058,0.004494998135847715
Q235,392,Q153,-0.0018363594575959608,0.005524883500229387
Q235,392,Q154,-0.0014877805868382808,0.004619905964955785
Q235,392,Q155,-0.0018359764038918293,0.004477788782008481
Q235,392,Q156,-0.0006098214969738839,0.0044654188142929626
Q235,392,Q157,-0.0023615260859572587,0.0038196902660431855
Q235,392,Q158,-0.0015827779054623536,0.008294029548665137
Q235,392,Q159,-0.0025415613268980402,0.00653726582341235
Q235,392,Q160,0.005615950356239938,0.01313158640204841
Q235,392,Q161,0.002629280625143637,0.0043241278971566585
Q235,392,Q162,-0.004459128169769408,0.006742401727815659
Q235,392,Q163,-0.00034666360223703854,0.0055749114181260166
Q235,392,Q164,0.0013226844403585296,0.007920774879661979
Q235,392,Q165,-0.001138052554968213,0.0016989303667180402
Q235,392,Q166,0.000966827549222392,0.005154156252347811
Q235,392,Q167,-0.0013115758829387934,0.0036760210092710846
Q235,392,Q168,-0.0008775760361602759,0.0016870158286741634
Q235,392,Q169,0.004289435378840106,0.005365082315316865
Q235,392,Q170,-0.0032371868535968754,0.005161302965141699
Q235,392,Q171,-0.0019290584539952548,0.0017679517445262085
Q235,392,Q172,-0.0030613652034015225,0.006117734339323506
Q235,392,Q173,-0.0006105876043821369,0.00186703943400834
Q235,392,Q174,-0.002721213514134685,0.005307964604533501
Q235,392,Q175,-0.000874511606527233,0.0012042660181455802
Q235,392,Q176,-0.0021021987282617105,0.005487111691910549
Q235,392,Q177,-0.0010472688270895616,0.008665549348691164
Q235,392,Q178,-0.0008771929824561431,0.0017543859649122862
Q235,392,Q179,-8.771929824561431e-05,0.0001754385964912286
Q235,392,Q180,-0.00035087719298245725,0.0003282155602433292
Q235,392,Q181,-0.00017505554278710711,0.0025962154242488503
Q235,392,Q182,0.0006216961618018814,0.010400320712874406
Q235,392,Q183,0.003683827472611654,0.004935972956494673
Q235,392,Q184,0.00087834214356852,0.004599491508297487
Q235,392,Q185,-0.0016636022370336337,0.007934857912339315
Q235,392,Q186,-0.0028062514364513968,0.0056688555496138835
Q235,392,Q187,-0.0014916111238795736,0.004082301899748979
Q235,392,Q188,0.00692944150769937,0.004128072751922637
Q235,392,Q189,-8.73362445414838e-05,0.0001746724890829676
Q235,392,Q190,-0.00043821343752394103,0.0004804589945683731
Q235,392,Q191,8.695319083735775e-05,0.0005103054615482313
Q235,392,Q192,0.0,0.0
Q235,392,Q193,0.002633494215889059,0.004241117090821097
Q235,392,Q194,0.0010533976863556273,0.001582880154878804
Q235,392,Q195,0.0034156898797211314,0.009850461067089
Q235,392,Q196,-0.006221175208764275,0.003115008266422191
Q235,392,Q197,-0.0009633800658852453,0.002502210180205649
Q235,392,Q198,0.0013211522255420127,0.00509196883706964
Q235,392,Q199,-0.0018398069409331197,0.002407940481817948
Q235,392,Q200,-0.0003470466559411611,0.0026315645619061395
Q235,392,Q201,0.0037669501264077157,0.006180019155779307
Q235,392,Q202,8.771929824561431e-05,0.0001754385964912286
Q235,392,Q203,-0.0022757220562322875,0.0042700335708883335
Q235,392,Q204,-0.0007017543859649157,0.002263769807116487
Q235,392,Q205,-0.003419137363058304,0.004519556067459737
Q235,392,Q206,1.1491611123826324e-06,0.003038188854521411
Q235,392,Q207,-0.0001792691335325258,0.0044221891317206986
Q235,392,Q208,0.0012326668198881408,0.006106583546759175
Q235,392,Q209,-0.0007082662989351186,0.005017830766823803
Q235,392,Q210,-0.0035953420669577914,0.00389801694221805
Q235,392,Q211,-0.00025932735769555363,0.004171882998982994
Q235,392,Q212,0.0026308128399601567,0.005555028202944661
Q235,392,Q213,-0.004991189764805029,0.005952250296141664
Q235,392,Q214,-0.0014035087719298312,0.002260368197671084
Q235,392,Q215,-0.0005278480042902078,0.0032147572106349786
Q235,392,Q216,-0.002448862330498744,0.005768775888540452
Q235,392,Q217,0.0016659005592584001,0.0034692483532076336
Q235,392,Q218,-0.0016655175055542849,0.0013983058440307004
Q235,392,Q219,-0.0003520263540948476,0.0015531589695328989
Q235,392,Q220,-0.001140350877192986,0.0012590087802111752
Q235,392,Q221,0.0008764268750478688,0.004715677461454912
Q235,392,Q222,-0.00025894430399141954,0.003670624067117853
Q235,392,Q223,9.6529533440581e-05,0.010028713409225697
Q235,392,Q224,0.0005282310579943286,0.0074083339410037944
Q235,392,Q225,-0.0015758829387880191,0.0012846243813919615
Q235,392,Q226,-0.003850455833907923,0.0061766557089604915
Q235,392,Q227,-0.0037688653949283736,0.005538287289897804
Q235,392,Q228,0.0021937485635486,0.004376647077192343
Q235,392,Q229,0.002461120049030868,0.007414981309497096
Q235,392,Q230,-0.000696391634107104,0.0037406229988363013
Q235,392,Q231,-0.0019259940243622198,0.0019089021594595656
Q235,392,Q232,-0.00263157894736843,0.004086250771527058
Q235,392,Q233,-0.001752853750095774,0.005393132852703165
Q235,392,Q234,-0.0009637631195893726,0.002376360770675663
Q235,392,Q234A,-0.00534015168926684,0.005410752878875544
Q235,392,Q236,0.06415268520646594,0.019881034162195978
Q235,392,Q237,0.0027150846548686038,0.005458159180127458
Q235,392,Q238,0.004122807017543853,0.011913688778108621
Q235,392,Q239,-0.002014479430016086,0.002377851771133263
Q235,392,Q240,-0.001837508618708349,0.006616805487731848
Q235,392,Q241,-0.0017559181797288013,0.00809141172348028
Q235,392,Q242,2.298322224766197e-06,0.007238001339127084
Q235,392,Q243,0.002011031946678921,0.006815522361293712
Q235,392,Q244,-0.0035026430705584984,0.0021565928305137022
Q235,392,Q245,0.0027196812993181543,0.005395760611599093
Q235,392,Q246,0.002192982456140341,0.0090822309512595
Q235,392,Q247,-0.0007821956638320735,0.004969711889806866
Q235,392,Q248,-0.0038535202635409565,0.013738362533494598
Q235,392,Q249,-8.925151306213956e-05,0.004925786255688189
Q235,392,Q250,-0.001576265992492153,0.0032169962086104347
Q235,392,Q251,-0.002805102275339011,0.005959948646704192
Q235,392,Q252,0.002983988355167392,0.011051279072613706
Q235,392,Q253,-0.0011376695012640793,0.0031194772798162087
Q235,392,Q254,-0.002191450241323837,0.001177452754916387
Q235,392,Q255,0.0010507163104267136,0.002085864983137868
Q235,392,Q256,0.0006948594192905742,0.004774971524615586
Q235,392,Q257,-0.002366122730406809,0.0041755174147644165
Q235,392,Q258,-0.0014893128016547996,0.0033924269782502786
Q235,392,Q259,-0.000958400367731558,0.004022707116778291
Q235,76,Q260,-0.0003927611304176683,0.0038699402276285793
Q235,76,Q262,-0.0033737678403601853,0.00205676499717667
Q235,76,Q263,0.0,0.0
Q235,76,Q264,0.0,0.0
Q235,76,Q265,0.0,0.0
Q235,76,Q266,0.0,0.0
Q235,76,Q267,0.0,0.0
Q235,76,Q268,0.0,0.0
Q235,76,Q269,0.0,0.0
Q235,76,Q270,-0.002578410158896671,0.0015703756095856774
Q235,76,Q271,-0.0002649006622516481,0.0015583844024820144
Q235,76,Q272,0.0,0.0
Q235,76,Q273,-0.0020442375363364097,0.004576882018800958
Q235,76,Q274,-0.00013310602583437077,0.0022020875926271805
Q235,76,Q275,-0.002312853801936472,0.0015618204459597637
Q235,76,Q276,-0.002575131685353953,0.0032726277375966775
Q235,76,Q277,-0.0011924901099381424,0.004621124796223776
Q235,76,Q278,-0.002248814285402043,0.0021757465224308287
Q235,76,Q279,-0.0032408803794286628,0.00048685968666290765
Q235,76,Q280,0.0002642449675431191,0.0017156621505932258
Q235,76,Q281,-0.0037682774900006447,0.0020956848587422054
Q235,76,Q282,-0.0031759666032828383,0.0020809000017100224
Q235,76,Q283,-0.0013916027364325777,0.0025562852085324354
Q235,76,Q284,-0.0019865364019845655,0.005626484816266387
Q235,76,Q285,0.0006600660066006646,0.002302139981970634
Q235,76,Q286,0.0007232312635237049,0.004286593501878078
Q235,76,Q287,-0.0017832710423360079,0.0026583847423257375
Q235,76,Q288,-0.0003285030489803875,0.00530262727430986
Q235,76,Q289CS9,-0.00019342993902038316,0.003998774726272576
Q235,76,Q290,0.0005313312788232562,0.0038002104985378395
Q235,76,Q1,0.00019758267217450553,0.000798212490887378
Q235,76,Q2,-0.0012560924966668763,0.001190235028608824
Q235,76,Q3,-0.0009286822722007248,0.002168706919644978
Q235,76,Q4,-0.0035741918562717176,0.003971149597386515
Q235,76,Q5,-0.0007273839966778117,0.000921313314211242
Q235,76,Q6,-0.001852556116538806,0.0014746522973906094
Q235,76,Q7,-0.0005293641946976147,0.0021616675074794234
Q235,76,Q8,-0.00119052302581251,0.002869398892024588
Q235,76,Q9,-0.001321880532424101,0.0016042873201630224
Q235,76,Q10,-0.0005293641946976168,0.0007722370333495174
Q235,76,Q11,-0.00033090726291172155,0.0005129781128981929
Q235,76,Q12,-0.000328940178786088,0.0013707456058894537
Q235,76,Q13,0.00046357615894039193,0.000648871455041894
Q235,76,Q14,-0.00033068869800887085,0.0004184999122410088
Q235,76,Q15,-6.382095163157582e-05,0.0023981106677116873
Q235,76,Q16,-0.000859834327803637,0.0010994276066640042
Q235,76,Q17,-0.0011234236006382038,0.0026861821293693916
Q235,76,Q18,-0.0004622647695233041,0.002190478130713044
Q235,76,Q19,0.0,0.0
Q235,76,Q20,0.0,0.0
Q235,76,Q21,0.0,0.0
Q235,76,Q22,0.0,0.0
Q235,76,Q23,0.0,0.0
Q235,76,Q24,0.0015223045483356225,0.0016168707082912983
Q235,76,Q25,0.0,0.0
Q235,76,Q26,-0.00019823836688304342,0.0003968416439278692
Q235,76,Q27,0.00026402640264027165,0.0029347358746820923
Q235,76,Q28,0.0024503311258278235,0.0063778132378964
Q235,76,Q29,-0.00039516534434900217,0.001942526680116188
Q235,76,Q30,-0.0008596157629007872,0.0012483545613211084
Q235,76,Q31,-0.001060039778812314,0.002053354506765372
Q235,76,Q32,-0.003966952986689387,0.0031502768699815686
Q235,76,Q33,-0.0007929534675321758,0.0021449070945127272
Q235,76,Q34,0.0010587283893952258,0.0027970981587104953
Q235,76,Q35,-0.0018527746814416533,0.0020472883098902974
Q235,76,Q36,-0.00152383450265556,0.0033446233458882552
Q235,76,Q37,-0.0003300330033003307,0.0028461174715657834
Q235,76,Q38,-0.00039735099337748545,0.0007947019867549709
Q235,76,Q39,-0.0015212117238213793,0.0021483144447302887
Q235,76,Q40,0.0015878740191899933,0.001978246378357787
Q235,76,Q41,0.00013092037680589755,0.002873967112173025
Q235,76,Q42,0.002977509671496955,0.00398690934209152
Q235,76,Q43,-0.0013247218761611211,0.002975746776560367
Q235,76,Q44,0.0015929010119555057,0.005194310984664984
Q235,76,Q45,-0.0010556684807553553,0.002486723370787464
Q235,76,Q46,-0.0014569536423841023,0.0013667662915445731
Q235,76,Q47,-0.0010571984350752875,0.005812914435577295
Q235,76,Q48,-0.0026415754158197182,0.004523029563800403
Q235,76,Q49,-0.0017834896072388671,0.003976382699170989
Q235,76,Q50,-2.185649028477697e-06,0.002644965860640323
Q235,76,Q51,0.00046270189932900665,0.0004940657574240622
Q235,76,Q52,-0.0010606954735208527,0.004404286524872386
Q235,76,Q53,0.00013201320132013805,0.0014563336202586014
Q235,76,Q54,-0.002113741175442043,0.004170158916422
Q235,76,Q55,-6.535090595152886e-05,0.002354021971401703
Q235,76,Q56,0.0006633444801433829,0.0019070563694411765
Q235,76,Q57,-6.600660066006459e-05,0.00013201320132012919
Q235,76,Q58,-0.003373549275457336,0.0031722162437983438
Q235,76,Q59,-0.001586999759578607,0.0032929383435786647
Q235,76,Q60,0.0009957816973750367,0.0034960989957278543
Q235,76,Q61,-0.0007927349026293273,0.003611165253876314
Q235,76,Q62,-0.0031099600026227745,0.002402700230641435
Q235,76,Q63,0.0007990732848119275,0.004139591298769847
Q235,76,Q64,-0.0009258409284637036,0.0006410424765846504
Q235,76,Q65,-0.0017843638668502513,0.0018776365464735442
Q235,76,Q66,-0.0034389001814088592,0.002749680375973768
Q235,76,Q67,-0.004364741109872567,0.002313999796134295
Q235,76,Q68,-0.0017837081721417114,0.0029190985770910787
Q235,76,Q69,-0.0033713636264288633,0.0030013311449332016
Q235,76,Q70,-0.001519900334404294,0.0029298950422791993
Q235,76,Q71,0.0024470526522851043,0.0015754599384125757
Q235,76,Q72,6.797368478570276e-05,0.0012615713870504713
Q235,76,Q73,-0.0005964636198719232,0.002159945068710791
Q235,76,Q74,-0.0013865757436670755,0.002603854731811357
Q235,76,Q75,-0.0017832710423360098,0.0022051219177309576
Q235,76,Q76,-0.0007929534675321758,0.0018678698538711143
Q235,76,Q77,-0.0018490590780932362,0.0021560189686771337
Q235,76,Q78,-0.0012554368019583406,0.001815475576633797
Q235,76,Q79,-0.0021172382138876047,0.0015480511877743138
Q235,76,Q80,-0.0013192577535899226,0.0031158267437538063
Q235,76,Q81,-0.002382794570847815,0.0025346441903433803
Q235,76,Q82,-0.0021749393482394476,0.0055784855152765725
Q235,76,Q82_MERCOSUR,-0.001192490109938139,0.0021062090980715808
Q235,76,Q83,-0.0025766616396738907,0.00223427018084707
Q235,76,Q84,-0.0019165956330732328,0.002910179690282695
Q235,76,Q85,-0.0018516818569274097,0.0026939804557665798
Q235,76,Q86,-0.001581972766813099,0.003705215583232518
Q235,76,Q87,-0.00026337070793171593,0.0022096081504833433
Q235,76,Q88,-0.0008615828470264275,0.002181596422074108
Q235,76,Q89,-0.0009905361397066802,0.0013706415046979817
Q235,76,Q90,-0.0017845824317530988,0.004304934689624466
Q235,76,Q91,-0.004029899678709582,0.00434972561488964
Q235,76,Q92,0.0003993180775031223,0.0033259013869313104
Q235,76,Q93,-0.004430310580726937,0.0031565565958454676
Q235,76,Q94,-0.001451708084715746,0.0026235503094605584
Q235,76,Q95,0.0003969138635717807,0.00129765397277263
Q235,76,Q96,-0.000529801324503315,0.0007723115092510392
Q235,76,Q97,-0.002445959827770843,0.0013288718053546214
Q235,76,Q98,0.00013223176622297994,0.00016195054623005645
Q235,76,Q99,0.0,0.0
Q235,76,Q100,1.1167282376600696e-18,0.0002094223616005507
Q235,76,Q101,-0.0013214434026183974,0.0014629976750390598
Q235,76,Q102,-6.622516556291425e-05,0.0001324503311258285
Q235,76,Q103,0.00039800668808602773,0.003346556593818673
Q235,76,Q104,0.0005958079251633731,0.0012103569804146484
Q235,76,Q105,0.0,0.0
Q235,76,Q106,-0.0007254169125521747,0.003844900464719238
Q235,76,Q107,-0.003175092343671444,0.00289140166712316
Q235,76,Q108,-0.0007925163377264812,0.003056279434321248
Q235,76,Q109,-0.0015861254999672114,0.004038547244458266
Q235,76,Q110,0.0013192577535899319,0.004658810157144182
Q235,76,Q111,-0.003437370227088915,0.0014819576580999546
Q235,76,Q112,-0.00013266889602867038,0.0006125682936357055
Q235,76,Q113,-0.001916814197976081,0.0018638331459105483
Q235,76,Q114,-6.709942517430173e-05,0.0013139378846617447
Q235,76,Q115,-0.0010596026490066134,0.003462592397793952
Q235,76,Q116,-0.001189648766201118,0.0015740153873276667
Q235,76,Q117,-0.002377986142985149,0.0034906629012679074
Q235,76,Q118,-0.005884641444276866,0.003173827486066482
Q235,76,Q119,-0.0013929141258496726,0.0033876925815252354
Q235,76,Q120,-0.0025110921688195243,0.005198493706421766
Q235,76,Q121,-0.0032382576005944843,0.004356675836832245
Q235,76,Q122,-0.0003352785609686738,0.005793519359878152
Q235,76,Q123,-0.004038423709920657,0.0032869638930493775
Q235,76,Q124,-0.004491071623718661,0.005819744400917845
Q235,76,Q125,-0.0033064498502830353,0.001646634470618969
Q235,76,Q126,-0.0014541122986470752,0.006384898226312488
Q235,76,Q127,0.0008633313662492125,0.003674333253947984
Q235,76,Q128,-0.001525364456975493,0.003912286265725801
Q235,76,Q129,-0.0037656547111664753,0.003027837146824449
Q235,76,Q130,0.00013113894170874613,0.003019530573162489
Q235,76,Q131,-0.002049483094004754,0.0018876618970450286
Q235,76,Q132,-0.00158350272113303,0.004595837030192817
Q235,76,Q133,0.0006615959609206022,0.003474634716402919
Q235,76,Q134,0.000924748103949473,0.004215695823729282
Q235,76,Q135,-0.0007905492536008484,0.002496790170548986
Q235,76,Q136,-0.003701396629729188,0.002467128442514545
Q235,76,Q137,-0.002775118571459788,0.003496892932954915
Q235,76,Q138,-0.00013135750661158243,0.001426011696766207
Q235,76,Q139,-6.600660066006569e-05,0.00013201320132013138
Q235,76,Q140,-0.0010576355648809787,0.001742465478186445
Q235,76,Q141,0.0005280528052805289,0.0012277937450652305
Q235,76,Q142,-0.0014543308635499275,0.0026943981799230784
Q235,76,Q143,-0.0008554630297466738,0.004582391659419579
Q235,76,Q144,-0.0009229995847266659,0.0021660672434219083
Q235,76,Q145,-0.0019198741066159576,0.002012080812755522
Q235,76,Q146,-0.0021152711297619717,0.002229543131997222
Q235,76,Q147,0.0011249535549581534,0.0022257915707313827
Q235,76,Q148,-0.0037044565383690608,0.0032878479690088944
Q235,76,Q149,-0.00019605271785455664,0.0022177931147348987
Q235,76,Q150,-0.003634952899263423,0.003930357207679257
Q235,76,Q151,-0.0009232181496295264,0.002030488345176999
Q235,76,Q152,-0.002183026249644824,0.0017451404419012604
Q235,76,Q153,0.0002664306165715945,0.002011109178411191
Q235,76,Q154,-0.0019823836688304523,0.0044211303469691345
Q235,76,Q155,0.0008655170152776926,0.006125592825010604
Q235,76,Q156,7.365637225975036e-05,0.005636584666044509
Q235,76,Q157,-0.0005975564443861636,0.0035472647003721857
Q235,76,Q158,-0.004368675278123836,0.002988299937665337
Q235,76,Q159,-0.004892138220444554,0.0035200349269118797
Q235,76,Q160,-0.001653224925141509,0.0035626360347516214
Q235,76,Q161,-0.0007964505059777416,0.0036658172683198273
Q235,76,Q162,0.0001982383668830523,0.0030307158325556037
Q235,76,Q163,-0.0023814831814307144,0.0033239095326350813
Q235,76,Q164,0.0019876292264988105,0.0024755253133585593
Q235,76,Q165,0.0,0.0
Q235,76,Q166,-0.0013220990973269453,0.0021657157611118323
Q235,76,Q167,-0.0011894302012982728,0.0037430161147566326
Q235,76,Q168,6.622516556291757e-05,0.0005287091776392213
Q235,76,Q169,0.000661377396017746,0.0021660151731169967
Q235,76,Q170,0.00013398028544576388,0.0015731684077457254
Q235,76,Q171,-0.0018519004218302544,0.0006137540647049181
Q235,76,Q172,-0.0020507944834218515,0.001706929426992547
Q235,76,Q173,-0.0005282713701833786,0.0017202674936224098
Q235,76,Q174,-0.00125805958079252,0.001586769965337308
Q235,76,Q175,-0.0023803903569164764,0.0016112474186310561
Q235,76,Q176,-0.004503311258278143,0.004954038170929998
Q235,76,Q177,-0.0002653377920573541,0.0023541324652318232
Q235,76,Q178,-0.0008624571066378117,0.0026360970949181645
Q235,76,Q179,-0.0002653377920573463,0.0014107908888088081
Q235,76,Q180,-0.0007308810351233763,0.0022465805065013267
Q235,76,Q181,-0.0009247481039494652,0.0014219583642901552
Q235,76,Q182,0.00033527856096869066,0.005631110305327502
Q235,76,Q183,-0.0024463969575765363,0.003516941536624642
Q235,76,Q184,0.0009933774834437058,0.0015245230209154964
Q235,76,Q185,-0.002178654951587863,0.004293517657284542
Q235,76,Q186,-0.0025775358992852853,0.0015390614478195774
Q235,76,Q187,-0.0003964767337660879,0.0018176384013615485
Q235,76,Q188,-0.0038963565230695127,0.0038162082719190127
Q235,76,Q189,-0.0008583043734837025,0.0015842680563612809
Q235,76,Q190,-0.0021817148602277362,0.003230126221317092
Q235,76,Q191,-0.0005269599807662849,0.001743487640614488
Q235,76,Q192,-0.0003309072629117238,0.0010881905993979305
Q235,76,Q193,0.00033112582781457344,0.0015788176113476888
Q235,76,Q194,-0.00026446353244596215,0.0017185319257548826
Q235,76,Q195,-0.003572880466854625,0.002085756931915775
Q235,76,Q196,0.0007933905973378773,0.001669979892682853
Q235,76,Q197,-0.000992721788735157,0.0037168590230274912
Q235,76,Q198,-0.0005955893602605244,0.001894913842947055
Q235,76,Q199,-0.002711953314536747,0.001516255415635652
Q235,76,Q200,-0.0017837081721417119,0.004215780413341837
Q235,76,Q201,-0.002377111883373758,0.004111955532918633
Q235,76,Q202,-0.000792734902629325,0.002493896186187311
Q235,76,Q203,-0.0021102441369964687,0.004295017788069782
Q235,76,Q204,0.000993158918540865,0.0030544797768149406
Q235,76,Q205,-0.003838436823814826,0.0059184957787763726
Q235,76,Q206,-0.004303542937075163,0.0031349945810185413
Q235,76,Q207,-0.0011236421655410546,0.0010353584396881714
Q235,76,Q208,-0.0015223045483356245,0.0008539647099707014
Q235,76,Q209,-0.0017185758310930342,0.0015812163357005163
Q235,76,Q210,-0.000793390597337873,0.0025446260533537077
Q235,76,Q211,-0.0002620593185146292,0.0027017043073356488
Q235,76,Q212,-0.00013332459073721607,0.0020679759421365234
Q235,76,Q213,-0.001322317662229794,0.0021195507674064847
Q235,76,Q214,-0.0018497147728017758,0.0014241689069569017
Q235,76,Q215,-0.0011894302012982704,0.0017564087737698797
Q235,76,Q216,0.0005951522304548405,0.0025832921403192675
Q235,76,Q217,0.002451861080147759,0.0035655481174359737
Q235,76,Q218,-0.001389635652306953,0.000991752450278796
Q235,76,Q219,-0.0021828076847419777,0.0021591953189276972
Q235,76,Q220,-0.0016512578410158847,0.0021113706736334064
Q235,76,Q221,0.0002644635324459633,0.0009452427945734872
Q235,76,Q222,6.841081459140422e-05,0.00264261269921074
Q235,76,Q223,-0.0023777675780823028,0.002783206399714755
Q235,76,Q224,-0.0029086617270998555,0.0016105231277314506
Q235,76,Q225,-0.0016547548794614453,0.002251829803906344
Q235,76,Q226,6.841081459139754e-05,0.002282673010680099
Q235,76,Q227,-0.0003285030489803908,0.0030114313470242663
Q235,76,Q228,0.003371145061526027,0.0069361969618297195
Q235,76,Q229,-0.00019845693178589086,0.0013942232024993697
Q235,76,Q230,0.0008639870609577592,0.0035236359308749208
Q235,76,Q231,0.0005372325312001458,0.0067328892460610185
Q235,76,Q232,-0.0013179463641728353,0.0040319930692617936
Q235,76,Q233,-0.003374642099971581,0.0025607639898735874
Q235,76,Q234,-0.0023803903569164773,0.003371596558266719
Q235,76,Q234A,-0.0021270736345157613,0.008081696603902752
Q235,76,Q236,0.06989836732017574,0.01096495788139831
Q235,76,Q237,-0.000529145629794756,0.003376874885127821
Q235,76,Q238,-0.003117172644416748,0.008772944876222514
Q235,76,Q239,0.0021146154350534414,0.0062974381442466
Q235,76,Q240,-0.004365615369483959,0.0028548885698262737
Q235,76,Q241,-0.0002664306165715868,0.002489388845810471
Q235,76,Q242,-0.0019176884575874721,0.0018376686179202776
Q235,76,Q243,-0.0009927217887351625,0.0023407962939398777
Q235,76,Q244,-0.00026009223438898995,0.0054850000036321
Q235,76,Q245,-0.0027797084344195937,0.004521940326735169
Q235,76,Q246,-0.0010604769086180067,0.00587762977943552
Q235,76,Q247,-0.0017183572661901903,0.003184502380273137
Q235,76,Q248,0.0022475028959849683,0.00751943862367802
Q235,76,Q249,-0.0001960527178545612,0.0019001783768536626
Q235,76,Q250,-0.0018521189867331043,0.0012826932290868238
Q235,76,Q251,-0.0032428474635542923,0.004450075974989761
Q235,76,Q252,-0.0013227547920354877,0.002278195053524903
Q235,76,Q253,-0.0018503704675103185,0.0016378022705026724
Q235,76,Q254,-0.0025788472887023693,0.002513123692458214
Q235,76,Q255,-0.0012532511529298519,0.0033411758271204906
Q235,76,Q256,-0.0013872314383756158,0.001407962566710012
Q235,76,Q257,-0.0009282451423950266,0.0026216957671668325
Q235,76,Q258,-0.0027102047953139583,0.0014958229700871674
Q235,76,Q259,-0.001983039363539,0.002288212179469973
Q235,818,Q260,0.0,0.0
Q235,818,Q262,-0.0036363636363636264,0.0048353602376287755
Q235,818,Q263,0.0,0.0
Q235,818,Q264,0.0,0.0
Q235,818,Q265,0.0,0.0
Q235,818,Q266,0.0,0.0
Q235,818,Q267,0.0,0.0
Q235,818,Q268,0.0,0.0
Q235,818,Q269,0.0,0.0
Q235,818,Q270,-0.0026737967914438458,0.005848223792296161
Q235,818,Q271,-0.00021390374331550885,0.0016078391848527239
Q235,818,Q272,0.0,0.0
Q235,818,Q273,-0.0011764705882352834,0.0023529411764705668
Q235,818,Q274,-0.0017112299465240576,0.0014896671954207493
Q235,818,Q275,2.2551405187698493e-18,0.0031546269954551157
Q235,818,Q276,-0.0016042780748663104,0.006514413832231451
Q235,818,Q277,0.0032085561497326247,0.00521767311985048
Q235,818,Q278,-0.0005347593582887611,0.0031727052351211466
Q235,818,Q279,-0.0022459893048128363,0.0076259009497222875
Q235,818,Q280,-0.0014973262032085576,0.0023771241466195797
Q235,818,Q281,-0.006096256684491974,0.005844310627728021
Q235,818,Q282,-0.006951871657754001,0.006864943972569508
Q235,818,Q283,-0.0012834224598930444,0.0077464466148585535
Q235,818,Q284,-0.0017112299465240621,0.001238057422758307
Q235,818,Q285,-0.0003208556149732653,0.00486131258924644
Q235,818,Q286,-0.0009625668449197812,0.00269297931807791
Q235,818,Q287,-0.00010695187165775006,0.0013696522433011534
Q235,818,Q288,-0.00032085561497326544,0.00780528868043591
Q235,818,Q289CS9,0.0,0.0
Q235,818,Q290,-0.0021390374331550664,0.0033137825422095255
Q235,818,Q1,0.0,0.0
Q235,818,Q2,-0.0021390374331550755,0.004600173939594975
Q235,818,Q3,-0.003743315508021387,0.009181679585597747
Q235,818,Q4,-0.0017112299465240621,0.005602481648645485
Q235,818,Q5,0.0014973262032085687,0.002936797907539252
Q235,818,Q6,0.0,0.0
Q235,818,Q7,0.0,0.0
Q235,818,Q8,0.0,0.0
Q235,818,Q9,0.00021390374331551552,0.0019310663192799702
Q235,818,Q10,-0.0025668449197861066,0.003741787312200208
Q235,818,Q11,0.0,0.0
Q235,818,Q12,-0.002994652406417102,0.004557706043350246
Q235,818,Q13,-0.0012834224598930488,0.0037295392030294713
Q235,818,Q14,0.00010695187165775445,0.0002139037433155089
Q235,818,Q15,0.0,0.0
Q235,818,Q16,-0.003422459893048127,0.0025668449197860884
Q235,818,Q17,-0.0006417112299465268,0.004296750679486791
Q235,818,Q18,-0.0002139037433155022,0.0007253828858957408
Q235,818,Q19,0.0,0.0006764230289130251
Q235,818,Q20,-0.0007486631016042788,0.0018087202700842629
Q235,818,Q21,-0.0027807486631016105,0.0033719535337827814
Q235,818,Q22,-0.0008556149732620265,0.0008688811127952802
Q235,818,Q23,-0.0009625668449197834,0.0014896671954207606
Q235,818,Q24,-0.0013903743315507966,0.0020461097828565742
Q235,818,Q26,-0.0027807486631016157,0.0038024361143596257
Q235,818,Q27,4.440892098500626e-18,8.881784197001253e-18
Q235,818,Q28,-0.00021390374331550443,0.002101270877474699
Q235,818,Q29,-0.002352941176470589,0.004456185380962511
Q235,818,Q30,-0.0016042780748663165,0.004304729796256305
Q235,818,Q31,0.00010695187165776108,0.003949986163127142
Q235,818,Q32,-0.002566844919786096,0.0033378580822090525
Q235,818,Q33,-0.0008556149732620224,0.004766263092012203
Q235,818,Q34,-0.0005347593582887701,0.001972095071078696
Q235,818,Q35,-0.0019251336898395866,0.005000500418207905
Q235,818,Q37,-0.0027807486631016,0.004388937867098007
Q235,818,Q38,-0.0004278074866310178,0.0020958201007770594
Q235,818,Q39,-0.00053475935828877,0.004499611543949243
Q235,818,Q40,0.0007486631016042944,0.0035082822388998332
Q235,818,Q41,-0.00160427807486631,0.006523187457530239
Q235,818,Q42,-0.002352941176470589,0.00415050436618873
Q235,818,Q43,0.0,0.0
Q235,818,Q44,-0.0006417112299465266,0.001564570998751642
Q235,818,Q45,-0.003422459893048122,0.004404547653898186
Q235,818,Q46,-0.00010695187165775449,0.0011909656391080308
Q235,818,Q47,0.0027807486631016066,0.004940667149711698
Q235,818,Q48,-0.001497326203208551,0.004629916753350469
Q235,818,Q49,-0.0039572192513368945,0.0029793343908415012
Q235,818,Q50,0.00021390374331551349,0.006819806873552883
Q235,818,Q51,-0.00224598930481283,0.0032334152850975414
Q235,818,Q52,-0.0043850267379679075,0.00634901479343565
Q235,818,Q53,0.0010695187165775354,0.0031727052351211353
Q235,818,Q54,-0.0029946524064171044,0.006102820371203023
Q235,818,Q55,-0.0009625668449197878,0.0021229340365004606
Q235,818,Q56,-0.0024598930481283476,0.00781261277764692
Q235,818,Q57,0.0,0.0
Q235,818,Q58,-0.0010695187165775445,0.002165610345595366
Q235,818,Q59,-0.0009625668449197812,0.003569693961129133
Q235,818,Q60,-0.0033155080213903786,0.002837753831320142
Q235,818,Q61,-0.0009625668449197789,0.00119096563910802
Q235,818,Q62,-0.0010695187165775334,0.005808973524705995
Q235,818,Q63,0.0005347593582887677,0.006040650800617299
Q235,818,Q64,-0.003957219251336901,0.0033412832838103446
Q235,818,Q66,-0.0012834224598930377,0.0019012180571797838
Q235,818,Q67,0.0016042780748663076,0.0028896804462259407
Q235,818,Q68,0.00010695187165775002,0.00461754719677494
Q235,818,Q72,-0.0003208556149732589,0.004989049749600235
Q235,818,Q73,-0.002994652406417104,0.005542955516513329
Q235,818,Q74,-0.002352941176470584,0.005931732459406239
Q235,818,Q75,-0.0012834224598930397,0.005553264165025548
Q235,818,Q77,-0.003208556149732618,0.007585293358929245
Q235,818,Q78,-0.0013903743315508035,0.0036520579848051205
Q235,818,Q79,-0.005026737967914439,0.0037752647261438967
Q235,818,Q80,-0.00128342245989304,0.0037141722682749304
Q235,818,Q81,-0.002566844919786093,0.008873783320937554
Q235,818,Q82,0.0011764705882352877,0.007374252053877299
Q235,818,Q82_ARABLEAGUE,0.0010695187165775443,0.0028698198641708647
Q235,818,Q82_GULFCOOP,0.0002139037433155089,0.0020461097828565846
Q235,818,Q82_ISLCOOP,-0.0021390374331550733,0.003944190142157386
Q235,818,Q82_UNDP,-0.0017112299465240576,0.002377124146619556
Q235,818,Q83,0.0007486631016042855,0.0034590292254109705
Q235,818,Q84,-0.0028877005347593566,0.002861837039627738
Q235,818,Q85,-0.00042780748663101103,0.004323290466611292
Q235,818,Q86,0.00010695187165776112,0.0007094384578300238
Q235,818,Q87,-0.0020320855614973186,0.0052548100519949625
Q235,818,Q88,-0.0031016042780748565,0.00444075711059395
Q235,818,Q89,-0.001604278074866299,0.002705692115652076
Q235,818,Q90,-0.004812834224598936,0.004612590086170662
Q235,818,Q91,0.0003208556149732634,0.002452908008808505
Q235,818,Q92,-0.0019251336898395669,0.003324121982442794
Q235,818,Q93,-0.002887700534759359,0.006102820371203063
Q235,818,Q94,0.0,0.0
Q235,818,Q95,0.0,0.0
Q235,818,Q96,0.0,0.0
Q235,818,Q97,0.0,0.0
Q235,818,Q98,0.0,0.0
Q235,818,Q99,0.0,0.0
Q235,818,Q100,-0.00010695187165775222,0.00021390374331550443
Q235,818,Q101,0.0,0.0
Q235,818,Q102,0.0,0.0
Q235,818,Q103,0.0,0.0
Q235,818,Q104,0.0,0.0
Q235,818,Q105,0.0,0.0
Q235,818,Q106,-0.002139037433155082,0.005925944460832139
Q235,818,Q107,0.0041711229946524075,0.005415610225100358
Q235,818,Q108,-0.0007486631016042677,0.0021283153734900826
Q235,818,Q109,-0.0021390374331550777,0.011875992849190406
Q235,818,Q110,0.0011764705882352875,0.006375982271995219
Q235,818,Q111,-0.004278074866310164,0.004550170563889353
Q235,818,Q112,-0.0034224598930481303,0.004657014129856111
Q235,818,Q119,-0.0016042780748663009,0.005379583460945164
Q235,818,Q120,-0.004919786096256683,0.008328522923607187
Q235,818,Q121,-0.0017112299465240621,0.005478608973204579
Q235,818,Q122,0.00032085561497327883,0.003254571990310783
Q235,818,Q123,0.0009625668449197902,0.0033206790794139225
Q235,818,Q124,-0.00438502673796791,0.005222055878388748
Q235,818,Q125,-0.0054545454545454515,0.004161513680929135
Q235,818,Q126,-0.0004278074866310044,0.0032334152850975214
Q235,818,Q127,0.0003208556149732677,0.003744843080216406
Q235,818,Q128,-0.0009625668449197856,0.003906306388823469
Q235,818,Q129,-0.005347593582887696,0.006190287113791552
Q235,818,Q130,-0.002352941176470591,0.005979747913794394
Q235,818,Q131,-0.0005347593582887656,0.0018213247450188817
Q235,818,Q132,-0.002352941176470595,0.0024991061915610596
Q235,818,Q133,-0.00427807486631016,0.0046985845211740835
Q235,818,Q135,-0.0034224598930481286,0.0024529080088084975
Q235,818,Q136,-0.0027807486631015984,0.006166218312470412
Q235,818,Q137,0.004171122994652403,0.0077744521263684455
Q235,818,Q139,-0.0019251336898395799,0.00307381986378609
Q235,818,Q140,-0.0011764705882352834,0.0018647696015147038
Q235,818,Q142,-0.0011764705882352944,0.0017045323476480468
Q235,818,Q143,-0.00673796791443851,0.005805033901652148
Q235,818,Q144,0.0,0.0
Q235,818,Q145,0.0,0.0
Q235,818,Q149,-0.0005347593582887766,0.002909405456414005
Q235,818,Q150,-0.002459893048128339,0.002718345460350547
Q235,818,Q151,-0.0010695187165775445,0.002139037433155089
Q235,818,Q152,-0.003743315508021399,0.004698584521174101
Q235,818,Q153,-0.002673796791443863,0.005779360892451898
Q235,818,Q154,-0.0036363636363636364,0.002692979318077894
Q235,818,Q155,-0.0014973262032085418,0.007451406822823667
Q235,818,Q156,-0.002566844919786091,0.004479228147887042
Q235,818,Q157,-0.0013903743315508035,0.005034696169386012
Q235,818,Q158,-0.0008556149732620334,0.004391543351368507
Q235,818,Q159,-0.002032085561497337,0.008625388301029295
Q235,818,Q160,-0.006524064171122996,0.004161513680929141
Q235,818,Q161,-0.002032085561497328,0.0068432484590572685
Q235,818,Q162,-0.0004278074866310111,0.0023038138212340305
Q235,818,Q163,-0.0008556149732620352,0.007863690457605023
Q235,818,Q164,0.0,0.0
Q235,818,Q166,-0.0004278074866310178,0.0036015953455578154
Q235,818,Q167,0.0,0.0
Q235,818,Q168,0.0,0.0
Q235,818,Q169,-0.0008556149732620314,0.008274785511822359
Q235,818,Q171,-0.003208556149732619,0.0031546269954551114
Q235,818,Q172,0.0009625668449197922,0.001670641641905173
Q235,818,Q173,0.0012834224598930444,0.004977572739345487
Q235,818,Q174,-0.002245989304812839,0.0067591552125454216
Q235,818,Q175,-0.0004278074866310154,0.0031618706949934753
Q235,818,Q176,-0.002994652406417111,0.003652057984805105
Q235,818,Q177,-0.0004278074866310089,0.0007859325377913839
Q235,818,Q178,-0.0006417112299465222,0.0010369368678965502
Q235,818,Q179,0.0,0.0
Q235,818,Q180,-0.0017112299465240576,0.0012380574227583018
Q235,818,Q181,0.0,0.0
Q235,818,Q184,-0.0011764705882352942,0.0021229340365004398
Q235,818,Q185,-0.0006417112299465244,0.007065302487663621
Q235,818,Q187,0.0,0.0
Q235,818,Q188,-0.003743315508021392,0.0030250557483916547
Q235,818,Q189,-0.004812834224598923,0.002217801214259643
Q235,818,Q190,-0.004171122994652396,0.006375982271995228
Q235,818,Q191,-0.0019251336898395755,0.002801240824322739
Q235,818,Q192,0.0,0.0
Q235,818,Q194,0.0009625668449197898,0.00192513368983958
Q235,818,Q195,-0.001390374331550799,0.006177338643077476
Q235,818,Q199,-0.0027807486631016157,0.006393897402196843
Q235,818,Q200,-0.0011764705882352947,0.003215678369705451
Q235,818,Q201,-0.0007486631016042656,0.005202304388027945
Q235,818,Q202,-0.0029946524064171152,0.0044433322091638645
Q235,818,Q203,0.0008556149732620356,0.0017112299465240712
Q235,818,Q204,-0.0012834224598930444,0.00249910619156106
Q235,818,Q205,-0.0011764705882352966,0.004427859153900425
Q235,818,Q206,-0.0036363636363636307,0.005571771669574815
Q235,818,Q207,-0.0011764705882352944,0.006358016662118454
Q235,818,Q208,-0.003850267379679142,0.00487071552373718
Q235,818,Q209,0.0,0.0
Q235,818,Q210,0.0,0.0
Q235,818,Q211,-0.00010695187165774777,0.0008556149732620239
Q235,818,Q212,-0.0003208556149732544,0.0009323848007573497
Q235,818,Q213,-0.0026737967914438566,0.004448477934349819
Q235,818,Q214,0.00021390374331551332,0.0018708936561001113
Q235,818,Q215,-0.0007486631016042589,0.0023819312782160187
Q235,818,Q216,0.0014973262032085641,0.005489038468601668
Q235,818,Q221,-0.0059893048128342235,0.005996939366364147
Q235,818,Q222,-0.0011764705882352853,0.003757041298449268
Q235,818,Q223,0.00010695187165777001,0.004491978609625667
Q235,818,Q224,0.0007486631016042899,0.005396567192103926
Q235,818,Q225,0.0014973262032085535,0.005122536904739254
Q235,818,Q227,-0.006310160427807488,0.006801331805597713
Q235,818,Q228,0.0016042780748663052,0.005954828195540128
Q235,818,Q229,-0.0032085561497326156,0.008339503182724256
Q235,818,Q230,-0.0026737967914438653,0.0076901296309080545
Q235,818,Q231,0.0031016042780748743,0.0034391305220991546
Q235,818,Q232,-0.00032085561497326756,0.006675716164418055
Q235,818,Q233,-0.002139037433155082,0.003595237714218532
Q235,818,Q234,0.0002139037433155223,0.003073819863786066
Q235,818,Q234A,0.01197860962566845,0.008939282863729133
Q235,818,Q236,0.04213903743315509,0.009722625178492827
Q235,818,Q238,0.0021390374331550907,0.005689598322254732
Q235,818,Q239,0.007807486631016045,0.012401806261018822
Q235,818,Q241,-0.0037433155080213902,0.004842451945528038
Q235,818,Q242,-0.005133689839572188,0.004884785987879888
Q235,818,Q243,-0.0006417112299465154,0.005509838234178075
Q235,818,Q244,-0.0018181818181818143,0.0029406902855331754
Q235,818,Q246,-0.0019251336898395775,0.006260111498037191
Q235,818,Q247,0.0011764705882352895,0.010809019887163748
Q235,818,Q248,-0.0010695187165775356,0.0023915165534757017
Q235,818,Q249,-0.002139037433155082,0.009848867964253542
Q235,818,Q250,-0.0019251336898395734,0.004669279134319387
Q235,818,Q251,-0.0004278074866310219,0.009152980917790238
Q235,818,Q253,0.005026737967914431,0.009712030874649424
Q235,818,Q254,-0.00021390374331550438,0.002739304486602303
Q235,818,Q255,0.0,0.0
Q235,818,Q256,0.0,0.0
Q235,818,Q257,-0.0010695187165775423,0.002705692115652096
Q235,818,Q258,0.0010695187165775445,0.004661924003786836
Q235,818,Q259,-0.0033155080213903786,0.008217913459806886
Q164,276,Q260,0.0007302369584827539,0.0014742268570916179
Q164,276,Q262,-6.578513124024573e-05,0.002003401223257382
Q164,276,Q263,-6.622516556291425e-05,0.00032443572752095237
Q164,276,Q264,-0.0001328903654485103,0.0003383742343242196
Q164,276,Q265,6.600514840157334e-05,0.00044015091632606585
Q164,276,Q266,-0.0006642318100811905,0.0011699507253237133
Q164,276,Q267,0.0003977910277001606,0.000530022026649146
Q164,276,Q268,-0.0007947019867549721,0.001119969173860122
Q164,276,Q269,0.0,0.0
Q164,276,Q270,6.776528569227063e-05,0.002191227403005621
Q164,276,Q271,6.622516556291313e-05,0.00013245033112582627
Q164,276,Q272,-0.0001324503311258285,0.000264900662251657
Q164,276,Q273,-0.00013245033112583288,0.0013517057594771334
Q164,276,Q274,-0.0005271611185672622,0.005568075041940796
Q164,276,Q275,-0.00039515082176410645,0.0017967187127840515
Q164,276,Q276,-0.0015244989109150576,0.0016831460095073515
Q164,276,Q277,0.0007971221755296853,0.0014628870740423787
Q164,276,Q278,-0.002384986028910262,0.0029418506901407408
Q164,276,Q279,0.0005975666101955856,0.0013513982409834036
Q164,276,Q280,0.0007304569756440915,0.004014962779204924
Q164,276,Q281,0.0015244989109150474,0.0027880222224550416
Q164,276,Q282,-0.0011245077116015156,0.002466869697038755
Q164,276,Q283,-0.00032760555323315917,0.004329714157054395
Q164,276,Q284,-0.0025891619546324694,0.002314362873188179
Q164,276,Q285,-0.0007940419352709548,0.0016854748343067942
Q164,276,Q286,-0.0021896107896416097,0.002936874055468194
Q164,276,Q287,0.001790719676134729,0.00095122057805055
Q164,276,Q288,0.0006653318958878728,0.002065116214073695
Q164,276,Q289CS9,0.0047805328815647505,0.005202766874258799
Q164,276,Q1,0.0,0.0
Q164,276,Q2,-0.0013927086312732508,0.004191015192055262
Q164,276,Q3,-0.0014558535565774278,0.00287722437317091
Q164,276,Q4,1.9801544520438133e-06,0.002158873974133405
Q164,276,Q5,-0.0005975666101956034,0.0012848526388577128
Q164,276,Q6,0.020822644166244953,0.009757501878546758
Q164,276,Q7,-0.0005300213416646537,0.0008532004533105152
Q164,276,Q8,-0.0009949176035730877,0.00189747800262539
Q164,276,Q9,6.688521704692474e-05,0.002284659135615792
Q164,276,Q10,-0.0007958020725616721,0.0019605702704561796
Q164,276,Q11,0.0006673120503399167,0.0030773553943141837
Q164,276,Q12,-0.0005298013245033128,0.00071347145267288
Q164,276,Q13,0.0001320102968031433,0.0018342792606561307
Q164,276,Q14,-0.0011269279003762367,0.0013990085966857468
Q164,276,Q15,0.0005960264900662138,0.001456953642384095
Q164,276,Q16,0.0,0.0
Q164,276,Q17,0.0011922729972937839,0.0024114634068381617
Q164,276,Q18,-0.003114122901586337,0.0039540242243139255
Q164,276,Q19,0.0,0.0
Q164,276,Q20,-6.622516556291425e-05,0.0001324503311258285
Q164,276,Q21,0.0,0.0
Q164,276,Q22,-6.644518272425404e-05,0.00013289036544850532
Q164,276,Q23,0.0,0.0
Q164,276,Q24,-0.0013280235858397062,0.0031081619191131163
Q164,276,Q25,0.0,0.0
Q164,276,Q26,0.0,0.0
Q164,276,Q27,-0.0021856504807375074,0.0031384119219535172
Q164,276,Q28,0.0009291324723328354,0.0015892072128726928
Q164,276,Q29,-0.0015233988251083662,0.0025234051478769813
Q164,276,Q30,-0.0002651206794130034,0.0016142372895651845
Q164,276,Q31,-0.00039471078744143003,0.002679411086031651
Q164,276,Q32,-0.0031123627642956246,0.007196234033498405
Q164,276,Q33,-0.003711469494620585,0.002626050256464265
Q164,276,Q34,-0.0016554091219115232,0.003448997779151721
Q164,276,Q35,-0.002451871245957197,0.001696074380548758
Q164,276,Q36,-0.0026540670172273528,0.002456136981660797
Q164,276,Q37,-0.0007922817979802591,0.0032232718683831555
Q164,276,Q38,-0.0019192096983564832,0.0032695510033809655
Q164,276,Q39,-0.0009946975864117522,0.004409949712830045
Q164,276,Q40,-0.0003993311478295336,0.0009710621361601363
Q164,276,Q41,-0.0005315614617940267,0.0015517546010743591
Q164,276,Q42,-0.0006642318100811916,0.0011699507253237129
Q164,276,Q43,-0.0025185364458427816,0.003507490758963423
Q164,276,Q44,0.000730016941321423,0.001959695289148985
Q164,276,Q45,0.0004008712679588877,0.0034929480367141266
Q164,276,Q46,-0.001656729224879552,0.0016082422259663025
Q164,276,Q47,-0.0003302457591692276,0.002680648896615913
Q164,276,Q48,-0.000464236210424418,0.0018104534282190974
Q164,276,Q49,-0.00245429143473192,0.004070035496244747
Q164,276,Q50,-0.0003999911993135574,0.0026094493174208407
Q164,276,Q51,0.0,0.0
Q164,276,Q52,-0.0011238476601175041,0.0029391674664577872
Q164,276,Q53,6.622516556291091e-05,0.00013245033112582182
Q164,276,Q54,0.00046533629623110915,0.0012710332569037788
Q164,276,Q55,0.0,0.0
Q164,276,Q56,-0.0037167499064927243,0.004606246974387969
Q164,276,Q57,-6.622516556292093e-05,0.0012293627765340668
Q164,276,Q58,0.0,0.0
Q164,276,Q59,-0.002122725572594671,0.0017122998101914775
Q164,276,Q60,-0.0013264834657103273,0.0012764436265605493
Q164,276,Q61,-0.000663131724274496,0.00029666228340013387
Q164,276,Q62,-0.002123605641240025,0.0013875675984705341
Q164,276,Q63,-0.002449451057182466,0.003236133514869977
Q164,276,Q64,0.0022558359552044957,0.01070549829860167
Q164,276,Q65,-0.001988955138500812,0.0024687596164208138
Q164,276,Q66,0.00033002574200787226,0.0017031551054947267
Q164,276,Q67,-0.0001317902796418203,0.0016609206698039016
Q164,276,Q68,0.0004598358671976346,0.003279057191982197
Q164,276,Q69,-0.002913467250445543,0.004164671982010131
Q164,276,Q70,-0.0007944819695936345,0.0016322106833430077
Q164,276,Q71,-0.0003971309762161446,0.0015588581536687745
Q164,276,Q72,-0.0007322171129348153,0.0025283616123981186
Q164,276,Q73,-0.0025854216628897176,0.003611155308667495
Q164,276,Q74,-0.0006624716727904867,0.0020633847519384327
Q164,276,Q75,-0.0016567292248795464,0.0016388515521020626
Q164,276,Q76,-0.001987415018371442,0.003297965115909547
Q164,276,Q77,-0.00039889111350685286,0.0010771566111266605
Q164,276,Q78,-0.0003315658621372497,0.0005925824772015887
Q164,276,Q79,-0.0012613583859541113,0.0016708656597629308
Q164,276,Q80,-0.0007313370442894617,0.002680175279876932
Q164,276,Q81,-0.0007315570614507971,0.0014612141245887733
Q164,276,Q82,-0.0003309058106532413,0.0014850715741824324
Q164,276,Q82_EU,-0.00046357615894039974,0.0006488714550419047
Q164,276,Q83,-0.0017869793843919945,0.0038414309345495773
Q164,276,Q84,0.002915887439220248,0.002456165953449102
Q164,276,Q85,-0.0009962377065411176,0.0014392813389318096
Q164,276,Q86,-0.0016613495852676585,0.002872356559138847
Q164,276,Q87,0.00013135024531913173,0.0018139239577008304
Q164,276,Q88,-0.000529141273019299,0.0014606498405507985
Q164,276,Q89,-0.0016562891905568735,0.0031060951564196386
Q164,276,Q90,-0.0015929242480913631,0.0035785893082485383
Q164,276,Q91,-0.001658269345008917,0.0011698913910395117
Q164,276,Q92,-0.001659589447976948,0.0033589048470409606
Q164,276,Q93,-6.666519988559049e-05,0.0003252443082339409
Q164,276,Q94,-0.0013231832082902595,0.0032989589460444948
Q164,276,Q95,-6.358495962685787e-05,0.0024391553808896737
Q164,276,Q96,-0.0004664363820378049,0.0017373501586570332
Q164,276,Q97,-6.644518272425293e-05,0.00013289036544850586
Q164,276,Q98,0.0,0.0
Q164,276,Q99,-0.00039801104486150154,0.0006426905780163058
Q164,276,Q100,-0.00039911113066818825,0.001158107807924812
Q164,276,Q101,-0.0003302457591692187,0.0012920955085163031
Q164,276,Q102,0.0,0.0
Q164,276,Q103,-0.0006622516556291424,0.0013245033112582849
Q164,276,Q104,0.0,0.0
Q164,276,Q105,-0.0002671008338650404,0.0017104319214363804
Q164,276,Q106,-0.0012569580427273476,0.0037088581791211253
Q164,276,Q107,-0.00232206112076743,0.0027774504414472476
Q164,276,Q108,0.0001357505885458923,0.004214729600085636
Q164,276,Q109,-0.002714791753756801,0.0050329715259137845
Q164,276,Q110,-0.0008589469978658417,0.0033036603139468706
Q164,276,Q111,-0.0007286968383534008,0.0022652009571560994
Q164,276,Q112,0.0013267034828716507,0.002437404094173837
Q164,276,Q113,-0.0003322259136212657,0.002523167799390892
Q164,276,Q114,-0.00039515082176410634,0.0018685920859387044
Q164,276,Q115,0.00013311038260983566,0.0013987884111269174
Q164,276,Q116,-0.00039735099337748995,0.00038615575462552164
Q164,276,Q117,-0.0025871818001804202,0.0009033545086712069
Q164,276,Q118,0.0004655563133924345,0.003788703593203846
Q164,276,Q119,-0.0013247233284196303,0.0023092463362890483
Q164,276,Q120,-0.004904842577721073,0.0027149709943357567
Q164,276,Q121,-9.8879238130678e-18,0.0018734421883808475
Q164,276,Q122,-0.0029827726562671932,0.0014794657416880672
Q164,276,Q123,-0.0015238388594310483,0.003236035969327417
Q164,276,Q124,-0.001196893357681905,0.0037548430042009143
Q164,276,Q125,-0.000264900662251657,0.000529801324503314
Q164,276,Q126,1.5401201293640566e-06,0.0020219428213873033
Q164,276,Q127,0.00013289036544850586,0.0002657807308970117
Q164,276,Q128,-0.0007273767353853701,0.003130984855964727
Q164,276,Q129,-6.732525136960311e-05,0.002057033432921583
Q164,276,Q130,-0.002256936041011205,0.0029956980822661156
Q164,276,Q131,0.0005304613759873224,0.0019034867586624194
Q164,276,Q132,-0.00112692790037623,0.000951125460010467
Q164,276,Q133,-0.0008611471694792251,0.0012508416616180825
Q164,276,Q134,-0.0007293568898374093,0.0008480278858780214
Q164,276,Q135,-0.0005317814789553633,0.002562339036338404
Q164,276,Q136,-0.0007282568040307169,0.0013147094132831482
Q164,276,Q137,-0.00013157026248047484,0.000951859591856998
Q164,276,Q138,-6.644518272425739e-05,0.0007666878642756946
Q164,276,Q139,-0.00026336054212229625,0.0028865432864105464
Q164,276,Q140,-0.0007319970957734811,0.0026438217889418777
Q164,276,Q141,0.0,0.0
Q164,276,Q142,-0.001526919099689784,0.004759103737141131
Q164,276,Q143,-6.53450969175662e-05,0.0011553571460374635
Q164,276,Q144,0.00013245033112582738,0.0002649006622516575
Q164,276,Q145,6.644518272425182e-05,0.00013289036544850364
Q164,276,Q146,-0.0020554003212250637,0.0016938141733826109
Q164,276,Q147,0.0006602715011770877,0.0026112850963561285
Q164,276,Q148,-0.0009905172603463185,0.0045643005613821026
Q164,276,Q149,0.0001315702624804682,0.001285720616787861
Q164,276,Q150,-0.0007984422784977274,0.00241541733944437
Q164,276,Q151,-0.0017238344590878155,0.002273559874772155
Q164,276,Q152,0.0004640161932630637,0.002114268577767784
Q164,276,Q153,-0.002580141251017596,0.005624033541816425
Q164,276,Q154,0.0013885283052077957,0.0027444114173434016
Q164,276,Q155,-0.002721832302919637,0.0030786216386692717
Q164,276,Q156,-0.0013951288200479738,0.0019640248663255356
Q164,276,Q157,-0.0028520824624320793,0.002663209505481667
Q164,276,Q158,-0.002653406965743339,0.0029179698363211736
Q164,276,Q159,-0.0003331059822666236,0.005202953317657679
Q164,276,Q160,-0.0019253701788739628,0.00453390621563843
Q164,276,Q161,-0.0016547490704275068,0.0028465930869522537
Q164,276,Q162,-0.0022536357835911324,0.0025223455399900636
Q164,276,Q163,-0.0032498734901322364,0.0041637349045666955
Q164,276,Q165,0.10710875448284965,0.011173638916872496
Q164,276,Q166,0.005164022793777907,0.00629426725595684
Q164,276,Q167,-0.002786737365514521,0.0019408380127214002
Q164,276,Q168,-6.666519988559839e-05,0.0022626479295406125
Q164,276,Q169,-0.001593144265252706,0.005278461353098155
Q164,276,Q170,-0.0032516336274229563,0.0045015800693889215
Q164,276,Q171,-0.002984092759235232,0.003968578757551207
Q164,276,Q172,0.032688829728718824,0.00221419103871312
Q164,276,Q173,-0.0021218455039493213,0.006442553525927469
Q164,276,Q174,-0.0039765901740335865,0.0019397800770190534
Q164,276,Q175,-0.0010613627862973364,0.00225970536141141
Q164,276,Q176,-0.0015872038018965606,0.007545107939933197
Q164,276,Q177,-0.0003988911135068573,0.0009718438699775694
Q164,276,Q178,-0.0003999911993135474,0.0016439084834121071
Q164,276,Q179,-6.644518272425293e-05,0.00013289036544850586
Q164,276,Q180,0.00013157026248046931,0.0016172854683089391
Q164,276,Q181,0.00019757541088205043,0.0021011911450886
Q164,276,Q182,-0.0025145761369387044,0.005084097198840265
Q164,276,Q183,0.001059602649006609,0.0029867476248422948
Q164,276,Q184,-0.003980990517260361,0.0051350299870903185
Q164,276,Q185,-0.0029143473190908946,0.0027279165952869664
Q164,276,Q186,-0.001261578403115451,0.0019933635441502875
Q164,276,Q187,-0.00012827000506041028,0.003462170616106586
Q164,276,Q188,-7.17255945963933e-05,0.004223883446652871
Q164,276,Q189,0.0,0.0
Q164,276,Q190,-0.0011251677630855262,0.0018691908047945782
Q164,276,Q191,-1.760137290709486e-06,0.00287840915530054
Q164,276,Q192,0.0,0.0
Q164,276,Q193,-0.0019275703504873498,0.004834038824908398
Q164,276,Q194,0.0,0.0
Q164,276,Q195,-0.0029196277309630294,0.002843081220104495
Q164,276,Q196,0.0004651162790697528,0.0017098908553422475
Q164,276,Q197,-0.0011280279861829324,0.0024659722886557897
Q164,276,Q198,-0.0002668808167037118,0.0033806782441674257
Q164,276,Q199,-0.0021218455039493165,0.0007997711276297171
Q164,276,Q200,0.0004642362104244112,0.0009275303528858306
Q164,276,Q201,-0.003117423159006414,0.0011998317523111111
Q164,276,Q202,-0.0007284768211920567,0.001627576917542327
Q164,276,Q203,-0.00039559085608678374,0.005586926653662738
Q164,276,Q204,-0.0031810081186332663,0.0047093820289934194
Q164,276,Q205,-0.005168863171327379,0.0037182741176548548
Q164,276,Q206,-0.0021889507381575865,0.0005811787362471732
Q164,276,Q207,-0.000596026490066225,0.0009225680316260227
Q164,276,Q208,-0.00019471518778466315,0.002732416325894864
Q164,276,Q209,-0.0019909352929528565,0.002311459334013377
Q164,276,Q210,-0.0026516468284526274,0.0015833231386691517
Q164,276,Q211,-5.2804118721327955e-06,0.004136100936528052
Q164,276,Q212,-6.732525136961326e-05,0.003470673987926837
Q164,276,Q213,-0.0003320058964599237,0.0004195412862306866
Q164,276,Q214,0.00039823106202283465,0.0014276179342187438
Q164,276,Q215,-0.0009955776550571026,0.0009839122192035013
Q164,276,Q216,-0.0015242788937537177,0.0016962791779450337
Q164,276,Q217,0.0002644606279289752,0.0030379858258519927
Q164,276,Q218,0.0003962509075707809,0.0029948234929628764
Q164,276,Q219,-0.000797122175529701,0.0024609387753091695
Q164,276,Q220,-0.0013278035686783607,0.001376301169236351
Q164,276,Q221,-0.0009273723350421426,0.0013480352903431929
Q164,276,Q222,0.0004646762447470809,0.0007451408616274611
Q164,276,Q223,-0.003579899232140115,0.004205544353363882
Q164,276,Q224,-0.0011262678488922209,0.0010803166145170304
Q164,276,Q225,-6.600514840158332e-05,0.0019130239770608082
Q164,276,Q226,-0.0023220611207674323,0.0014259146389278736
Q164,276,Q227,0.0013284636201623635,0.0028762288699094862
Q164,276,Q228,-0.00046005588435899084,0.0033583407110574235
Q164,276,Q229,-0.0007297969241600898,0.0032068021376921688
Q164,276,Q230,0.002320300983476703,0.0034881634416851536
Q164,276,Q231,0.0,0.0
Q164,276,Q232,-0.0009953576378957606,0.002162691744538376
Q164,276,Q233,-0.000595586455743552,0.0014284554853607437
Q164,276,Q234,-6.600514840216301e-07,0.004099633534278933
Q164,276,Q235,-0.0022560559723658483,0.00128438047725136
Q164,276,Q236,-6.666519988559734e-05,0.0036668157800085715
Q164,276,Q237,-0.000529801324503314,0.0009031908408599952
Q164,276,Q238,-0.0005300213416646537,0.0006140758985845583
Q164,276,Q239,-0.0007984422784977352,0.0025080534346633297
Q164,276,Q240,0.001396448923015985,0.0032768196371473638
Q164,276,Q241,0.0009968977580251171,0.0028118246071344236
Q164,276,Q242,-0.00046027590152033045,0.0032379898500183423
Q164,276,Q243,-0.0006657719302105602,0.0017313287848538552
Q164,276,Q244,-0.0008624672724472659,0.004473124748773396
Q164,276,Q245,0.0010600426833292907,0.0012291021182813174
Q164,276,Q246,-0.0017266946821852217,0.007171480099762057
Q164,276,Q247,-0.0037770346086995017,0.005028509314487265
Q164,276,Q248,-0.0025178763943587744,0.0031518936550592163
Q164,276,Q249,-0.001195573254713873,0.001740524238673678
Q164,276,Q250,-0.0013916085454665618,0.0024207122589460814
Q164,276,Q251,-0.0009273723350421471,0.0025723445463139145
Q164,276,Q252,-0.00039317066731206046,0.0054105406772856825
Q164,276,Q253,-0.0015933642824140348,0.0018235155329082377
Q164,276,Q254,-0.0016615696024289916,0.0029688158643014005
Q164,276,Q255,-0.002451651228795847,0.004299737274934285
Q164,276,Q256,0.0007964621240456705,0.002596745404636301
Q164,276,Q257,-0.0007251765637719808,0.0031501059092222334
Q164,276,Q258,-0.0006622516556291469,0.0022294003599649163
Q164,276,Q259,-0.00013025015951245158,0.002070842687666457
Q164,566,Q260,0.0,0.0
Q164,566,Q262,-0.0016158417134648092,0.001376124288436161
Q164,566,Q263,0.0,0.0
Q164,566,Q264,0.0,0.0
Q164,566,Q265,0.0,0.0
Q164,566,Q266,0.0,0.0
Q164,566,Q267,0.0,0.0
Q164,566,Q268,0.0,0.0
Q164,566,Q269,0.0,0.0
Q164,566,Q270,-0.00048387096774193505,0.0009677419354838702
Q164,566,Q271,-0.0005645161290322576,0.0011290322580645152
Q164,566,Q272,-0.00024193548387096752,0.0004838709677419351
Q164,566,Q273,0.0,0.0
Q164,566,Q274,-0.0005648426276609686,0.0009404203430620025
Q164,566,Q275,0.0,0.0
Q164,566,Q276,0.00016194331983805378,0.00032388663967610756
Q164,566,Q277,-0.00048582995951417456,0.001647529550556761
Q164,566,Q278,-0.0006477732793522329,0.0012955465587044658
Q164,566,Q279,-0.0005664751208044993,0.0009443399258291329
Q164,566,Q280,-0.0013722737364503094,0.001871757607990756
Q164,566,Q281,-0.000807431108789345,0.0011119738041873838
Q164,566,Q282,0.00016390231161029776,0.0021338052039932545
Q164,566,Q283,-0.001695833877497717,0.0019535865855803817
Q164,566,Q284,-0.0004032258064516125,0.000806451612903225
Q164,566,Q285,-0.0008097165991902911,0.001619433198380582
Q164,566,Q286,-0.000161616821209356,0.0014841817497073112
Q164,566,Q287,-0.0007277654433851422,0.001453901876372381
Q164,566,Q288,0.0,0.0
Q164,566,Q289CS9,0.0,0.0
Q164,566,Q290,-0.001208697923468718,0.0023933132533517213
Q164,566,Q1,0.0,0.0
Q164,566,Q2,-0.00024193548387096752,0.0004838709677419351
Q164,566,Q3,9.794958861197942e-07,0.0007666168334436283
Q164,566,Q4,0.00024291497975708734,0.00048582995951417467
Q164,566,Q5,0.0,0.0
Q164,566,Q6,0.0,0.0
Q164,566,Q7,0.0,0.0
Q164,566,Q8,0.0,0.0
Q164,566,Q9,0.0,0.0
Q164,566,Q10,-0.0006477732793522329,0.0012955465587044658
Q164,566,Q11,-0.000161290322580645,0.00032258064516129
Q164,566,Q12,0.0,0.0
Q164,566,Q13,0.0,0.0
Q164,566,Q14,0.0,0.0
Q164,566,Q15,-0.0007287449392712619,0.0014574898785425236
Q164,566,Q16,0.0,0.0
Q164,566,Q17,0.0,0.0
Q164,566,Q18,0.0,0.0
Q164,566,Q19,0.0006480997779809394,0.0015059318777906733
Q164,566,Q20,0.0,0.0
Q164,566,Q21,0.00016194331983805378,0.00032388663967610756
Q164,566,Q22,0.0,0.0
Q164,566,Q23,0.0,0.0
Q164,566,Q24,0.0,0.0
Q164,566,Q25,-0.00032388663967611645,0.0006477732793522329
Q164,566,Q26,0.0,0.0
Q164,566,Q27,-0.0009716599190283493,0.0014164255615008961
Q164,566,Q28,0.001295546558704457,0.0020388143015407584
Q164,566,Q29,0.0,0.0
Q164,566,Q30,-0.0001609638239519451,0.0005472993584030336
Q164,566,Q31,-0.0005668016194332038,0.0011336032388664075
Q164,566,Q32,0.0001632493143528824,0.0010420310001389474
Q164,566,Q33,-0.000727112446127729,0.0006469598133267795
Q164,566,Q34,0.00048582995951417467,0.0009716599190283492
Q164,566,Q35,0.0,0.0
Q164,566,Q36,0.0,0.0
Q164,566,Q37,-0.0009710069217709316,0.0015701666324582236
Q164,566,Q38,-0.0009716599190283537,0.002089633668107522
Q164,566,Q39,-0.000161290322580645,0.00079015798154296
Q164,566,Q40,-0.00016194331983807156,0.0016712362300040674
Q164,566,Q41,-0.00040355230508032347,0.0014013412429484235
Q164,566,Q42,-0.0007280919420138487,0.0010983056695318735
Q164,566,Q43,-0.0005668016194332038,0.0011336032388664075
Q164,566,Q44,0.0,0.0
Q164,566,Q45,0.0,0.0
Q164,566,Q46,0.0,0.0
Q164,566,Q47,0.0,0.0
Q164,566,Q48,-0.0006464672848374064,0.0006570958289439148
Q164,566,Q49,-0.0020229855034608877,0.002157803327936573
Q164,566,Q50,-0.0009703539245135229,0.0012172290131162832
Q164,566,Q51,0.0,0.0
Q164,566,Q52,-0.0004045318009664434,0.001578428369049956
Q164,566,Q53,0.0,0.0
Q164,566,Q54,-0.00032258064516129,0.00064516129032258
Q164,566,Q55,-0.00024193548387096752,0.0004838709677419351
Q164,566,Q56,-0.00032258064516129,0.00064516129032258
Q164,566,Q57,-0.0006477732793522329,0.0018027391684215578
Q164,566,Q58,-7.933916677549612e-05,0.001153764849681931
Q164,566,Q59,-0.0005668016194332038,0.0011336032388664075
Q164,566,Q60,-0.00064516129032258,0.00129032258064516
Q164,566,Q61,-0.0014548778895128666,0.0027527888029205794
Q164,566,Q62,8.129815854773572e-05,0.001434711061408449
Q164,566,Q63,0.0002435679770145005,0.000943556408021942
Q164,566,Q64,-0.0004032258064516125,0.000806451612903225
Q164,566,Q65,-0.00016194331983805822,0.0007933570017111583
Q164,566,Q66,-0.00024193548387096752,0.0004838709677419351
Q164,566,Q67,0.0,0.0
Q164,566,Q68,0.0,0.0
Q164,566,Q69,-0.0006477732793522329,0.001729081498304682
Q164,566,Q70,0.0,0.0
Q164,566,Q71,0.0,0.0
Q164,566,Q72,-0.000161290322580645,0.00032258064516129
Q164,566,Q73,0.0,0.0
Q164,566,Q74,0.0,0.0
Q164,566,Q75,-0.0005645161290322576,0.00079015798154296
Q164,566,Q76,-0.00032258064516129,0.00064516129032258
Q164,566,Q77,0.0,0.0
Q164,566,Q78,-8.06451612903225e-05,0.000161290322580645
Q164,566,Q79,0.0004032258064516125,0.000806451612903225
Q164,566,Q80,0.0,0.0
Q164,566,Q81,-8.06451612903225e-05,0.000161290322580645
Q164,566,Q82,-0.0006467937834661131,0.0008329903404027863
Q164,566,Q82_AFRICANUNION,0.0,0.0
Q164,566,Q83,-0.0007277654433851422,0.0009711720233828538
Q164,566,Q84,0.0,0.0
Q164,566,Q85,-0.0008097165991902911,0.0011161173078615668
Q164,566,Q86,-0.0006477732793522329,0.0012955465587044658
Q164,566,Q87,0.0,0.0
Q164,566,Q88,-0.0004032258064516125,0.000806451612903225
Q164,566,Q89,-0.00032258064516129,0.00064516129032258
Q164,566,Q90,-0.0010503460885464323,0.0012924082720915848
Q164,566,Q91,-0.00048582995951417467,0.0009716599190283493
Q164,566,Q92,0.0,0.0
Q164,566,Q93,-0.0008077576074180515,0.0010211248658118562
Q164,566,Q94,0.0,0.0
Q164,566,Q95,-0.00040485829959514553,0.000809716599190291
Q164,566,Q96,-0.00048321797048452627,0.0009686130876301474
Q164,566,Q97,0.0011336032388663962,0.0028212552858598236
Q164,566,Q98,-0.00032258064516129,0.00064516129032258
Q164,566,Q99,0.0,0.0
Q164,566,Q100,0.0,0.0
Q164,566,Q101,-8.06451612903225e-05,0.000161290322580645
Q164,566,Q102,0.0,0.0
Q164,566,Q103,-8.097165991902911e-05,0.00016194331983805822
Q164,566,Q104,0.0006477732793522329,0.0012955465587044658
Q164,566,Q105,-0.00024193548387096752,0.0004838709677419351
Q164,566,Q106,7.93391667754917e-05,0.001723448796997544
Q164,566,Q107,0.0008923207522528355,0.0018509597454466414
Q164,566,Q108,0.00016488180749641763,0.002146274441243329
Q164,566,Q109,-0.0004038788037090302,0.001115408200795238
Q164,566,Q110,-0.0007287449392712619,0.0010983530337045073
Q164,566,Q111,-0.00032225414653258344,0.001236389394058638
Q164,566,Q112,0.0021046101606373322,0.002366280740863727
Q164,566,Q113,-0.0005668016194332038,0.0011336032388664075
Q164,566,Q114,-0.0011309912498367546,0.0010033103644050433
Q164,566,Q115,0.0,0.0
Q164,566,Q116,8.097165991902911e-05,0.00016194331983805822
Q164,566,Q117,0.0,0.0
Q164,566,Q118,-0.00016194331983805822,0.00032388663967611645
Q164,566,Q119,-0.000161290322580645,0.00032258064516129
Q164,566,Q120,-0.00024193548387096752,0.0004838709677419351
Q164,566,Q121,0.00048387096774193505,0.0009677419354838702
Q164,566,Q122,-0.00040485829959514553,0.000809716599190291
Q164,566,Q123,-8.06451612903225e-05,0.000161290322580645
Q164,566,Q124,0.0,0.0
Q164,566,Q125,0.0004058377954812564,0.0010848894548041038
Q164,566,Q126,-0.0011336032388664075,0.0014117891315111627
Q164,566,Q127,-0.0009703539245135229,0.0012948960311771384
Q164,566,Q128,-0.000807431108789345,0.0011119738041873838
Q164,566,Q129,0.00064516129032258,0.00129032258064516
Q164,566,Q130,0.0022652474859605554,0.00205786820083805
Q164,566,Q131,-0.0011290322580645152,0.001406096433400216
Q164,566,Q132,0.0006477732793522329,0.0012955465587044658
Q164,566,Q133,0.0,0.0
Q164,566,Q134,0.0,0.0
Q164,566,Q135,0.0006477732793522329,0.0012955465587044658
Q164,566,Q136,0.0,0.0
Q164,566,Q137,-7.999216403290933e-05,0.0006460598576552997
Q164,566,Q138,0.0,0.0
Q164,566,Q139,-0.0009703539245135229,0.0012948960311771384
Q164,566,Q140,0.0,0.0
Q164,566,Q141,0.0,0.0
Q164,566,Q142,0.0004032258064516125,0.000806451612903225
Q164,566,Q143,-0.0008897087632232005,0.0012645684305868815
Q164,566,Q144,-0.00048387096774193505,0.00059261848615722
Q164,566,Q145,-0.0002416089852422609,0.0007033480716997736
Q164,566,Q146,-0.0005651691262896708,0.0015903434169936641
Q164,566,Q147,-0.0011336032388664075,0.001388374752994527
Q164,566,Q148,-0.0013748857254799619,0.000944845738762219
Q164,566,Q149,-0.0005668016194332038,0.0011336032388664075
Q164,566,Q150,0.0,0.0
Q164,566,Q151,-0.00048387096774193505,0.0020369499776909323
Q164,566,Q152,0.0,0.0
Q164,566,Q153,-0.00040485829959514553,0.000809716599190291
Q164,566,Q154,-0.0002452004701580269,0.0021935072108710983
Q164,566,Q155,0.00048582995951417467,0.0005950177512833687
Q164,566,Q156,0.0,0.0
Q164,566,Q157,-0.00129130207653128,0.002030555319982944
Q164,566,Q158,-0.0009713334203996403,0.0012161221486956181
Q164,566,Q159,-0.0012135954028993166,0.00169692290426453
Q164,566,Q160,-0.0003232336424187032,0.0009369771157852033
Q164,566,Q161,-8.097165991902911e-05,0.00016194331983805822
Q164,566,Q162,0.0004841974663706416,0.0008616369950588766
Q164,566,Q163,-0.0010509990858038475,0.000831755753264553
Q164,566,Q165,0.0,0.0
Q164,566,Q166,0.0,0.0
Q164,566,Q167,0.0,0.0
Q164,566,Q168,0.0,0.0
Q164,566,Q169,-0.0008093901005615846,0.0010558666812017455
Q164,566,Q170,-0.0006467937834661131,0.0008329903404027864
Q164,566,Q171,0.00032388663967610756,0.0006477732793522151
Q164,566,Q172,-0.00024291497975708734,0.0004858299595141746
Q164,566,Q173,0.0,0.0
Q164,566,Q174,-0.00040485829959514553,0.0008097165991902911
Q164,566,Q175,0.0007287449392712619,0.0014574898785425236
Q164,566,Q176,-0.00048582995951417467,0.0009716599190283493
Q164,566,Q177,-0.0008071046101606426,0.001595097881516434
Q164,566,Q178,0.0,0.0
Q164,566,Q179,0.0006477732793522329,0.0012955465587044658
Q164,566,Q180,-0.000890035261851907,0.001411827187023407
Q164,566,Q181,-0.00048582995951417456,0.0016475295505567608
Q164,566,Q182,-0.000648426276609646,0.001728531474869476
Q164,566,Q183,-0.0007287449392712619,0.0014574898785425236
Q164,566,Q184,-0.0001616168212093516,0.0011620938877124733
Q164,566,Q185,0.0007290714378999508,0.001184200939261809
Q164,566,Q186,0.0003219276479038769,0.001094598716806081
Q164,566,Q187,0.0016194331983805578,0.001999852475340629
Q164,566,Q188,-0.0006477732793522329,0.0012955465587044658
Q164,566,Q189,0.0,0.0
Q164,566,Q190,-0.001698772365156076,0.0014794573389769214
Q164,566,Q191,0.0004032258064516125,0.000806451612903225
Q164,566,Q192,0.0010500195899177055,0.0021496803109884127
Q164,566,Q193,-7.966566540420273e-05,0.0016262773135855457
Q164,566,Q194,0.0008071046101606404,0.0010534905153744335
Q164,566,Q195,-0.00016194331983805822,0.00032388663967611645
Q164,566,Q196,0.00024291497975708734,0.00048582995951417467
Q164,566,Q197,-0.0005668016194332038,0.0011336032388664075
Q164,566,Q198,-0.0008097165991902911,0.0009916962521389478
Q164,566,Q199,-0.0012929345696748129,0.0013117803143826597
Q164,566,Q200,8.162465717644232e-05,0.0006468761033487028
Q164,566,Q201,-0.0012119629097557837,0.001489507212802371
Q164,566,Q202,0.0,0.0
Q164,566,Q203,0.0,0.0
Q164,566,Q204,0.0,0.0
Q164,566,Q205,-0.0005668016194332038,0.0007058945657555814
Q164,566,Q206,0.0,0.0
Q164,566,Q207,-0.0004032258064516125,0.000806451612903225
Q164,566,Q208,-0.0005654956249183773,0.0007039492157204774
Q164,566,Q209,-7.901266814680733e-05,0.0018861341706133876
Q164,566,Q210,-0.000161290322580645,0.00032258064516129
Q164,566,Q211,-0.0005645161290322576,0.000703048216700108
Q164,566,Q212,-0.0021839493274128244,0.0026068817607835565
Q164,566,Q213,-0.0005654956249183773,0.0007039492157204774
Q164,566,Q214,-0.0009677419354838701,0.0012123626111591045
Q164,566,Q215,-0.0004032258064516125,0.000806451612903225
Q164,566,Q216,-0.0010503460885464323,0.0009433356226845776
Q164,566,Q217,0.0,0.0
Q164,566,Q218,-0.0008897087632232005,0.0012645684305868815
Q164,566,Q219,0.0,0.0
Q164,566,Q220,-0.00032258064516129,0.00064516129032258
Q164,566,Q221,-0.00048354446911322844,0.0018328344190463345
Q164,566,Q222,0.0,0.0
Q164,566,Q223,0.0005668016194332038,0.0011336032388664075
Q164,566,Q224,-0.00024128248661355435,0.0009412046593579977
Q164,566,Q225,-0.0004032258064516125,0.0006246747332592603
Q164,566,Q226,0.0,0.0
Q164,566,Q227,-0.0011316442470941678,0.0012115265614862172
Q164,566,Q228,-0.00040485829959514553,0.0008097165991902911
Q164,566,Q229,0.0,0.0
Q164,566,Q230,-0.0006464672848374064,0.0007917601844003994
Q164,566,Q231,-0.0014532453963693405,0.0018348579220049698
Q164,566,Q232,1.6324931435329758e-06,0.0012776947224060473
Q164,566,Q233,-0.0008093901005615843,0.0014257460530816821
Q164,566,Q234,0.000324213138304823,0.001066383508535339
Q164,566,Q234A,0.00024291497975708292,0.003031906313489073
Q164,566,Q235,0.000565495624918373,0.0008705175970163958
Q164,566,Q236,8.06451612903225e-05,0.000161290322580645
Q164,566,Q237,-0.00040355230508031914,0.0006246750745611242
Q164,566,Q238,0.0,0.0
Q164,566,Q239,7.933916677549612e-05,0.001153764849681931
Q164,566,Q240,-0.00040485829959514553,0.0014930436368085788
Q164,566,Q241,-0.00024291497975708728,0.0014393837113061817
Q164,566,Q242,-0.0004028993078229059,0.0010203478639285828
Q164,566,Q243,-0.0012916285751599864,0.0012073380704883236
Q164,566,Q244,0.0008916677549954245,0.0014333849076216272
Q164,566,Q245,0.0,0.0
Q164,566,Q246,8.09716599190291e-05,0.001156506628104116
Q164,566,Q247,-0.0007284184406425554,0.0007851843326486288
Q164,566,Q248,-0.00016259631709547142,0.0007925579191839949
Q164,566,Q249,-0.0009700274258848164,0.0011037104445246815
Q164,566,Q250,-0.001054590570719611,0.0031086386924954047
Q164,566,Q251,-0.001210330416612251,0.001420277141019771
Q164,566,Q252,-0.0002445474729006203,0.0017248024860792514
Q164,566,Q253,-0.00040387880370902575,0.0005105624329059281
Q164,566,Q254,0.0,0.0
Q164,566,Q255,-0.00048387096774193505,0.0009677419354838702
Q164,566,Q256,0.0,0.0
Q164,566,Q257,-0.00048582995951417467,0.0009716599190283492
Q164,566,Q258,-0.00032258064516129,0.00064516129032258
Q164,566,Q259,-0.0006477732793522329,0.0012955465587044658
Q164,392,Q260,-0.0013603212851405631,0.005148057026385483
Q164,392,Q262,0.003213493975903617,0.010263916402134287
Q164,392,Q263,0.0,0.0
Q164,392,Q264,0.0,0.0
Q164,392,Q265,0.0,0.0
Q164,392,Q266,0.0,0.0
Q164,392,Q267,0.0,0.0
Q164,392,Q268,0.0,0.0
Q164,392,Q269,0.0,0.0
Q164,392,Q270,-0.0005648192771084315,0.0033049023118174887
Q164,392,Q271,0.0006422489959839351,0.0010955071403611857
Q164,392,Q272,0.0,0.0
Q164,392,Q273,0.0009616064257028179,0.0016158661083981165
Q164,392,Q274,-0.0004816064257028107,0.002944635786449669
Q164,392,Q275,-0.0018448192771084323,0.00255885524638122
Q164,392,Q276,0.0008793574297188812,0.0029053606885050933
Q164,392,Q277,-7.678714859437705e-05,0.0026751398553333267
Q164,392,Q278,-0.0012022489959839333,0.0024735879639757197
Q164,392,Q279,0.0011216064257028135,0.0045661595774657724
Q164,392,Q280,-0.002490923694779109,0.005743335049601052
Q164,392,Q281,-0.0014435341365461808,0.0019593309235813425
Q164,392,Q282,-0.0044893172690763025,0.003815880445176171
Q164,392,Q283,-0.002889959839357422,0.0038724869975092584
Q164,392,Q284,-7.967871485943688e-05,0.0008939014102766888
Q164,392,Q285,0.000885783132530118,0.002760794744191337
Q164,392,Q286,-0.00272610441767068,0.001932881953103909
Q164,392,Q287,-0.0009567871485943756,0.004391145614794126
Q164,392,Q288,-0.0006393574297188763,0.006305423678727838
Q164,392,Q289CS9,-0.002489638554216863,0.0034211663763293034
Q164,392,Q1,0.0,0.0
Q164,392,Q2,-0.00048064257028112455,0.0022048931948604475
Q164,392,Q3,-0.0008000000000000007,0.006131206491157265
Q164,392,Q4,0.0006470682730923726,0.004484544257894317
Q164,392,Q5,-0.00136289156626506,0.003930438270840422
Q164,392,Q6,0.011388273092369484,0.005897404391082475
Q164,392,Q7,-8.032128514056213e-05,0.00016064257028112426
Q164,392,Q8,0.0011254618473895606,0.002005306706269613
Q164,392,Q9,0.0001609638554216864,0.0012073442457476125
Q164,392,Q10,0.0017654618473895635,0.0012848433391235855
Q164,392,Q11,-0.0008032128514056213,0.0010159928225440562
Q164,392,Q12,-0.00048449799196786936,0.00224477529367526
Q164,392,Q13,-0.0019257831325301192,0.005069612221334922
Q164,392,Q14,-0.00016064257028112426,0.0014502385610656837
Q164,392,Q15,-0.0007228915662650592,0.0014457831325301184
Q164,392,Q16,-0.00015871485943775183,0.0012039040807826972
Q164,392,Q17,-0.001040000000000001,0.002080000000000002
Q164,392,Q18,0.0,0.0
Q164,392,Q19,-0.0003200000000000003,0.0006885601560258302
Q164,392,Q20,0.0014493172690763089,0.0031000101132439067
Q164,392,Q21,0.0016861044176706842,0.0015537057075854005
Q164,392,Q22,2.2551405187698493e-18,0.0020790649165533747
Q164,392,Q23,0.0008848192771084373,0.001871691086193646
Q164,392,Q24,0.0009648192771084319,0.0032182209908622884
Q164,392,Q25,-0.001285140562248994,0.0019243612129656099
Q164,392,Q26,-0.00016000000000000015,0.0003200000000000003
Q164,392,Q27,0.00024000000000001,0.005976093929689631
Q164,392,Q28,0.00016032128514056437,0.0037208579066601586
Q164,392,Q29,-0.0014432128514056198,0.0032573188763889253
Q164,392,Q30,0.00023935742971887834,0.0011780742359891938
Q164,392,Q31,-0.0003999999999999983,0.002487628912861217
Q164,392,Q32,0.0014473895582329335,0.002519940763188015
Q164,392,Q33,-0.0015212851405622483,0.0036343001985608076
Q164,392,Q34,-0.0013644979919678701,0.0038150907389594775
Q164,392,Q35,-0.0020886746987951775,0.002305307729637618
Q164,392,Q36,0.00184803212851406,0.0023216495538084937
Q164,392,Q37,0.0012096385542168687,0.004613557292213248
Q164,392,Q38,-0.0003980722891566247,0.0027186206971892115
Q164,392,Q39,-0.0013638554216867456,0.004673623304704547
Q164,392,Q40,0.0010502811244979915,0.006074544907292427
Q164,392,Q41,0.0015257831325301205,0.0012024395883090489
Q164,392,Q42,-0.0006444979919678695,0.0027169240788766655
Q164,392,Q43,0.0003228915662650611,0.0034198777200276607
Q164,392,Q44,-0.00048192771084337293,0.003206821651032466
Q164,392,Q45,-0.0003209638554216865,0.00046829488744941876
Q164,392,Q46,-0.0010438554216867456,0.0015156353317548256
Q164,392,Q47,-0.0024841767068273088,0.003711786190839177
Q164,392,Q48,0.003932851405622495,0.005619214871722226
Q164,392,Q49,0.0020051405622490003,0.005235423179654777
Q164,392,Q50,-0.0019222489959839363,0.005784093235686986
Q164,392,Q51,0.00040096385542169095,0.001795895307136329
Q164,392,Q52,-0.0034489959839357374,0.0021283994816476996
Q164,392,Q53,0.0008051405622489938,0.002283276184140316
Q164,392,Q54,0.0004822489959839362,0.0027753439864269176
Q164,392,Q55,-8.032128514056213e-05,0.00016064257028112426
Q164,392,Q56,-0.005295742971887548,0.0032042399613291376
Q164,392,Q57,0.0003200000000000014,0.0015522782426020652
Q164,392,Q58,0.00040160642570281625,0.0011071525102080565
Q164,392,Q59,-0.0016054618473895564,0.001077983993167041
Q164,392,Q60,-0.001687068273092367,0.0022629972433217565
Q164,392,Q61,0.0011241767068273113,0.0030522849958792165
Q164,392,Q62,-0.0018480321285140558,0.0027771567898637844
Q164,392,Q63,-0.0008764658634538168,0.004890113260104517
Q164,392,Q64,-0.0014444979919678658,0.004915988796698032
Q164,392,Q65,-0.0008022489959839351,0.0022858153251693377
Q164,392,Q66,0.0018461044176706863,0.0012853840733150512
Q164,392,Q67,0.0004812851405622487,0.00039296942290620556
Q164,392,Q68,-0.0008854618473895558,0.0021129754930969908
Q164,392,Q69,0.0006409638554216958,0.00243006283867577
Q164,392,Q70,0.0010451405622489951,0.0024167613281357112
Q164,392,Q71,-0.0012016064257028114,0.0027558587597899887
Q164,392,Q72,0.002730923694779123,0.0028669186020200414
Q164,392,Q73,-0.0005590361445783143,0.0024659633955388723
Q164,392,Q74,-0.00048192771084336843,0.0018210094857437186
Q164,392,Q75,0.00023839357429718977,0.0041141720289367715
Q164,392,Q76,0.0020877108433735004,0.0017119107027592638
Q164,392,Q77,-0.001845783132530119,0.0033753309207924533
Q164,392,Q78,0.0032909236947791165,0.0029008542664035438
Q164,392,Q79,-0.0011196787148594388,0.0027435267891740083
Q164,392,Q80,0.0022461044176706906,0.0032076073508173477
Q164,392,Q81,-0.0020064257028112433,0.002449472096142644
Q164,392,Q82,0.0012025702811245009,0.0011327384125868656
Q164,392,Q82_APEC,-0.0008019277108433732,0.0016057850610111967
Q164,392,Q83,0.002571887550200808,0.002692526665337023
Q164,392,Q84,0.0032922088353413647,0.00444651015557912
Q164,392,Q85,8.096385542168648e-05,0.0026197846474176386
Q164,392,Q86,-0.0016841767068273082,0.0013976552078387246
Q164,392,Q87,0.0013670682730923677,0.003922049450939462
Q164,392,Q88,0.0037702811244979912,0.005815757151173999
Q164,392,Q89,-0.0009580722891566276,0.00496096193074833
Q164,392,Q90,-0.0037734939759036085,0.004962322582112629
Q164,392,Q91,-0.00031999999999999916,0.001027010654600599
Q164,392,Q92,-0.00023935742971887292,0.00298933508594476
Q164,392,Q93,0.0009625702811245007,0.0005432535568455712
Q164,392,Q94,0.00024385542168674497,0.0023314616690604533
Q164,392,Q95,0.003212530120481927,0.0031727213297292178
Q164,392,Q96,-8.032128514056213e-05,0.00016064257028112426
Q164,392,Q97,1.0408340855860842e-18,0.0016655776187411793
Q164,392,Q98,0.0,0.0
Q164,392,Q99,0.0,0.0
Q164,392,Q100,0.0,0.0
Q164,392,Q101,0.0,0.0
Q164,392,Q102,0.0,0.0
Q164,392,Q103,0.0,0.0
Q164,392,Q104,0.0,0.0
Q164,392,Q105,-0.0001603212851405622,0.0001963533288845291
Q164,392,Q106,0.0028851405622489995,0.0032565161354376057
Q164,392,Q107,0.0006444979919678793,0.007004171871079361
Q164,392,Q108,-0.0012077108433734874,0.0032185543601873663
Q164,392,Q109,-0.00015550200803212338,0.005064721917328676
Q164,392,Q110,-0.0016902811244979838,0.005660981122779274
Q164,392,Q111,0.002888353413654624,0.0028202796876359007
Q164,392,Q112,0.003121606425702815,0.0054997749896422655
Q164,392,Q113,0.003132530120481929,0.003009637589589584
Q164,392,Q114,-0.0015199999999999968,0.0035033996571782757
Q164,392,Q115,-0.0004816064257028097,0.0027986038956554675
Q164,392,Q116,0.0010422489959839355,0.0010005927309010626
Q164,392,Q117,-6.425702811219819e-07,0.0025397791748107334
Q164,392,Q118,0.0011273895582329307,0.004738109776768102
Q164,392,Q119,0.0012032128514056217,0.0017772644861485676
Q164,392,Q120,-0.0024099598393574236,0.004578820562325176
Q164,392,Q121,-0.0008816064257028111,0.005145009562166418
Q164,392,Q122,-0.0015235341365461817,0.0017646206049063385
Q164,392,Q123,0.00023775100401606674,0.005194400797819967
Q164,392,Q124,0.00048128514056225424,0.003640190644183511
Q164,392,Q125,-0.00136449799196787,0.0034510576233055656
Q164,392,Q126,-0.0003999999999999993,0.0033975064313121186
Q164,392,Q127,-0.00023935742971887614,0.002040099926364653
Q164,392,Q128,-0.0003187148594377519,0.0019205020767924413
Q164,392,Q129,0.0016048192771084338,0.0013435559153610404
Q164,392,Q130,0.002327068273092369,0.0016532671520147675
Q164,392,Q131,0.00023935742971887595,0.003021534299235954
Q164,392,Q132,-0.000158072289156621,0.0033442720752979316
Q164,392,Q133,-0.0030444979919678696,0.004032330803418573
Q164,392,Q134,-0.00024160642570281044,0.002846358173019572
Q164,392,Q135,-8.257028112449656e-05,0.002019225247183014
Q164,392,Q136,-0.0017702811244979845,0.0036102129469015335
Q164,392,Q137,0.001922248995983943,0.0028005793039999694
Q164,392,Q138,0.0006390361445783142,0.00395281254068832
Q164,392,Q139,0.0001606425702811254,0.00019674616407897122
Q164,392,Q140,-0.000240963855421683,0.00216420780486867
Q164,392,Q142,8.128514056224829e-05,0.0023190697951468928
Q164,392,Q143,0.0006467469879518038,0.003696890278638877
Q164,392,Q144,0.0,0.0
Q164,392,Q145,-0.0008032128514056213,0.0016064257028112427
Q164,392,Q146,0.0022477108433734917,0.002766432302572167
Q164,392,Q147,0.00023742971887550363,0.0028414121431730895
Q164,392,Q148,0.0003219277108433748,0.00899948879516033
Q164,392,Q149,-0.001124176706827308,0.0018562248370374583
Q164,392,Q150,-0.0008032128514056201,0.0012443319987814976
Q164,392,Q151,0.002726425702811244,0.003574054000120065
Q164,392,Q152,-0.002328674698795172,0.004402532848890138
Q164,392,Q153,0.0023280321285140577,0.004808749561707298
Q164,392,Q154,0.0009648192771084385,0.003228228838619261
Q164,392,Q155,0.0020006425702811304,0.00722600291876254
Q164,392,Q156,0.003294457831325307,0.005131800404411644
Q164,392,Q157,-0.0023270682730923663,0.006402401091501201
Q164,392,Q158,0.00015775100401606567,0.004198974610260992
Q164,392,Q159,-0.0004009638554216863,0.004912039150625766
Q164,392,Q160,0.002493172690763057,0.0060361466624979385
Q164,392,Q161,0.0019315662650602437,0.006587298009273819
Q164,392,Q162,-0.0023299598393574246,0.007367426371917352
Q164,392,Q163,0.004573493975903618,0.004496452978254643
Q164,392,Q165,0.0628356626506024,0.012172540020982071
Q164,392,Q166,0.00031389558232932345,0.004835054399148485
Q164,392,Q167,-0.004088674698795173,0.005218281009667818
Q164,392,Q168,-0.0006451405622489913,0.0032950646891410315
Q164,392,Q169,-0.002408353413654617,0.0039022598538829166
Q164,392,Q170,-0.0027151807228915623,0.009381251599658951
Q164,392,Q171,-0.0022515662650602337,0.004530613274629344
Q164,392,Q172,0.0033689959839357463,0.003820859594705213
Q164,392,Q173,0.008415742971887557,0.008024816231364343
Q164,392,Q174,-0.00023710843373493732,0.00535842142998166
Q164,392,Q175,0.0011996787148594412,0.0032938547476663582
Q164,392,Q176,-0.0025709236947791115,0.004020341702803361
Q164,392,Q177,0.0017622489959839358,0.003876826791487336
Q164,392,Q178,-0.00032128514056224857,0.00192436121296561
Q164,392,Q179,-8.032128514056213e-05,0.00016064257028112426
Q164,392,Q180,8.032128514056213e-05,0.00016064257028112426
Q164,392,Q181,0.0002403212851405657,0.0018593783435304188
Q164,392,Q182,-0.00015935742971887146,0.0033939188760683803
Q164,392,Q183,-0.0005596787148594374,0.001785034797034885
Q164,392,Q184,0.00015261044176707249,0.008632741010324178
Q164,392,Q185,0.0027299598393574266,0.00534873217034347
Q164,392,Q186,-0.0006374297188755003,0.004994666844298432
Q164,392,Q187,7.903614457831498e-05,0.0033633362314758135
Q164,392,Q188,-0.0017683534136546139,0.005602176168790482
Q164,392,Q189,0.00031839357429719117,0.002171726521441898
Q164,392,Q190,0.001285140562248994,0.0019575996155749274
Q164,392,Q191,-0.00015967871485943804,0.0011519555840895231
Q164,392,Q192,0.0008806425702811248,0.0014177496001789608
Q164,392,Q193,0.002241927710843381,0.004566036506909392
Q164,392,Q194,-0.0027222489959839325,0.004190763076070461
Q164,392,Q195,0.00489863453815261,0.006135570779730591
Q164,392,Q196,-0.0022483534136546156,0.0043449941969325835
Q164,392,Q197,0.0016032128514056276,0.0016609354209228772
Q164,392,Q198,0.0003206425702811289,0.002570160961046533
Q164,392,Q199,-0.0005635341365461833,0.0014704215297559244
Q164,392,Q200,-0.0009654618473895558,0.0018742961131000453
Q164,392,Q201,-3.5341365461827397e-06,0.0031776868232848664
Q164,392,Q202,-0.00039967871485943835,0.001074031957650282
Q164,392,Q203,-0.0004812851405622463,0.003477026938867095
Q164,392,Q204,0.000564497991967875,0.0029442447572663637
Q164,392,Q205,0.0013648192771084356,0.003288381524022333
Q164,392,Q206,-0.0010406425702811208,0.005280665910121109
Q164,392,Q207,0.004251566265060241,0.005081022220007785
Q164,392,Q208,0.008344417670682735,0.0040047923550500806
Q164,392,Q209,-0.002247068273092364,0.0022228925515973153
Q164,392,Q210,0.0001587148594377542,0.004768580945062079
Q164,392,Q211,-0.00023903614457831393,0.0026575378463380844
Q164,392,Q212,-0.0023289959839357397,0.003675690224630124
Q164,392,Q213,0.0015289959839357406,0.006598772282933066
Q164,392,Q214,-0.004576064257028107,0.004491701809492791
Q164,392,Q215,0.001365461847389563,0.0017151932934990073
Q164,392,Q216,0.0006444979919678739,0.002006711700800951
Q164,392,Q217,0.0012803212851405644,0.0038327095408861316
Q164,392,Q218,0.00048128514056224964,0.0027047365467084182
Q164,392,Q219,0.0011251405622489962,0.0030412148819606135
Q164,392,Q220,0.0022451405622490026,0.00394551464265315
Q164,392,Q221,0.00048257028112449915,0.003246554407478393
Q164,392,Q222,-0.0006377510040160616,0.003149961181902533
Q164,392,Q223,0.0015289959839357473,0.007215246864769025
Q164,392,Q224,0.0014438554216867471,0.0027302459636242876
Q164,392,Q225,0.002651887550200803,0.003421257796896331
Q164,392,Q226,-0.000724497991967864,0.002954078409372678
Q164,392,Q227,-0.0009612851405622448,0.0034865471467160915
Q164,392,Q228,-0.0006416064257028065,0.002363456478077341
Q164,392,Q229,0.00016449799196787467,0.0038015455996192843
Q164,392,Q230,0.00128449799196788,0.003286403323649837
Q164,392,Q231,-0.003293172690763048,0.0033350264244219542
Q164,392,Q232,-0.00016032128514056106,0.0007447652902052792
Q164,392,Q233,0.0007164658634538179,0.003909811796006176
Q164,392,Q234,-8.192771084337032e-05,0.004137101066226641
Q164,392,Q234A,0.0023261044176706826,0.004615732659509724
Q164,392,Q235,-0.002807389558232929,0.002791218647884419
Q164,392,Q236,-0.00023421686746988093,0.005593091370565895
Q164,392,Q237,0.001847068273092376,0.0033946022197386154
Q164,392,Q238,8.00000000000056e-05,0.0006908007087895989
Q164,392,Q239,0.00039839357429719105,0.0023642395298230988
Q164,392,Q240,-3.2128514055405207e-07,0.004457621518272693
Q164,392,Q241,-0.00024160642570280835,0.005823039604505644
Q164,392,Q242,1.6064257028181386e-06,0.0022561584169571215
Q164,392,Q243,0.0016054618473895575,0.002488820280754903
Q164,392,Q244,-0.0009644979919678677,0.002056677058719354
Q164,392,Q245,-0.0008819277108433733,0.003392033204414517
Q164,392,Q246,0.0022515662650602394,0.00855399139774881
Q164,392,Q247,0.0012057831325301238,0.002699178324304102
Q164,392,Q248,-0.0009683534136546122,0.004345395292052216
Q164,392,Q249,-0.0007177510040160571,0.005532806471042428
Q164,392,Q250,0.001519036144578315,0.005458311503710718
Q164,392,Q251,0.0028934939759036197,0.004048730046580145
Q164,392,Q252,-0.0011232128514056215,0.004644632762639282
Q164,392,Q253,0.00031614457831325544,0.0037366998348860995
Q164,392,Q254,0.0019296385542168725,0.004833586723494104
Q164,392,Q255,-0.0020048192771084327,0.0018802840576919969
Q164,392,Q256,0.003131244979919675,0.004091349786059105
Q164,392,Q257,-0.0023289959839357414,0.002878363504088726
Q164,392,Q258,-0.0025673895582329297,0.003197825489781917
Q164,392,Q259,0.002890602409638552,0.008414399168060768
Q164,76,Q260,0.00034383954154727726,0.0006876790830945545
Q164,76,Q262,-0.0006303724928366928,0.0024741585266387475
Q164,76,Q263,0.0,0.0
Q164,76,Q264,0.0,0.0
Q164,76,Q265,0.0,0.0
Q164,76,Q266,0.0,0.0
Q164,76,Q267,0.0,0.0
Q164,76,Q268,0.0,0.0
Q164,76,Q269,0.0,0.0
Q164,76,Q270,-0.00011461318051577019,0.000738343766574524
Q164,76,Q271,0.0,0.0
Q164,76,Q272,0.0,0.0
Q164,76,Q273,5.730659025786405e-05,0.0015839856688923098
Q164,76,Q274,0.0001146131805157546,0.0008422314301833296
Q164,76,Q275,-0.0004584527220630452,0.0012890798715417778
Q164,76,Q276,-5.7306590257888394e-05,0.0016450086068088635
Q164,76,Q277,0.0002292263610315137,0.0005556080065806734
Q164,76,Q278,-0.0001719197707736542,0.0015440909553361192
Q164,76,Q279,0.0002865329512893866,0.0012423772715575371
Q164,76,Q280,0.0005157593123209158,0.000421115715091663
Q164,76,Q281,0.00017191977077362294,0.0026732157684104738
Q164,76,Q282,0.00011461318051575906,0.0007383437665745042
Q164,76,Q283,0.0008022922636103135,0.001674686440825493
Q164,76,Q284,0.00017191977077361638,0.0017532445318944024
Q164,76,Q285,-0.00040114613180517014,0.0006683039421026381
Q164,76,Q286,0.0012034383954154701,0.0014766875331490084
Q164,76,Q287,-0.0006303724928366838,0.0008185018256209609
Q164,76,Q288,-0.000171919770773652,0.0015963768799064967
Q164,76,Q289CS9,0.0021203438395415433,0.001990115226840722
Q164,76,Q290,0.00040114613180515675,0.0008022922636103135
Q164,76,Q1,0.0,0.0
Q164,76,Q2,-0.00034383954154729054,0.0006876790830945811
Q164,76,Q3,0.00011461318051575243,0.0007383437665745131
Q164,76,Q4,0.00034383954154727726,0.0013366078842052237
Q164,76,Q5,0.0,0.0
Q164,76,Q6,0.0010315186246418317,0.0019229755570845254
Q164,76,Q7,0.0,0.0
Q164,76,Q8,0.0,0.0
Q164,76,Q9,0.0,0.0
Q164,76,Q10,0.0,0.0
Q164,76,Q11,0.00011461318051575909,0.00014037190503055435
Q164,76,Q12,-0.0003438395415472883,0.0012992302634675867
Q164,76,Q13,0.0,0.0
Q164,76,Q14,0.00011461318051575909,0.0002292263610315182
Q164,76,Q15,0.00022922636103151595,0.0006118669485404769
Q164,76,Q16,0.0005730659025787777,0.0018745475339594648
Q164,76,Q17,0.0002865329512893888,0.0009589226665147111
Q164,76,Q18,-0.00034383954154729054,0.0006876790830945811
Q164,76,Q19,0.0,0.0
Q164,76,Q20,0.0,0.0
Q164,76,Q21,0.0,0.0
Q164,76,Q22,0.0,0.0
Q164,76,Q23,0.0,0.0
Q164,76,Q24,-0.00011461318051576798,0.0005614876201222337
Q164,76,Q25,0.0,0.0
Q164,76,Q26,0.0,0.0
Q164,76,Q27,-0.00011461318051577238,0.000916905444126096
Q164,76,Q28,5.730659025786622e-05,0.0015419626414984364
Q164,76,Q29,0.0,0.0
Q164,76,Q30,0.00034383954154727504,0.0009133167593415027
Q164,76,Q31,0.00017191977077363863,0.00034383954154727726
Q164,76,Q32,-0.0010315186246418473,0.0012370792633193883
Q164,76,Q33,0.0002865329512893977,0.0005730659025787954
Q164,76,Q34,0.0026361031518624587,0.0023376593758591517
Q164,76,Q35,-0.0005730659025788088,0.0011023142728751637
Q164,76,Q36,0.0014326647564469731,0.002950037289681101
Q164,76,Q37,0.00040114613180515675,0.0008022922636103135
Q164,76,Q38,0.0,0.0
Q164,76,Q39,0.0005157593123209158,0.0006876790830945545
Q164,76,Q40,0.0002292263610315137,0.000876622265947183
Q164,76,Q41,0.00034383954154727726,0.0004584527220630363
Q164,76,Q42,0.0,0.00018121935015291536
Q164,76,Q43,0.00034383954154726826,0.002085204057153038
Q164,76,Q44,0.00022922636103151818,0.00045845272206303635
Q164,76,Q45,0.00040114613180515675,0.0008022922636103135
Q164,76,Q46,-0.000744985673352454,0.0016961201818852776
Q164,76,Q47,-0.00011461318051576349,0.0013872456661215122
Q164,76,Q48,0.00022922636103149584,0.00408608446303174
Q164,76,Q49,-2.0036056147532123e-17,0.0029722183334991536
Q164,76,Q50,-0.0002865329512894177,0.0016509868528238668
Q164,76,Q51,-0.00011461318051578135,0.002822604093071608
Q164,76,Q52,-0.0002865329512894132,0.0014037190503055719
Q164,76,Q53,0.0002865329512893866,0.001056681313156788
Q164,76,Q54,0.0,0.0
Q164,76,Q55,0.0,0.0
Q164,76,Q56,0.0,0.0
Q164,76,Q57,0.0,0.0
Q164,76,Q58,0.00011461318051575013,0.0015440909553360968
Q164,76,Q59,0.00011461318051575017,0.0007383437665745194
Q164,76,Q60,0.0005157593123209158,0.0007773444106733817
Q164,76,Q61,0.00040114613180515675,0.0005614876201222173
Q164,76,Q62,-5.730659025787958e-05,0.0011660166160100723
Q164,76,Q63,-0.00022922636103152034,0.0010154753665713074
Q164,76,Q64,0.0009169054441260681,0.0019967050303936187
Q164,76,Q65,-5.730659025789729e-05,0.0018248347653972393
Q164,76,Q66,-0.00045845272206305413,0.0009169054441261083
Q164,76,Q67,0.00045845272206303635,0.0009169054441260728
Q164,76,Q68,-0.00011461318051577467,0.0014565346735975976
Q164,76,Q69,0.00022922636103150928,0.0011229752402444457
Q164,76,Q70,0.0,0.0
Q164,76,Q71,-0.0005730659025788177,0.0011461318051576353
Q164,76,Q72,-0.0010315186246418538,0.0020946323074495597
Q164,76,Q73,0.0,0.0
Q164,76,Q74,-0.000343839541547295,0.0011375033376091563
Q164,76,Q75,0.00011461318051575243,0.0007383437665745131
Q164,76,Q76,0.0007449856733524208,0.0015546888213467842
Q164,76,Q77,-0.0006303724928366904,0.0016249222783676774
Q164,76,Q78,0.0,0.0
Q164,76,Q79,0.0,0.0
Q164,76,Q80,-0.00011461318051577242,0.0010963396257713098
Q164,76,Q81,0.00017191977077363863,0.00034383954154727726
Q164,76,Q82,0.0,0.0
Q164,76,Q82_MERCOSUR,0.0,0.0
Q164,76,Q83,0.00034383954154727726,0.0006876790830945545
Q164,76,Q84,0.0008022922636103135,0.0009991745429319574
Q164,76,Q85,0.00022922636103151818,0.0004584527220630364
Q164,76,Q86,5.730659025786171e-05,0.0015419626414984436
Q164,76,Q87,0.000515759312320907,0.0011229752402444478
Q164,76,Q88,-0.0013753581661891312,0.0022224320263227117
Q164,76,Q89,-0.00011461318051576353,0.00022922636103152707
Q164,76,Q90,0.0008595988538681775,0.002581978298239288
Q164,76,Q91,0.0006876790830945545,0.001002455913153918
Q164,76,Q92,0.0009169054441260704,0.000982603335213881
Q164,76,Q93,0.0004011461318051435,0.0017903151119556921
Q164,76,Q94,-5.730659025789289e-05,0.0011800149158724552
Q164,76,Q95,0.00011461318051575909,0.00022922636103151818
Q164,76,Q96,-0.0004011461318051635,0.0004995872714659887
Q164,76,Q97,5.7306590257879544e-05,0.00011461318051575909
Q164,76,Q98,0.0006876790830945545,0.001111216013161334
Q164,76,Q99,0.0,0.0
Q164,76,Q100,0.0,0.0
Q164,76,Q101,0.0005730659025787954,0.0011461318051575909
Q164,76,Q102,0.0,0.0
Q164,76,Q103,0.0,0.0
Q164,76,Q104,0.0,0.0
Q164,76,Q105,0.0,0.0
Q164,76,Q106,-0.0006876790830945745,0.002953375066298051
Q164,76,Q107,5.7306590257864006e-05,0.0016249222783676837
Q164,76,Q108,0.0005730659025787775,0.0018212319291771824
Q164,76,Q109,-5.730659025788842e-05,0.0015096779223288865
Q164,76,Q110,0.0003438395415472662,0.0009485928571488355
Q164,76,Q111,0.0005157593123209158,0.0010315186246418315
Q164,76,Q112,-0.0015472779369627699,0.0033346330145504234
Q164,76,Q113,0.000630372492836675,0.0006381391819862477
Q164,76,Q114,0.0002865329512893977,0.0003624387003058307
Q164,76,Q115,0.00022922636103151818,0.0003341519710513059
Q164,76,Q116,-1.9981846038907848e-17,0.002362811246772325
Q164,76,Q117,0.0003438395415472616,0.0019127013487998659
Q164,76,Q118,0.0007449856733524252,0.001467764868179458
Q164,76,Q119,0.00011461318051575909,0.0002292263610315182
Q164,76,Q120,0.0008595988538681841,0.0018121935015291632
Q164,76,Q121,-0.00011461318051577463,0.0012762783639725219
Q164,76,Q122,0.00045845272206303635,0.0005614876201222174
Q164,76,Q123,-1.769417945496343e-17,0.001620875143121048
Q164,76,Q124,-0.0002865329512894132,0.001756986787020757
Q164,76,Q125,0.0002865329512893977,0.0005730659025787954
Q164,76,Q126,0.00040114613180515675,0.0005314394553292655
Q164,76,Q127,0.00011461318051575911,0.0012762783639724956
Q164,76,Q128,-0.00040114613180517453,0.002317908127926295
Q164,76,Q129,0.0002865329512893977,0.0003624387003058307
Q164,76,Q130,0.001375358166189109,0.002004911826307836
Q164,76,Q131,-0.00034383954154729054,0.0006876790830945811
Q164,76,Q132,-0.00028653295128941333,0.0019263881162145376
Q164,76,Q133,0.000573065902578791,0.001025131451002772
Q164,76,Q134,-5.730659025789956e-05,0.0017513704057233734
Q164,76,Q135,-0.00017191977077365853,0.0027992377631678974
Q164,76,Q136,-0.000744985673352454,0.003224482497796048
Q164,76,Q137,0.00034383954154726837,0.0013366078842052338
Q164,76,Q138,0.00017191977077361865,0.0020550625876265215
Q164,76,Q139,0.0,0.0
Q164,76,Q140,0.000630372492836675,0.00126074498567335
Q164,76,Q141,0.0,0.0
Q164,76,Q142,-0.00011461318051576353,0.00022922636103152707
Q164,76,Q143,0.000458452722063023,0.0021941764721004862
Q164,76,Q144,-0.0004011461318051791,0.0024953055652810942
Q164,76,Q145,-0.00011461318051577901,0.0014789097880302852
Q164,76,Q146,0.0003438395415472706,0.0010473161537247657
Q164,76,Q147,0.0002292263610314981,0.0021086956438939103
Q164,76,Q148,0.0009169054441260594,0.0015943183659878188
Q164,76,Q149,0.00034383954154727726,0.0006876790830945545
Q164,76,Q150,0.0008595988538681931,0.0017191977077363862
Q164,76,Q151,0.0002865329512893977,0.0005730659025787954
Q164,76,Q152,-0.0009169054441260927,0.0022735626847997215
Q164,76,Q153,0.000687679083094539,0.0017811198014808308
Q164,76,Q154,5.7306590257875085e-05,0.0004584527220630425
Q164,76,Q155,-0.0007449856733524562,0.0029254439009972167
Q164,76,Q156,0.0002865329512893866,0.0010566813131567877
Q164,76,Q157,-5.7306590257879544e-05,0.0007111560828648042
Q164,76,Q158,-5.730659025789506e-05,0.0012075247854272744
Q164,76,Q159,-0.0005730659025788131,0.002362811246772326
Q164,76,Q160,0.002349570200573059,0.0030507350496747593
Q164,76,Q161,0.0016618911174785065,0.0006381391819862478
Q164,76,Q162,0.0006876790830945346,0.0028858861460204673
Q164,76,Q163,0.00034383954154727726,0.0006876790830945545
Q164,76,Q165,0.010143266475644678,0.003685486576690773
Q164,76,Q166,0.0008595988538681908,0.0011744356178750254
Q164,76,Q167,0.0006876790830945412,0.0016066298875502959
Q164,76,Q168,0.00040114613180514786,0.0010812585824706816
Q164,76,Q169,0.0034383954154727724,0.0010410259097183333
Q164,76,Q170,0.00126074498567335,0.001888510837052613
Q164,76,Q171,0.002979942693409736,0.0008988187473557644
Q164,76,Q172,0.007220630372492823,0.0035760414353748224
Q164,76,Q173,0.001088825214899709,0.002185177761024366
Q164,76,Q174,0.0005157593123209158,0.0010315186246418315
Q164,76,Q175,0.0008595988538681931,0.0008690974720975971
Q164,76,Q176,-0.000573065902578802,0.0007899168339306726
Q164,76,Q177,-5.7306590257892846e-05,0.0013609561131275741
Q164,76,Q178,0.0012034383954154639,0.0012075247854272568
Q164,76,Q179,-0.00040114613180517887,0.002553842974803153
Q164,76,Q180,0.00085959885386818,0.0017663077372404125
Q164,76,Q181,-0.0038968481375358313,0.004615226725891351
Q164,76,Q182,0.0012607449856733457,0.001799463434740125
Q164,76,Q183,-0.0005157593123209204,0.0005252235753531019
Q164,76,Q184,0.00017191977077361857,0.0016668240197420339
Q164,76,Q185,-0.000859598853868213,0.0024913541683993577
Q164,76,Q186,0.00045845272206302524,0.001210241380054048
Q164,76,Q187,0.0009169054441260704,0.0011518482087244572
Q164,76,Q188,0.0006303724928366594,0.0019467378511705718
Q164,76,Q189,-0.0005157593123209381,0.0025266942905500184
Q164,76,Q190,-0.00017191977077364752,0.0013390626298622299
Q164,76,Q191,-0.0007449856733524518,0.003720958872377766
Q164,76,Q192,-0.0010888252148997335,0.0033581857476180344
Q164,76,Q193,-0.00028653295128940883,0.001242377271557532
Q164,76,Q194,0.00126074498567335,0.0012102413800540305
Q164,76,Q195,0.0018911174785100112,0.002022849581057075
Q164,76,Q196,0.0001719197707736364,0.0004995872714659809
Q164,76,Q197,-0.000401146131805168,0.0010504471507062185
Q164,76,Q198,-0.00040114613180515675,0.0017057737611618554
Q164,76,Q199,0.00034383954154726837,0.0011660166160100838
Q164,76,Q200,0.0002865329512893977,0.0005730659025787954
Q164,76,Q201,5.730659025786622e-05,0.0021472772487329803
Q164,76,Q202,0.0004584527220630342,0.0009346422023094608
Q164,76,Q203,0.002063037249283657,0.0019635348652162566
Q164,76,Q204,0.0009169054441260727,0.0011800149158724333
Q164,76,Q205,0.0,0.0
Q164,76,Q206,0.0005157593123209158,0.0007559258428809681
Q164,76,Q207,-0.00017191977077363863,0.00034383954154727726
Q164,76,Q208,-0.00022922636103153146,0.001122975240244459
Q164,76,Q209,0.0005157593123209092,0.0014987618143979422
Q164,76,Q210,0.001432664756446982,0.0017191977077363949
Q164,76,Q211,-0.00022922636103153818,0.0020130851656447635
Q164,76,Q212,5.730659025785954e-05,0.001723013911561392
Q164,76,Q213,-0.0005730659025788154,0.0025435347875269266
Q164,76,Q214,-0.0007449856733524474,0.0009169054441260869
Q164,76,Q215,-0.0002865329512893977,0.0005730659025787954
Q164,76,Q216,-0.00011461318051577694,0.0015860575934783074
Q164,76,Q217,0.00011461318051574579,0.0015860575934783057
Q164,76,Q218,0.0005157593123209137,0.0011938490920343635
Q164,76,Q219,0.00034383954154727726,0.0006876790830945545
Q164,76,Q220,0.000744985673352434,0.0009169054441260726
Q164,76,Q221,0.0,0.0
Q164,76,Q222,-0.00034383954154729054,0.0006876790830945811
Q164,76,Q223,-8.933825901280557e-18,0.0012423772715575302
Q164,76,Q224,0.00045845272206303635,0.0006432648802476677
Q164,76,Q225,0.00045845272206303185,0.0009169054441260777
Q164,76,Q226,-0.00045845272206304963,0.001715373013993795
Q164,76,Q227,-0.00040114613180517014,0.0008022922636103403
Q164,76,Q228,0.0005157593123209092,0.001093340058930603
Q164,76,Q229,-0.00045845272206303624,0.0010659641970050566
Q164,76,Q230,0.002292263610315175,0.0025628286275069254
Q164,76,Q231,-0.00040114613180517453,0.0014452172163803736
Q164,76,Q232,-0.00045845272206305413,0.0009169054441261083
Q164,76,Q233,0.00017191977077362302,0.0017625852721180428
Q164,76,Q234,0.0024068767908309273,0.005604924371951309
Q164,76,Q234A,-0.00040114613180517014,0.0015963768799064997
Q164,76,Q235,5.730659025787953e-05,0.00045845272206303635
Q164,76,Q236,0.0008022922636103047,0.0013488369393627403
Q164,76,Q237,-0.0005730659025788109,0.0013919722408585974
Q164,76,Q238,0.00034383954154726176,0.0013966828202812774
Q164,76,Q239,0.00045845272206302307,0.001586057593478304
Q164,76,Q240,0.0009742120343839457,0.0019058211058241743
Q164,76,Q241,0.0016045845272206229,0.0024420946421389693
Q164,76,Q242,-0.00011461318051577234,0.0017438537598513594
Q164,76,Q243,-0.0005730659025788154,0.0011461318051576308
Q164,76,Q244,0.0005730659025787732,0.004003266291478076
Q164,76,Q245,0.0015472779369627367,0.0028972434750176657
Q164,76,Q246,0.0006876790830945367,0.0021488061042123684
Q164,76,Q247,0.0002865329512893779,0.002424549662040856
Q164,76,Q248,-1.9949319973733282e-17,0.002778040032903368
Q164,76,Q249,-0.0025787965616046013,0.0039909421997662295
Q164,76,Q250,-0.0005730659025788176,0.004207256124464815
Q164,76,Q251,5.730659025785963e-05,0.003397077440751642
Q164,76,Q252,0.0010888252148996936,0.0018604794361889053
Q164,76,Q253,0.00022922636103150928,0.0009133167593415144
Q164,76,Q254,-0.00034383954154729504,0.001108256710934908
Q164,76,Q255,-0.0006303724928366972,0.0020049118263078796
Q164,76,Q256,-0.0008022922636103313,0.001221047321069517
Q164,76,Q257,-0.0005157593123209336,0.0011800149158724686
Q164,76,Q258,0.00017191977077363202,0.0006683039421026222
Q164,76,Q259,0.0006876790830945346,0.0026670661955805653
Q164,818,Q260,0.0,0.0
Q164,818,Q262,0.0,0.0
Q164,818,Q263,0.0,0.0
Q164,818,Q264,0.0,0.0
Q164,818,Q265,0.0,0.0
Q164,818,Q266,0.0,0.0
Q164,818,Q267,0.0,0.0
Q164,818,Q268,0.0,0.0
Q164,818,Q269,0.0,0.0
Q164,818,Q270,0.0,0.0
Q164,818,Q271,0.0,0.0
Q164,818,Q272,0.0,0.0
Q164,818,Q273,0.0,0.0
Q164,818,Q274,0.0,0.0
Q164,818,Q275,0.0,0.0
Q164,818,Q276,0.0,0.0
Q164,818,Q277,0.0,0.0
Q164,818,Q278,0.0,0.0
Q164,818,Q279,0.0,0.0
Q164,818,Q280,0.0002521008403361336,0.0005042016806722672
Q164,818,Q281,-3.1911498776526078e-06,0.002396687404222928
Q164,818,Q282,-0.0003375527426160296,0.0006751054852320592
Q164,818,Q283,0.0,0.0
Q164,818,Q284,-0.0007594936708860666,0.0015189873417721332
Q164,818,Q285,0.0,0.0
Q164,818,Q286,0.0,0.0
Q164,818,Q287,0.0,0.0
Q164,818,Q288,0.0,0.0
Q164,818,Q289CS9,0.0,0.0
Q164,818,Q290,0.0,0.0
Q164,818,Q1,0.0,0.0
Q164,818,Q2,-0.0005063291139240445,0.001012658227848089
Q164,818,Q3,0.0,0.0
Q164,818,Q4,0.0,0.0
Q164,818,Q5,-0.0005907172995780519,0.0011814345991561037
Q164,818,Q6,0.0,0.0
Q164,818,Q7,0.0,0.0
Q164,818,Q8,0.0,0.0
Q164,818,Q9,-0.00025316455696202224,0.0005063291139240445
Q164,818,Q10,-0.0006751054852320592,0.0013502109704641185
Q164,818,Q11,0.0,0.0
Q164,818,Q12,0.0,0.0
Q164,818,Q13,0.0,0.0
Q164,818,Q14,0.0,0.0
Q164,818,Q15,0.0,0.0
Q164,818,Q16,0.0,0.0
Q164,818,Q17,0.0,0.0
Q164,818,Q18,0.0,0.0
Q164,818,Q19,0.0,0.0
Q164,818,Q20,-0.0005063291139240445,0.001012658227848089
Q164,818,Q21,0.0,0.0
Q164,818,Q22,0.0,0.0
Q164,818,Q23,0.0,0.0
Q164,818,Q24,0.0,0.0
Q164,818,Q26,0.0,0.0
Q164,818,Q27,0.0,0.0
Q164,818,Q28,0.0,0.0
Q164,818,Q29,0.0,0.0
Q164,818,Q30,-8.403361344537786e-05,0.0001680672268907557
Q164,818,Q31,0.0,0.0
Q164,818,Q32,0.0,0.0
Q164,818,Q33,0.0,0.0
Q164,818,Q34,0.0,0.0
Q164,818,Q35,0.0,0.0
Q164,818,Q37,0.0,0.0
Q164,818,Q38,0.0,0.0
Q164,818,Q39,-0.0006751054852320592,0.0013502109704641185
Q164,818,Q40,-0.0005042016806722672,0.0010084033613445343
Q164,818,Q41,0.0,0.0
Q164,818,Q42,0.0,0.0
Q164,818,Q43,0.0,0.0
Q164,818,Q44,0.0,0.0
Q164,818,Q45,0.0,0.0
Q164,818,Q46,0.0,0.0
Q164,818,Q47,-0.0001687763713080148,0.0003375527426160296
Q164,818,Q48,0.0,0.0
Q164,818,Q49,0.0,0.0
Q164,818,Q50,-0.00042194092827003705,0.0008438818565400741
Q164,818,Q51,0.0,0.0
Q164,818,Q52,0.0,0.0
Q164,818,Q53,0.0,0.0
Q164,818,Q54,-0.0005063291139240445,0.001012658227848089
Q164,818,Q55,0.0,0.0
Q164,818,Q56,0.0,0.0
Q164,818,Q57,0.0,0.0
Q164,818,Q58,0.0,0.0
Q164,818,Q59,0.0,0.0
Q164,818,Q60,0.0,0.0
Q164,818,Q61,0.0,0.0
Q164,818,Q62,-0.0005907172995780519,0.0011814345991561037
Q164,818,Q63,-0.000588235294117645,0.00117647058823529
Q164,818,Q64,0.0,0.0
Q164,818,Q66,-0.0003375527426160296,0.0006751054852320592
Q164,818,Q67,0.0,0.0
Q164,818,Q68,0.0,0.0
Q164,818,Q72,0.0,0.0
Q164,818,Q73,0.0,0.0
Q164,818,Q74,-0.0005063291139240445,0.001012658227848089
Q164,818,Q75,0.0,0.0
Q164,818,Q77,-8.43881856540074e-05,0.0001687763713080148
Q164,818,Q78,0.0,0.0
Q164,818,Q79,0.0,0.0
Q164,818,Q80,0.0,0.0
Q164,818,Q81,0.0,0.0
Q164,818,Q82,0.0,0.0
Q164,818,Q82_ARABLEAGUE,0.0,0.0
Q164,818,Q82_GULFCOOP,0.0,0.0
Q164,818,Q82_ISLCOOP,0.0,0.0
Q164,818,Q82_UNDP,0.0,0.0
Q164,818,Q83,0.0,0.0
Q164,818,Q84,0.0,0.0
Q164,818,Q85,0.0,0.0
Q164,818,Q86,0.0,0.0
Q164,818,Q87,0.0,0.0
Q164,818,Q88,0.0,0.0
Q164,818,Q89,0.0,0.0
Q164,818,Q90,0.0,0.0
Q164,818,Q91,0.0,0.0
Q164,818,Q92,0.0,0.0
Q164,818,Q93,0.0,0.0
Q164,818,Q94,0.0,0.0
Q164,818,Q95,0.0,0.0
Q164,818,Q96,0.0,0.0
Q164,818,Q97,0.0,0.0
Q164,818,Q98,0.0,0.0
Q164,818,Q99,0.0,0.0
Q164,818,Q100,0.0,0.0
Q164,818,Q101,0.0,0.0
Q164,818,Q102,0.0,0.0
Q164,818,Q103,0.0,0.0
Q164,818,Q104,0.0,0.0
Q164,818,Q105,0.0,0.0
Q164,818,Q106,-0.0009264971811509337,0.0011428713203772386
Q164,818,Q107,8.403361344537786e-05,0.0001680672268907557
Q164,818,Q108,-0.0003375527426160296,0.0006751054852320592
Q164,818,Q109,0.0,0.0
Q164,818,Q110,0.0,0.0
Q164,818,Q111,0.0,0.0
Q164,818,Q112,0.0,0.0
Q164,818,Q119,0.0,0.0
Q164,818,Q120,0.0,0.0
Q164,818,Q121,-0.0005907172995780519,0.0011814345991561037
Q164,818,Q122,0.0,0.0
Q164,818,Q123,0.0,0.0
Q164,818,Q124,0.0,0.0
Q164,818,Q125,0.0,0.0
Q164,818,Q126,0.0,0.0
Q164,818,Q127,0.0,0.0
Q164,818,Q128,0.0,0.0
Q164,818,Q129,0.0,0.0
Q164,818,Q130,-0.0005907172995780519,0.0011814345991561037
Q164,818,Q131,0.0,0.0
Q164,818,Q132,0.0,0.0
Q164,818,Q133,0.0,0.0
Q164,818,Q135,0.0,0.0
Q164,818,Q136,-0.00042194092827003705,0.0008438818565400741
Q164,818,Q137,0.0,0.0
Q164,818,Q139,0.0,0.0
Q164,818,Q140,0.0,0.0
Q164,818,Q142,0.0,0.0
Q164,818,Q143,0.0,0.0
Q164,818,Q144,0.0,0.0
Q164,818,Q145,0.0,0.0
Q164,818,Q149,0.0,0.0
Q164,818,Q150,0.0,0.0
Q164,818,Q151,-0.0005907172995780519,0.0011814345991561037
Q164,818,Q152,0.0,0.0
Q164,818,Q153,-0.00025316455696202224,0.0005063291139240445
Q164,818,Q154,0.0,0.0
Q164,818,Q155,0.0,0.0
Q164,818,Q156,0.0,0.0
Q164,818,Q157,0.0,0.0
Q164,818,Q158,0.0,0.0
Q164,818,Q159,-0.0001687763713080148,0.0003375527426160296
Q164,818,Q160,0.0,0.0
Q164,818,Q161,-0.0005907172995780519,0.0011814345991561037
Q164,818,Q162,0.000505974541715426,0.0009003897503859059
Q164,818,Q163,0.0,0.0
Q164,818,Q166,0.0,0.0
Q164,818,Q167,0.0,0.0
Q164,818,Q168,0.0,0.0
Q164,818,Q169,0.0,0.0
Q164,818,Q171,0.0,0.0
Q164,818,Q172,0.0,0.0
Q164,818,Q173,0.0,0.0
Q164,818,Q174,0.0,0.0
Q164,818,Q175,0.0,0.0
Q164,818,Q176,-0.0001687763713080148,0.0003375527426160296
Q164,818,Q177,0.0,0.0
Q164,818,Q178,0.0,0.0
Q164,818,Q179,0.0,0.0
Q164,818,Q180,0.0,0.0
Q164,818,Q181,0.0,0.0
Q164,818,Q184,0.0,0.0
Q164,818,Q185,0.0,0.0
Q164,818,Q187,0.0,0.0
Q164,818,Q188,-0.0003386164592419116,0.0013956531453499972
Q164,818,Q189,0.0,0.0
Q164,818,Q190,0.0,0.0
Q164,818,Q191,0.0,0.0
Q164,818,Q192,0.0,0.0
Q164,818,Q194,0.0,0.0
Q164,818,Q195,-0.0003375527426160296,0.0006751054852320592
Q164,818,Q199,-0.0006751054852320592,0.0013502109704641185
Q164,818,Q200,-0.0003375527426160296,0.0006751054852320592
Q164,818,Q201,0.0,0.0
Q164,818,Q202,0.0,0.0
Q164,818,Q203,0.0,0.0
Q164,818,Q204,0.0,0.0
Q164,818,Q205,0.0,0.0
Q164,818,Q206,0.0,0.0
Q164,818,Q207,0.0,0.0
Q164,818,Q208,0.0008403361344537785,0.001680672268907557
Q164,818,Q209,0.0,0.0
Q164,818,Q210,0.0,0.0
Q164,818,Q211,0.0,0.0
Q164,818,Q212,0.0,0.0
Q164,818,Q213,0.0,0.0
Q164,818,Q214,0.0,0.0
Q164,818,Q215,0.0,0.0
Q164,818,Q216,0.0,0.0
Q164,818,Q221,0.0,0.0
Q164,818,Q222,0.0,0.0
Q164,818,Q223,0.0,0.0
Q164,818,Q224,0.0,0.0
Q164,818,Q225,-0.0005063291139240445,0.001012658227848089
Q164,818,Q227,0.0,0.0
Q164,818,Q228,0.0,0.0
Q164,818,Q229,0.0,0.0
Q164,818,Q230,0.0,0.0
Q164,818,Q231,0.0,0.0
Q164,818,Q232,0.0,0.0
Q164,818,Q233,0.0,0.0
Q164,818,Q234,0.0,0.0
Q164,818,Q234A,0.0,0.0
Q164,818,Q235,0.00016806722689077124,0.0016076576865301884
Q164,818,Q236,0.0,0.0
Q164,818,Q238,0.0,0.0
Q164,818,Q239,0.0,0.0
Q164,818,Q241,0.0,0.0
Q164,818,Q242,0.0,0.0
Q164,818,Q243,-0.00042194092827003705,0.0008438818565400741
Q164,818,Q244,-0.0005063291139240445,0.001012658227848089
Q164,818,Q246,-0.0006751054852320592,0.0013502109704641185
Q164,818,Q247,-0.0003375527426160296,0.0006751054852320592
Q164,818,Q248,-0.0005063291139240445,0.001012658227848089
Q164,818,Q249,0.0,0.0
Q164,818,Q250,-0.0006751054852320592,0.0013502109704641185
Q164,818,Q251,0.0,0.0
Q164,818,Q253,0.0,0.0
Q164,818,Q254,0.0,0.0
Q164,818,Q255,0.0,0.0
Q164,818,Q256,0.0,0.0
Q164,818,Q257,0.0,0.0
Q164,818,Q258,0.0,0.0
Q164,818,Q259,-0.0001687763713080148,0.0003375527426160296
